Station,Start_Date,End_Date,Start_Date_Start_Time,End_Date_End_Time,Survey_Type,Gross_ID,Common_Name,Tadpole_phase,Family,Genus,Species,Segment,Seg_dist_m,Parent_Trail_LongName,Height_of_Individual,Habitat_Type,Diurnal_Nocturnal
TBS,6/3/2025,6/3/2025,6/3/2025 20:49,6/3/2025 23:05,Night,Frog,Cocha Chirping Frog,foam_nest_in_litter,Leptodactylidae,Adenomera,andreae,CHIO-02,1000,Numa-Chichico,G,Varzea,Nocturnal
YRS,6/9/2025,6/9/2025,6/9/2025 20:15,6/9/2025 23:03,Night,Frog,Cocha Chirping Frog,foam_nest_in_litter,Leptodactylidae,Adenomera,andreae,NAPO-04,220,Chorongo-Kinkajou-Napo-Bariso-Tinamou-Botanico,G,Varzea,Nocturnal
YRS,6/9/2025,6/9/2025,6/9/2025 20:15,6/9/2025 23:03,Night,Frog,Cocha Chirping Frog,foam_nest_in_litter,Leptodactylidae,Adenomera,andreae,BARI-01,340,Chorongo-Kinkajou-Napo-Bariso-Tinamou-Botanico,G,Varzea,Nocturnal
YRS,6/12/2025,6/12/2025,6/12/2025 20:01,6/12/2025 22:53,Night,Frog,Cocha Chirping Frog,foam_nest_in_litter,Leptodactylidae,Adenomera,andreae,GAWA-02,650,Gawape-Chorongo-Kinkajou-Napo-Tucan-Garza,U,Varzea,Nocturnal
TBS,6/21/2025,6/21/2025,6/21/2025 20:43,6/21/2025 23:53,Night,Frog,Cocha Chirping Frog,foam_nest_in_litter,Leptodactylidae,Adenomera,andreae,PARA-01,3522,Parahuaco,G,Varzea,Nocturnal
TBS,6/21/2025,6/21/2025,6/21/2025 20:43,6/21/2025 23:53,Night,Frog,Cocha Chirping Frog,foam_nest_in_litter,Leptodactylidae,Adenomera,andreae,PARA-01,3522,Parahuaco,G,Varzea,Nocturnal
TBS,6/23/2025,6/23/2025,6/23/2025 14:52,6/23/2025 17:22,Afternoon,Frog,Cocha Chirping Frog,foam_nest_in_litter,Leptodactylidae,Adenomera,andreae,HARP-03,940,Harpia-Mata Mata,G,Varzea,Nocturnal
TBS,6/26/2025,6/26/2025,6/26/2025 14:10,6/26/2025 15:49,Afternoon,Frog,Cocha Chirping Frog,foam_nest_in_litter,Leptodactylidae,Adenomera,andreae,GUAC-04,1912,Guacamayo,G,Terrafirme,Nocturnal
TBS,6/30/2025,6/30/2025,6/30/2025 20:12,6/30/2025 23:15,Night,Frog,Cocha Chirping Frog,foam_nest_in_litter,Leptodactylidae,Adenomera,andreae,PUPL-05,105,Puma-Puma Plot,G,Varzea,Nocturnal
YRS,7/4/2025,7/4/2025,7/4/2025 20:21,7/4/2025 23:39,Night,Frog,Cocha Chirping Frog,foam_nest_in_litter,Leptodactylidae,Adenomera,andreae,FPPE-05,291,Forest Plot Perimeter,G,Terrafirme,Nocturnal
YRS,7/11/2025,7/11/2025,7/11/2025 20:14,7/11/2025 22:40,Night,Frog,Cocha Chirping Frog,foam_nest_in_litter,Leptodactylidae,Adenomera,andreae,GAWA-01,272,Gawape-Chorongo-Kinkajou,G,Varzea,Nocturnal
YRS,7/11/2025,7/11/2025,7/11/2025 20:14,7/11/2025 22:40,Night,Frog,Cocha Chirping Frog,foam_nest_in_litter,Leptodactylidae,Adenomera,andreae,GAWA-03,692,Gawape-Chorongo-Kinkajou,G,Varzea,Nocturnal
YRS,7/11/2025,7/11/2025,7/11/2025 20:14,7/11/2025 22:40,Night,Frog,Cocha Chirping Frog,foam_nest_in_litter,Leptodactylidae,Adenomera,andreae,GAWA-03,692,Gawape-Chorongo-Kinkajou,G,Varzea,Nocturnal
YRS,7/14/2025,7/14/2025,7/14/2025 20:34,7/14/2025 22:56,Night,Frog,Cocha Chirping Frog,foam_nest_in_litter,Leptodactylidae,Adenomera,andreae,MIRA-01,550,Mirador,G,Varzea,Nocturnal
TBS,6/3/2025,6/3/2025,6/3/2025 20:49,6/3/2025 23:05,Night,Frog,Tropical Bullfrogs,Yes,Leptodactylidae,Adenomera,NA,CHIO-02,1000,Numa-Chichico,G,Varzea,Nocturnal
TBS,6/5/2024,6/5/2024,6/5/2024 14:20,6/5/2024 15:57,Afternoon,Frog,Spotted-thighed Poison Frog,Yes,Aromobatidae,Allobates,femoralis,TCHO-02,830,Chorongo-Mata Mata,G,Terrafirme,Diurnal
TBS,6/5/2024,6/5/2024,6/5/2024 14:20,6/5/2024 15:57,Afternoon,Frog,Spotted-thighed Poison Frog,Yes,Aromobatidae,Allobates,femoralis,TCHO-02,830,Chorongo-Mata Mata,G,Terrafirme,Diurnal
TBS,6/8/2025,6/8/2025,6/8/2025 13:47,6/8/2025 16:03,Afternoon,Frog,Spotted-thighed Poison Frog,Yes,Aromobatidae,Allobates,femoralis,PARA-01,3522,Parahuaco,G,Varzea,Diurnal
TBS,6/8/2025,6/8/2025,6/8/2025 13:47,6/8/2025 16:03,Afternoon,Frog,Spotted-thighed Poison Frog,Yes,Aromobatidae,Allobates,femoralis,PARA-01,3522,Parahuaco,G,Varzea,Diurnal
TBS,6/8/2025,6/8/2025,6/8/2025 13:47,6/8/2025 16:03,Afternoon,Frog,Spotted-thighed Poison Frog,Yes,Aromobatidae,Allobates,femoralis,PARA-01,3522,Parahuaco,G,Varzea,Diurnal
TBS,6/8/2025,6/8/2025,6/8/2025 13:47,6/8/2025 16:03,Afternoon,Frog,Spotted-thighed Poison Frog,Yes,Aromobatidae,Allobates,femoralis,PARA-01,3522,Parahuaco,G,Varzea,Diurnal
TBS,6/23/2025,6/23/2025,6/23/2025 14:52,6/23/2025 17:22,Afternoon,Frog,Spotted-thighed Poison Frog,Yes,Aromobatidae,Allobates,femoralis,HARP-04,511,Harpia-Mata Mata,G,Varzea,Diurnal
TBS,6/30/2025,6/30/2025,6/30/2025 20:12,6/30/2025 23:15,Night,Frog,Spotted-thighed Poison Frog,Yes,Aromobatidae,Allobates,femoralis,PUPL-02,652,Puma-Puma Plot,G,Varzea,Diurnal
YRS,7/5/2025,7/5/2025,7/5/2025 14:45,7/5/2025 16:12,Afternoon,Frog,Spotted-thighed Poison Frog,Yes,Aromobatidae,Allobates,femoralis,YCHO-01,1230,Chorongo-Kinkajou-Napo-Tucan,U,Terrafirme,Diurnal
YRS,7/5/2025,7/5/2025,7/5/2025 14:45,7/5/2025 16:12,Afternoon,Frog,Spotted-thighed Poison Frog,Yes,Aromobatidae,Allobates,femoralis,YCHO-01,1230,Chorongo-Kinkajou-Napo-Tucan,G,Terrafirme,Diurnal
YRS,7/8/2025,7/8/2025,7/8/2025 14:32,7/8/2025 16:40,Afternoon,Frog,Spotted-thighed Poison Frog,Yes,Aromobatidae,Allobates,femoralis,COCA-01,301,Coca-Ceiba-Peru-Renacuajo-Peru,G,Terrafirme,Diurnal
YRS,6/27/2024,6/27/2024,6/27/2024 20:07,6/27/2024 23:04,Night,Frog,Spotted-thighed Poison Frog,Yes,Aromobatidae,Allobates,femoralis,BOTA-01,142,Chorongo-Kinkajou-Napo-Bariso-Tinamou-Botanico,G,Terrafirme,Diurnal
TBS,7/15/2024,7/15/2024,7/15/2024 20:14,7/15/2024 23:42,Night,Frog,Spotted-thighed Poison Frog,Yes,Aromobatidae,Allobates,femoralis,LAGO-02,1450,Anaconda-Lago,G,Varzea,Diurnal
YRS,6/15/2025,6/15/2025,6/15/2025 20:34,6/15/2025 23:24,Night,Frog,Ecuador Poison Frog,Yes,Dendrobatidae,Ameerega,bilinguis,FPIN-01,1053,Torre-Forest Plot Perimeter-Forest Plot Interior-Forest Plot Perimeter,U,Terrafirme,Diurnal
YRS,6/18/2025,6/18/2025,6/18/2025 20:47,6/18/2025 22:56,Night,Frog,Ecuador Poison Frog,Yes,Dendrobatidae,Ameerega,bilinguis,MIRA-04,760,Mirador,G,Varzea,Diurnal
YRS,6/18/2025,6/18/2025,6/18/2025 20:47,6/18/2025 22:56,Night,Frog,Ecuador Poison Frog,Yes,Dendrobatidae,Ameerega,bilinguis,MIRA-04,760,Mirador,U,Terrafirme,Diurnal
TBS,6/23/2025,6/23/2025,6/23/2025 14:52,6/23/2025 17:22,Afternoon,Frog,Ecuador Poison Frog,Yes,Dendrobatidae,Ameerega,bilinguis,HARP-04,511,Harpia-Mata Mata,G,Varzea,Diurnal
TBS,6/23/2025,6/23/2025,6/23/2025 14:52,6/23/2025 17:22,Afternoon,Frog,Ecuador Poison Frog,Yes,Dendrobatidae,Ameerega,bilinguis,HARP-03,940,Harpia-Mata Mata,G,Varzea,Diurnal
TBS,6/23/2025,6/23/2025,6/23/2025 14:52,6/23/2025 17:22,Afternoon,Frog,Ecuador Poison Frog,Yes,Dendrobatidae,Ameerega,bilinguis,HARP-03,940,Harpia-Mata Mata,G,Terrafirme,Diurnal
TBS,6/23/2025,6/23/2025,6/23/2025 14:52,6/23/2025 17:22,Afternoon,Frog,Ecuador Poison Frog,Yes,Dendrobatidae,Ameerega,bilinguis,MATA-01,1030,Harpia-Mata Mata,G,Varzea,Diurnal
TBS,6/25/2025,6/25/2025,6/25/2025 20:00,6/25/2025 22:22,Night,Frog,Ecuador Poison Frog,Yes,Dendrobatidae,Ameerega,bilinguis,HAPL-01,2220,Harpia Plot-Harpia,U,Terrafirme,Diurnal
TBS,6/26/2025,6/26/2025,6/26/2025 14:10,6/26/2025 15:49,Afternoon,Frog,Ecuador Poison Frog,Yes,Dendrobatidae,Ameerega,bilinguis,GUAC-04,1912,Guacamayo,G,Varzea,Diurnal
TBS,6/26/2025,6/26/2025,6/26/2025 14:10,6/26/2025 15:49,Afternoon,Frog,Ecuador Poison Frog,Yes,Dendrobatidae,Ameerega,bilinguis,GUAC-04,1912,Guacamayo,G,Varzea,Diurnal
TBS,6/26/2025,6/26/2025,6/26/2025 14:10,6/26/2025 15:49,Afternoon,Frog,Ecuador Poison Frog,Yes,Dendrobatidae,Ameerega,bilinguis,GUAC-04,1912,Guacamayo,G,Varzea,Diurnal
TBS,6/30/2025,6/30/2025,6/30/2025 14:34,6/30/2025 15:37,Afternoon,Frog,Ecuador Poison Frog,Yes,Dendrobatidae,Ameerega,bilinguis,HARP-02,1744,Harpia,G,Terrafirme,Diurnal
TBS,7/1/2025,7/1/2025,7/1/2025 14:34,7/1/2025 15:48,Afternoon,Frog,Ecuador Poison Frog,Yes,Dendrobatidae,Ameerega,bilinguis,MAPO-04,387,Matapalo-Chichico-Numa,G,Terrafirme,Diurnal
TBS,7/1/2025,7/1/2025,7/1/2025 14:34,7/1/2025 15:48,Afternoon,Frog,Ecuador Poison Frog,Yes,Dendrobatidae,Ameerega,bilinguis,MAPO-04,387,Matapalo-Chichico-Numa,U,Varzea,Diurnal
YRS,7/4/2025,7/4/2025,7/4/2025 20:21,7/4/2025 23:39,Night,Frog,Ecuador Poison Frog,Yes,Dendrobatidae,Ameerega,bilinguis,FPPE-05,291,Forest Plot Perimeter,U,Terrafirme,Diurnal
YRS,7/5/2025,7/5/2025,7/5/2025 20:26,7/5/2025 23:30,Night,Frog,Ecuador Poison Frog,Yes,Dendrobatidae,Ameerega,bilinguis,COCA-01,301,Coca-Ceiba-Peru-Tiputini-Peru,U,Terrafirme,Diurnal
YRS,7/5/2025,7/5/2025,7/5/2025 20:26,7/5/2025 23:30,Night,Frog,Ecuador Poison Frog,Yes,Dendrobatidae,Ameerega,bilinguis,PERU-04,259,Coca-Ceiba-Peru-Tiputini-Peru,U,Terrafirme,Diurnal
YRS,7/6/2025,7/6/2025,7/6/2025 20:13,7/6/2025 22:38,Night,Frog,Ecuador Poison Frog,Yes,Dendrobatidae,Ameerega,bilinguis,TORR-01,900,Chorongo-Kinkajou-Napo-Tucan-Garza-Napo,G,Terrafirme,Diurnal
YRS,7/6/2025,7/6/2025,7/6/2025 20:13,7/6/2025 22:38,Night,Frog,Ecuador Poison Frog,Yes,Dendrobatidae,Ameerega,bilinguis,TORR-01,900,Chorongo-Kinkajou-Napo-Tucan-Garza-Napo,G,Terrafirme,Diurnal
YRS,7/7/2025,7/7/2025,7/7/2025 20:26,7/7/2025 23:02,Night,Frog,Ecuador Poison Frog,Yes,Dendrobatidae,Ameerega,bilinguis,TORR-01,900,Torre-Forest Plot Perimeter-Forest Plot Interior-Forest Plot Perimeter,U,Terrafirme,Diurnal
YRS,7/7/2025,7/7/2025,7/7/2025 20:26,7/7/2025 23:02,Night,Frog,Ecuador Poison Frog,Yes,Dendrobatidae,Ameerega,bilinguis,FPIN-01,1053,Torre-Forest Plot Perimeter-Forest Plot Interior-Forest Plot Perimeter,U,Terrafirme,Diurnal
YRS,7/8/2025,7/8/2025,7/8/2025 14:32,7/8/2025 16:40,Afternoon,Frog,Ecuador Poison Frog,Yes,Dendrobatidae,Ameerega,bilinguis,CEIB-02,463,Coca-Ceiba-Peru-Renacuajo-Peru,G,Terrafirme,Diurnal
YRS,7/8/2025,7/8/2025,7/8/2025 14:32,7/8/2025 16:40,Afternoon,Frog,Ecuador Poison Frog,Yes,Dendrobatidae,Ameerega,bilinguis,RENA-01,272,Coca-Ceiba-Peru-Renacuajo-Peru,G,Terrafirme,Diurnal
YRS,7/8/2025,7/8/2025,7/8/2025 20:18,7/8/2025 22:59,Night,Frog,Ecuador Poison Frog,Yes,Dendrobatidae,Ameerega,bilinguis,PANT-01,103,Pantano-Napo-Bariso-Timatai-Tinamou-Botanico-Gran Ficus-Botanico,U,Varzea,Diurnal
YRS,7/8/2025,7/8/2025,7/8/2025 20:18,7/8/2025 22:59,Night,Frog,Ecuador Poison Frog,Yes,Dendrobatidae,Ameerega,bilinguis,BOTA-02,69,Pantano-Napo-Bariso-Timatai-Tinamou-Botanico-Gran Ficus-Botanico,U,Terrafirme,Diurnal
YRS,7/12/2025,7/12/2025,7/12/2025 14:48,7/12/2025 16:20,Afternoon,Frog,Ecuador Poison Frog,Yes,Dendrobatidae,Ameerega,bilinguis,FPPE-01,171,Forest Plot Perimeter-Forest Plot Interior-Forest Plot Perimeter,G,Terrafirme,Diurnal
YRS,7/13/2025,7/13/2025,7/13/2025 20:51,7/13/2025 22:41,Night,Frog,Ecuador Poison Frog,Yes,Dendrobatidae,Ameerega,bilinguis,TINA-02,509,Botanico-Tinamou-Napo-Timatai-Bariso,G,Terrafirme,Diurnal
YRS,7/15/2025,7/15/2025,7/15/2025 14:24,7/15/2025 16:16,Afternoon,Frog,Ecuador Poison Frog,Yes,Dendrobatidae,Ameerega,bilinguis,NAPO-04,220,Napo-Tinamou-Botanico,G,Terrafirme,Diurnal
YRS,7/15/2025,7/15/2025,7/15/2025 14:24,7/15/2025 16:16,Afternoon,Frog,Ecuador Poison Frog,Yes,Dendrobatidae,Ameerega,bilinguis,NAPO-04,220,Napo-Tinamou-Botanico,G,Terrafirme,Diurnal
YRS,7/15/2025,7/15/2025,7/15/2025 14:24,7/15/2025 16:16,Afternoon,Frog,Ecuador Poison Frog,Yes,Dendrobatidae,Ameerega,bilinguis,NAPO-02,419,Napo-Tinamou-Botanico,G,Terrafirme,Diurnal
YRS,7/15/2025,7/15/2025,7/15/2025 14:24,7/15/2025 16:16,Afternoon,Frog,Ecuador Poison Frog,Yes,Dendrobatidae,Ameerega,bilinguis,NAPO-02,419,Napo-Tinamou-Botanico,G,Terrafirme,Diurnal
YRS,7/15/2025,7/15/2025,7/15/2025 14:24,7/15/2025 16:16,Afternoon,Frog,Ecuador Poison Frog,Yes,Dendrobatidae,Ameerega,bilinguis,BOTA-03,250,Napo-Tinamou-Botanico,G,Terrafirme,Diurnal
YRS,7/6/2024,7/6/2024,7/6/2024 20:29,7/6/2024 23:28,Night,Frog,Ecuador Poison Frog,Yes,Dendrobatidae,Ameerega,bilinguis,FPPE-02,2520,Forest Plot Perimeter,G,Varzea,Diurnal
YRS,7/6/2024,7/6/2024,7/6/2024 20:29,7/6/2024 23:28,Night,Frog,Ecuador Poison Frog,Yes,Dendrobatidae,Ameerega,bilinguis,FPPE-02,2520,Forest Plot Perimeter,U,Terrafirme,Diurnal
TBS,7/20/2024,7/20/2024,7/20/2024 20:06,7/20/2024 23:51,Night,Frog,Ecuador Poison Frog,Yes,Dendrobatidae,Ameerega,bilinguis,PUPL-11,324,Puma-Puma Plot,G,Terrafirme,Diurnal
YRS,7/26/2024,7/26/2024,7/26/2024 20:02,7/26/2024 22:54,Night,Frog,Ecuador Poison Frog,Yes,Dendrobatidae,Ameerega,bilinguis,GARZ-01,223,Gawape-Garza-Tucan-Napo-Kinkajou-Chorongo-Tucan-Gawape,U,Terrafirme,Diurnal
YRS,7/28/2024,7/28/2024,7/28/2024 20:27,7/28/2024 23:31,Night,Frog,Ecuador Poison Frog,Yes,Dendrobatidae,Ameerega,bilinguis,PERU-05,301,Peru-Ceiba,U,Varzea,Diurnal
YRS,7/29/2024,7/29/2024,7/29/2024 20:20,7/29/2024 22:48,Night,Frog,Ecuador Poison Frog,Yes,Dendrobatidae,Ameerega,bilinguis,KINK-01,321,Chorongo-Kinkajou-Napo-Bariso-Tinamou-Botanico,U,Varzea,Diurnal
YRS,7/31/2024,7/31/2024,7/31/2024 20:38,7/31/2024 23:53,Night,Frog,Ecuador Poison Frog,Yes,Dendrobatidae,Ameerega,bilinguis,TORR-01,900,Torre-Forest Plot North Edge-Forest Plot Interior,U,Terrafirme,Diurnal
YRS,6/11/2025,6/11/2025,6/11/2025 15:06,6/11/2025 17:43,Afternoon,Frog,Pale-striped Poison Frog,Yes,Dendrobatidae,Ameerega,hahneli,FPPE-02,2520,Forest Plot Perimeter,G,Terrafirme,Diurnal
YRS,6/11/2025,6/11/2025,6/11/2025 15:06,6/11/2025 17:43,Afternoon,Frog,Pale-striped Poison Frog,Yes,Dendrobatidae,Ameerega,hahneli,FPPE-02,2520,Forest Plot Perimeter,G,Terrafirme,Diurnal
TBS,6/21/2025,6/21/2025,6/21/2025 20:43,6/21/2025 23:53,Night,Frog,Pale-striped Poison Frog,Yes,Dendrobatidae,Ameerega,hahneli,PARA-01,3522,Parahuaco,G,Varzea,Diurnal
TBS,6/23/2025,6/23/2025,6/23/2025 20:12,6/23/2025 23:04,Night,Frog,Pale-striped Poison Frog,Yes,Dendrobatidae,Ameerega,hahneli,PUMA-01,750,Puma-Puma Plot,G,Terrafirme,Diurnal
YRS,7/5/2025,7/5/2025,7/5/2025 14:45,7/5/2025 16:12,Afternoon,Frog,Pale-striped Poison Frog,Yes,Dendrobatidae,Ameerega,hahneli,YCHO-01,1230,Chorongo-Kinkajou-Napo-Tucan,G,Terrafirme,Diurnal
YRS,7/5/2025,7/5/2025,7/5/2025 20:26,7/5/2025 23:30,Night,Frog,Pale-striped Poison Frog,Yes,Dendrobatidae,Ameerega,hahneli,PERU-05,301,Coca-Ceiba-Peru-Tiputini-Peru,G,Varzea,Diurnal
YRS,7/8/2025,7/8/2025,7/8/2025 20:18,7/8/2025 22:59,Night,Frog,Pale-striped Poison Frog,Yes,Dendrobatidae,Ameerega,hahneli,NAPO-03,157,Pantano-Napo-Bariso-Timatai-Tinamou-Botanico-Gran Ficus-Botanico,G,Terrafirme,Diurnal
YRS,7/14/2025,7/14/2025,7/14/2025 20:34,7/14/2025 22:56,Night,Frog,Pale-striped Poison Frog,Yes,Dendrobatidae,Ameerega,hahneli,MIRA-01,550,Mirador,G,Varzea,Diurnal
YRS,7/14/2025,7/14/2025,7/14/2025 20:34,7/14/2025 22:56,Night,Frog,Pale-striped Poison Frog,Yes,Dendrobatidae,Ameerega,hahneli,MIRA-01,550,Mirador,G,Varzea,Diurnal
YRS,7/15/2025,7/15/2025,7/15/2025 14:24,7/15/2025 16:16,Afternoon,Frog,Pale-striped Poison Frog,Yes,Dendrobatidae,Ameerega,hahneli,NAPO-03,157,Napo-Tinamou-Botanico,G,Terrafirme,Diurnal
YRS,7/15/2025,7/15/2025,7/15/2025 14:24,7/15/2025 16:16,Afternoon,Frog,Pale-striped Poison Frog,Yes,Dendrobatidae,Ameerega,hahneli,NAPO-01,135,Napo-Tinamou-Botanico,G,Terrafirme,Diurnal
YRS,7/6/2024,7/6/2024,7/6/2024 20:29,7/6/2024 23:28,Night,Frog,Pale-striped Poison Frog,Yes,Dendrobatidae,Ameerega,hahneli,FPPE-02,2520,Forest Plot Perimeter,U,Varzea,Diurnal
YRS,6/9/2025,6/9/2025,6/9/2025 20:15,6/9/2025 23:03,Night,Frog,Basin Tree Frog,Yes,Hylidae,Boana,lanciformis,TINA-01,65,Chorongo-Kinkajou-Napo-Bariso-Tinamou-Botanico,U,Varzea,Nocturnal
YRS,6/9/2025,6/9/2025,6/9/2025 20:15,6/9/2025 23:03,Night,Frog,Basin Tree Frog,Yes,Hylidae,Boana,lanciformis,TINA-01,65,Chorongo-Kinkajou-Napo-Bariso-Tinamou-Botanico,U,Varzea,Nocturnal
YRS,6/10/2025,6/10/2025,6/10/2025 20:07,6/10/2025 22:33,Night,Frog,Basin Tree Frog,Yes,Hylidae,Boana,lanciformis,PERU-05,301,Ceiba-Peru,U,Varzea,Nocturnal
YRS,6/14/2025,6/14/2025,6/14/2025 20:04,6/14/2025 22:40,Night,Frog,Basin Tree Frog,Yes,Hylidae,Boana,lanciformis,BOTA-03,250,Botanico-Tinamou-Napo-Bariso-Timatai-Napo-Pantano-Botanico-Gran Ficus,U,Varzea,Nocturnal
YRS,6/18/2025,6/18/2025,6/18/2025 20:47,6/18/2025 22:56,Night,Frog,Basin Tree Frog,Yes,Hylidae,Boana,lanciformis,MIRA-01,550,Mirador,U,Terrafirme,Nocturnal
TBS,6/25/2025,6/25/2025,6/25/2025 20:00,6/25/2025 22:22,Night,Frog,Basin Tree Frog,Yes,Hylidae,Boana,lanciformis,HAPL-01,2220,Harpia Plot-Harpia,U,Varzea,Nocturnal
TBS,7/1/2025,7/1/2025,7/1/2025 20:48,7/1/2025 23:22,Night,Frog,Basin Tree Frog,Yes,Hylidae,Boana,lanciformis,HAPL-01,2220,Harpia Plot-Harpia,U,Terrafirme,Nocturnal
TBS,6/23/2024,6/23/2024,6/23/2024 20:00,6/23/2024 22:36,Night,Frog,Basin Tree Frog,Yes,Hylidae,Boana,lanciformis,MUPO-01,410,Matapalo-Murcielago-Puentes-Murcielago Pond-Puentes-Murcielago-Matapalo,G,Varzea,Nocturnal
YRS,7/3/2024,7/3/2024,7/3/2024 20:11,7/3/2024 23:07,Night,Frog,Basin Tree Frog,Yes,Hylidae,Boana,lanciformis,PERU-05,301,Ceiba-Peru,U,Varzea,Nocturnal
YRS,7/26/2024,7/26/2024,7/26/2024 20:02,7/26/2024 22:54,Night,Frog,Basin Tree Frog,Yes,Hylidae,Boana,lanciformis,GAWA-03,692,Gawape-Garza-Tucan-Napo-Kinkajou-Chorongo-Tucan-Gawape,U,Varzea,Nocturnal
YRS,8/1/2024,8/1/2024,8/1/2024 20:07,8/1/2024 22:19,Night,Frog,Basin Tree Frog,Yes,Hylidae,Boana,lanciformis,BOTA-03,250,Tinamou-Napo-Pantano-Botanico-Gran Ficus,U,Varzea,Nocturnal
YRS,6/10/2025,6/10/2025,6/10/2025 20:07,6/10/2025 22:33,Night,Frog,Canelos Treefrog,Yes,Hylidae,Boana,appendiculata,CEIB-01,490,Ceiba-Peru,U,Terrafirme,Nocturnal
TBS,6/25/2025,6/25/2025,6/25/2025 20:00,6/25/2025 22:22,Night,Frog,Canelos Treefrog,Yes,Hylidae,Boana,appendiculata,HAPL-01,2220,Harpia Plot-Harpia,U,Varzea,Nocturnal
TBS,6/25/2025,6/25/2025,6/25/2025 20:00,6/25/2025 22:22,Night,Frog,Canelos Treefrog,Yes,Hylidae,Boana,appendiculata,HAPL-01,2220,Harpia Plot-Harpia,U,Varzea,Nocturnal
TBS,6/25/2025,6/25/2025,6/25/2025 20:00,6/25/2025 22:22,Night,Frog,Canelos Treefrog,Yes,Hylidae,Boana,appendiculata,HAPL-01,2220,Harpia Plot-Harpia,U,Varzea,Nocturnal
YRS,7/4/2025,7/4/2025,7/4/2025 20:21,7/4/2025 23:39,Night,Frog,Canelos Treefrog,Yes,Hylidae,Boana,appendiculata,FPPE-05,291,Forest Plot Perimeter,G,Varzea,Nocturnal
YRS,7/4/2025,7/4/2025,7/4/2025 20:21,7/4/2025 23:39,Night,Frog,Canelos Treefrog,Yes,Hylidae,Boana,appendiculata,FPPE-05,291,Forest Plot Perimeter,U,Varzea,Nocturnal
YRS,7/5/2025,7/5/2025,7/5/2025 20:26,7/5/2025 23:30,Night,Frog,Canelos Treefrog,Yes,Hylidae,Boana,appendiculata,CEIB-02,463,Coca-Ceiba-Peru-Tiputini-Peru,U,Terrafirme,Nocturnal
YRS,7/5/2025,7/5/2025,7/5/2025 20:26,7/5/2025 23:30,Night,Frog,Canelos Treefrog,Yes,Hylidae,Boana,appendiculata,CEIB-02,463,Coca-Ceiba-Peru-Tiputini-Peru,U,Terrafirme,Nocturnal
YRS,7/13/2025,7/13/2025,7/13/2025 20:51,7/13/2025 22:41,Night,Frog,Canelos Treefrog,Yes,Hylidae,Boana,appendiculata,NAPO-02,419,Botanico-Tinamou-Napo-Timatai-Bariso,U,Terrafirme,Nocturnal
YRS,7/16/2025,7/16/2025,7/16/2025 20:21,7/16/2025 22:24,Night,Frog,Canelos Treefrog,Yes,Hylidae,Boana,appendiculata,CEIB-02,463,Coca-Ceiba-Peru-Renacuajo-Mirador,U,Terrafirme,Nocturnal
YRS,6/29/2024,6/29/2024,6/29/2024 20:04,6/29/2024 23:19,Night,Frog,Canelos Treefrog,Yes,Hylidae,Boana,appendiculata,GAWA-02,650,Gawape-Chorongo-Kinkajou-Napo-Tucan-Garza,U,Varzea,Nocturnal
YRS,6/29/2024,6/29/2024,6/29/2024 20:04,6/29/2024 23:19,Night,Frog,Canelos Treefrog,Yes,Hylidae,Boana,appendiculata,GAWA-02,650,Gawape-Chorongo-Kinkajou-Napo-Tucan-Garza,U,Varzea,Nocturnal
YRS,7/2/2024,7/2/2024,7/2/2024 20:00,7/2/2024 23:11,Night,Frog,Canelos Treefrog,Yes,Hylidae,Boana,appendiculata,FPPE-02,2520,Forest Plot Perimeter,U,Terrafirme,Nocturnal
YRS,7/3/2024,7/3/2024,7/3/2024 20:11,7/3/2024 23:07,Night,Frog,Canelos Treefrog,Yes,Hylidae,Boana,appendiculata,PERU-01,250,Ceiba-Peru,U,Terrafirme,Nocturnal
YRS,7/3/2024,7/3/2024,7/3/2024 20:11,7/3/2024 23:07,Night,Frog,Canelos Treefrog,Yes,Hylidae,Boana,appendiculata,PERU-05,301,Ceiba-Peru,U,Terrafirme,Nocturnal
YRS,7/6/2024,7/6/2024,7/6/2024 20:29,7/6/2024 23:28,Night,Frog,Canelos Treefrog,Yes,Hylidae,Boana,appendiculata,FPPE-02,2520,Forest Plot Perimeter,U,Varzea,Nocturnal
YRS,7/6/2024,7/6/2024,7/6/2024 20:29,7/6/2024 23:28,Night,Frog,Canelos Treefrog,Yes,Hylidae,Boana,appendiculata,FPPE-02,2520,Forest Plot Perimeter,U,Terrafirme,Nocturnal
YRS,7/25/2024,7/25/2024,7/25/2024 20:19,7/25/2024 22:44,Night,Frog,Canelos Treefrog,Yes,Hylidae,Boana,appendiculata,FPIN-01,1053,Forest Plot North Edge-Forest Plot Interior-Forest Plot North Edge-Torre,U,Terrafirme,Nocturnal
TBS,6/21/2024,6/21/2024,6/21/2024 20:11,6/21/2024 21:36,Night,Frog,Convict Tree Frog,Yes,Hylidae,Boana,calcarata,HARP-01,483,Matapalo-Harpia,U,Varzea,Nocturnal
YRS,6/12/2025,6/12/2025,6/12/2025 20:01,6/12/2025 22:53,Night,Frog,Convict Treefrog,Yes,Hylidae,Boana,calcarata,GAWA-03,692,Gawape-Chorongo-Kinkajou-Napo-Tucan-Garza,U,Varzea,Nocturnal
TBS,6/26/2025,6/26/2025,6/26/2025 20:01,6/26/2025 22:51,Night,Frog,Convict Treefrog,Yes,Hylidae,Boana,calcarata,MUPO-01,410,Matapalo-Murcielago-Puentes-Murcielago Pond-Matapalo-Chichico-Numa,U,Varzea,Nocturnal
TBS,6/30/2025,6/30/2025,6/30/2025 20:12,6/30/2025 23:15,Night,Frog,Convict Treefrog,Yes,Hylidae,Boana,calcarata,PUPL-10,248,Puma-Puma Plot,U,Varzea,Nocturnal
TBS,6/23/2024,6/23/2024,6/23/2024 20:00,6/23/2024 22:36,Night,Frog,Convict Treefrog,Yes,Hylidae,Boana,calcarata,MUPO-01,410,Matapalo-Murcielago-Puentes-Murcielago Pond-Puentes-Murcielago-Matapalo,U,Varzea,Nocturnal
TBS,6/23/2024,6/23/2024,6/23/2024 20:00,6/23/2024 22:36,Night,Frog,Convict Treefrog,Yes,Hylidae,Boana,calcarata,MUPO-01,410,Matapalo-Murcielago-Puentes-Murcielago Pond-Puentes-Murcielago-Matapalo,U,Varzea,Nocturnal
TBS,6/23/2024,6/23/2024,6/23/2024 20:00,6/23/2024 22:36,Night,Frog,Convict Treefrog,Yes,Hylidae,Boana,calcarata,MUPO-01,410,Matapalo-Murcielago-Puentes-Murcielago Pond-Puentes-Murcielago-Matapalo,U,Varzea,Nocturnal
TBS,6/23/2024,6/23/2024,6/23/2024 20:00,6/23/2024 22:36,Night,Frog,Convict Treefrog,Yes,Hylidae,Boana,calcarata,MUPO-01,410,Matapalo-Murcielago-Puentes-Murcielago Pond-Puentes-Murcielago-Matapalo,U,Varzea,Nocturnal
TBS,6/23/2024,6/23/2024,6/23/2024 20:00,6/23/2024 22:36,Night,Frog,Convict Treefrog,Yes,Hylidae,Boana,calcarata,MUPO-01,410,Matapalo-Murcielago-Puentes-Murcielago Pond-Puentes-Murcielago-Matapalo,U,Varzea,Nocturnal
TBS,6/23/2024,6/23/2024,6/23/2024 20:00,6/23/2024 22:36,Night,Frog,Convict Treefrog,Yes,Hylidae,Boana,calcarata,MUPO-01,410,Matapalo-Murcielago-Puentes-Murcielago Pond-Puentes-Murcielago-Matapalo,U,Varzea,Nocturnal
TBS,6/23/2024,6/23/2024,6/23/2024 20:00,6/23/2024 22:36,Night,Frog,Convict Treefrog,Yes,Hylidae,Boana,calcarata,MUPO-01,410,Matapalo-Murcielago-Puentes-Murcielago Pond-Puentes-Murcielago-Matapalo,U,Varzea,Nocturnal
TBS,6/23/2024,6/23/2024,6/23/2024 20:00,6/23/2024 22:36,Night,Frog,Convict Treefrog,Yes,Hylidae,Boana,calcarata,MUPO-01,410,Matapalo-Murcielago-Puentes-Murcielago Pond-Puentes-Murcielago-Matapalo,U,Varzea,Nocturnal
TBS,6/23/2024,6/23/2024,6/23/2024 20:00,6/23/2024 22:36,Night,Frog,Convict Treefrog,Yes,Hylidae,Boana,calcarata,MUPO-01,410,Matapalo-Murcielago-Puentes-Murcielago Pond-Puentes-Murcielago-Matapalo,U,Varzea,Nocturnal
TBS,6/23/2024,6/23/2024,6/23/2024 20:00,6/23/2024 22:36,Night,Frog,Convict Treefrog,Yes,Hylidae,Boana,calcarata,MUPO-01,410,Matapalo-Murcielago-Puentes-Murcielago Pond-Puentes-Murcielago-Matapalo,U,Varzea,Nocturnal
YRS,6/29/2024,6/29/2024,6/29/2024 20:04,6/29/2024 23:19,Night,Frog,Convict Treefrog,Yes,Hylidae,Boana,calcarata,YCHO-02,691,Gawape-Chorongo-Kinkajou-Napo-Tucan-Garza,U,Terrafirme,Nocturnal
YRS,7/6/2024,7/6/2024,7/6/2024 20:29,7/6/2024 23:28,Night,Frog,Convict Treefrog,Yes,Hylidae,Boana,calcarata,FPPE-04,662,Forest Plot Perimeter,U,Terrafirme,Nocturnal
TBS,7/15/2024,7/15/2024,7/15/2024 20:14,7/15/2024 23:42,Night,Frog,Convict Treefrog,Yes,Hylidae,Boana,calcarata,LAGO-02,1450,Anaconda-Lago,U,Varzea,Nocturnal
TBS,7/15/2024,7/15/2024,7/15/2024 20:14,7/15/2024 23:42,Night,Frog,Convict Treefrog,Yes,Hylidae,Boana,calcarata,LAGO-02,1450,Anaconda-Lago,U,Varzea,Nocturnal
TBS,7/15/2024,7/15/2024,7/15/2024 20:14,7/15/2024 23:42,Night,Frog,Convict Treefrog,Yes,Hylidae,Boana,calcarata,LAGO-02,1450,Anaconda-Lago,C,Varzea,Nocturnal
TBS,7/17/2024,7/17/2024,7/17/2024 20:14,7/17/2024 23:22,Night,Frog,Convict Treefrog,Yes,Hylidae,Boana,calcarata,PUPL-04,411,Puma-Puma Plot,U,Varzea,Nocturnal
TBS,7/17/2024,7/17/2024,7/17/2024 20:14,7/17/2024 23:22,Night,Frog,Convict Treefrog,Yes,Hylidae,Boana,calcarata,PUPL-06,139,Puma-Puma Plot,U,Varzea,Nocturnal
TBS,7/18/2024,7/18/2024,7/18/2024 20:00,7/18/2024 22:50,Night,Frog,Convict Treefrog,Yes,Hylidae,Boana,calcarata,HAPL-01,2220,Harpia Plot-Harpia-Matapalo,U,Varzea,Nocturnal
TBS,6/4/2025,6/4/2025,6/4/2025 20:12,6/4/2025 22:32,Night,Frog,Gladiator Treefrogs,Yes,Hylidae,Boana,NA,ANAC-01,388,Anaconda-Lago,U,Varzea,Nocturnal
YRS,6/10/2025,6/10/2025,6/10/2025 20:07,6/10/2025 22:33,Night,Frog,Gladiator Treefrogs,Yes,Hylidae,Boana,NA,PERU-01,250,Ceiba-Peru,U,Terrafirme,Nocturnal
YRS,6/18/2025,6/18/2025,6/18/2025 20:47,6/18/2025 22:56,Night,Frog,Gladiator Treefrogs,Yes,Hylidae,Boana,NA,MIRA-04,760,Mirador,U,Varzea,Nocturnal
TBS,6/28/2025,6/28/2025,6/28/2025 20:17,6/28/2025 22:36,Night,Frog,Gladiator Treefrogs,Yes,Hylidae,Boana,NA,PUMA-01,750,Guacamayo-Puma-Harpia-Chorongo,U,Terrafirme,Nocturnal
TBS,7/1/2025,7/1/2025,7/1/2025 20:48,7/1/2025 23:22,Night,Frog,Gladiator Treefrogs,Yes,Hylidae,Boana,NA,HAPL-01,2220,Harpia Plot-Harpia,U,Varzea,Nocturnal
TBS,7/2/2025,7/2/2025,7/2/2025 20:06,7/2/2025 22:53,Night,Frog,Gladiator Treefrogs,Yes,Hylidae,Boana,NA,LAGO-01,719,Anaconda-Lago,U,Varzea,Nocturnal
TBS,7/2/2025,7/2/2025,7/2/2025 20:06,7/2/2025 22:53,Night,Frog,Gladiator Treefrogs,Yes,Hylidae,Boana,NA,LAGO-01,719,Anaconda-Lago,U,Varzea,Nocturnal
YRS,7/4/2025,7/4/2025,7/4/2025 20:21,7/4/2025 23:39,Night,Frog,Gladiator Treefrogs,Yes,Hylidae,Boana,NA,FPPE-05,291,Forest Plot Perimeter,U,Varzea,Nocturnal
YRS,7/5/2025,7/5/2025,7/5/2025 20:26,7/5/2025 23:30,Night,Frog,Gladiator Treefrogs,Yes,Hylidae,Boana,NA,PERU-02,738,Coca-Ceiba-Peru-Tiputini-Peru,U,Terrafirme,Nocturnal
YRS,7/8/2025,7/8/2025,7/8/2025 20:18,7/8/2025 22:59,Night,Frog,Gladiator Treefrogs,Yes,Hylidae,Boana,NA,NAPO-02,419,Pantano-Napo-Bariso-Timatai-Tinamou-Botanico-Gran Ficus-Botanico,U,Terrafirme,Nocturnal
YRS,7/14/2025,7/14/2025,7/14/2025 20:34,7/14/2025 22:56,Night,Frog,Gladiator Treefrogs,Yes,Hylidae,Boana,NA,MIRA-03,158,Mirador,U,Varzea,Nocturnal
YRS,7/14/2025,7/14/2025,7/14/2025 20:34,7/14/2025 22:56,Night,Frog,Gladiator Treefrogs,Yes,Hylidae,Boana,NA,MIRA-02,592,Mirador,U,Terrafirme,Nocturnal
YRS,6/29/2024,6/29/2024,6/29/2024 20:04,6/29/2024 23:19,Night,Frog,Gladiator Treefrogs,Yes,Hylidae,Boana,,TUCA-01,240,Gawape-Chorongo-Kinkajou-Napo-Tucan-Garza,U,Terrafirme,Nocturnal
YRS,7/3/2024,7/3/2024,7/3/2024 20:11,7/3/2024 23:07,Night,Frog,Gladiator Treefrogs,Yes,Hylidae,Boana,,PERU-01,250,Ceiba-Peru,U,Terrafirme,Nocturnal
YRS,7/6/2024,7/6/2024,7/6/2024 20:29,7/6/2024 23:28,Night,Frog,Gladiator Treefrogs,Yes,Hylidae,Boana,,FPPE-04,662,Forest Plot Perimeter,U,Terrafirme,Nocturnal
TBS,7/10/2024,7/10/2024,7/10/2024 20:07,7/10/2024 22:58,Night,Frog,Gladiator Treefrogs,Yes,Hylidae,Boana,,GUAC-02,301,Guacamayo-Danta-Lago,U,Terrafirme,Nocturnal
TBS,7/15/2024,7/15/2024,7/15/2024 20:14,7/15/2024 23:42,Night,Frog,Gladiator Treefrogs,Yes,Hylidae,Boana,,LAGO-02,1450,Anaconda-Lago,U,Varzea,Nocturnal
YRS,6/15/2025,6/15/2025,6/15/2025 20:34,6/15/2025 23:24,Night,Frog,Map Treefrog,Yes,Hylidae,Boana,geographicans,FPPE-05,291,Torre-Forest Plot Perimeter-Forest Plot Interior-Forest Plot Perimeter,U,Terrafirme,Nocturnal
TBS,6/29/2025,6/29/2025,6/29/2025 20:08,6/29/2025 23:03,Night,Frog,Map Treefrog,Yes,Hylidae,Boana,geographicans,MAPO-02,170,Matapalo-Numa/Matapalo Connector-Numa-Chichico-Matapalo-Numa,U,Terrafirme,Nocturnal
YRS,7/5/2025,7/5/2025,7/5/2025 20:26,7/5/2025 23:30,Night,Frog,Map Treefrog,Yes,Hylidae,Boana,geographicans,COCA-01,301,Coca-Ceiba-Peru-Tiputini-Peru,U,Terrafirme,Nocturnal
YRS,7/11/2025,7/11/2025,7/11/2025 20:14,7/11/2025 22:40,Night,Frog,Map Treefrog,Yes,Hylidae,Boana,geographicans,GAWA-02,650,Gawape-Chorongo-Kinkajou,U,Varzea,Nocturnal
TBS,6/22/2024,6/22/2024,6/22/2024 20:06,6/22/2024 22:29,Night,Frog,Map Treefrog,Yes,Hylidae,Boana,geographicans,LAGO-02,1450,Anaconda-Lago,U,Varzea,Nocturnal
TBS,6/23/2024,6/23/2024,6/23/2024 20:00,6/23/2024 22:36,Night,Frog,Map Treefrog,Yes,Hylidae,Boana,geographicans,MAPO-03,388,Matapalo-Murcielago-Puentes-Murcielago Pond-Puentes-Murcielago-Matapalo,U,Terrafirme,Nocturnal
YRS,7/3/2024,7/3/2024,7/3/2024 20:11,7/3/2024 23:07,Night,Frog,Map Treefrog,Yes,Hylidae,Boana,geographicans,PERU-02,738,Ceiba-Peru,G,Varzea,Nocturnal
YRS,7/3/2024,7/3/2024,7/3/2024 20:11,7/3/2024 23:07,Night,Frog,Map Treefrog,Yes,Hylidae,Boana,geographicans,PERU-04,259,Ceiba-Peru,C,Terrafirme,Nocturnal
YRS,7/3/2024,7/3/2024,7/3/2024 20:11,7/3/2024 23:07,Night,Frog,Map Treefrog,Yes,Hylidae,Boana,geographicans,PERU-05,301,Ceiba-Peru,U,Terrafirme,Nocturnal
YRS,7/6/2024,7/6/2024,7/6/2024 20:29,7/6/2024 23:28,Night,Frog,Map Treefrog,Yes,Hylidae,Boana,geographicans,FPPE-04,662,Forest Plot Perimeter,U,Varzea,Nocturnal
YRS,7/31/2024,7/31/2024,7/31/2024 20:38,7/31/2024 23:53,Night,Frog,Map Treefrog,Yes,Hylidae,Boana,geographicans,TORR-01,900,Torre-Forest Plot North Edge-Forest Plot Interior,U,Varzea,Nocturnal
YRS,6/17/2025,6/17/2025,6/17/2025 20:17,6/17/2025 23:35,Night,Frog,Nymph Tree Frog,Yes,Hylidae,Boana,nympha,FPPE-04,662,Forest Plot Perimeter,U,Varzea,Nocturnal
YRS,6/15/2025,6/15/2025,6/15/2025 20:34,6/15/2025 23:24,Night,Frog,Bassler's Humming Frog,Yes,Microhylidae,Chiasmocleis,bassleri,FPIN-01,1053,Torre-Forest Plot Perimeter-Forest Plot Interior-Forest Plot Perimeter,G,Terrafirme,Nocturnal
YRS,6/18/2025,6/18/2025,6/18/2025 20:47,6/18/2025 22:56,Night,Frog,Bassler's Humming Frog,Yes,Microhylidae,Chiasmocleis,bassleri,MIRA-02,592,Mirador,G,Terrafirme,Nocturnal
YRS,6/18/2025,6/18/2025,6/18/2025 20:47,6/18/2025 22:56,Night,Frog,Bassler's Humming Frog,Yes,Microhylidae,Chiasmocleis,bassleri,MIRA-01,550,Mirador,G,Terrafirme,Nocturnal
YRS,6/18/2025,6/18/2025,6/18/2025 20:47,6/18/2025 22:56,Night,Frog,Bassler's Humming Frog,Yes,Microhylidae,Chiasmocleis,bassleri,MIRA-01,550,Mirador,G,Terrafirme,Nocturnal
TBS,6/28/2025,6/28/2025,6/28/2025 20:17,6/28/2025 22:36,Night,Frog,Bassler's Humming Frog,Yes,Microhylidae,Chiasmocleis,bassleri,GUAC-03,279,Guacamayo-Puma-Harpia-Chorongo,U,Varzea,Nocturnal
YRS,7/13/2025,7/13/2025,7/13/2025 20:51,7/13/2025 22:41,Night,Frog,Bassler's Humming Frog,Yes,Microhylidae,Chiasmocleis,bassleri,TIMA-01,128,Botanico-Tinamou-Napo-Timatai-Bariso,G,Terrafirme,Nocturnal
YRS,7/14/2025,7/14/2025,7/14/2025 20:34,7/14/2025 22:56,Night,Frog,Bassler's Humming Frog,Yes,Microhylidae,Chiasmocleis,bassleri,MIRA-02,592,Mirador,G,Terrafirme,Nocturnal
YRS,7/15/2025,7/15/2025,7/15/2025 20:30,7/15/2025 22:12,Night,Frog,Bassler's Humming Frog,Yes,Microhylidae,Chiasmocleis,bassleri,YCHO-01,1230,Chorongo-Kinkajou-Napo,G,Terrafirme,Nocturnal
YRS,7/16/2025,7/16/2025,7/16/2025 20:21,7/16/2025 22:24,Night,Frog,Bassler's Humming Frog,Yes,Microhylidae,Chiasmocleis,bassleri,MIRA-01,550,Coca-Ceiba-Peru-Renacuajo-Mirador,G,Varzea,Nocturnal
YRS,7/16/2025,7/16/2025,7/16/2025 20:21,7/16/2025 22:24,Night,Frog,Bassler's Humming Frog,Yes,Microhylidae,Chiasmocleis,bassleri,MIRA-01,550,Coca-Ceiba-Peru-Renacuajo-Mirador,G,Terrafirme,Nocturnal
TBS,6/17/2024,6/17/2024,6/17/2024 20:04,6/18/2024 0:11,Night,Frog,Bassler's Humming Frog,Yes,Microhylidae,Chiasmocleis,bassleri,MAPO-03,388,Matapalo-Murcielago-Matapalo-Chichico-Numa-Matapalo,G,Terrafirme,Nocturnal
YRS,7/3/2024,7/3/2024,7/3/2024 20:11,7/3/2024 23:07,Night,Frog,Bassler's Humming Frog,Yes,Microhylidae,Chiasmocleis,bassleri,PERU-02,738,Ceiba-Peru,G,Varzea,Nocturnal
YRS,7/23/2024,7/23/2024,7/23/2024 20:09,7/23/2024 22:46,Night,Frog,Bassler's Humming Frog,Yes,Microhylidae,Chiasmocleis,bassleri,TINA-02,509,Tinamou-Napo-Pantano-Botanico-Gran Ficus,G,Terrafirme,Nocturnal
YRS,7/26/2024,7/26/2024,7/26/2024 20:02,7/26/2024 22:54,Night,Frog,Marbled Tree Frog,Yes,Hylidae,Dendropsophus,marmoratus,GAWA-03,692,Gawape-Garza-Tucan-Napo-Kinkajou-Chorongo-Tucan-Gawape,U,Varzea,Nocturnal
TBS,6/7/2025,6/7/2025,6/7/2025 19:59,6/7/2025 22:26,Night,Frog,Upper Amazon Tree Frog,Yes,Hylidae,Dendropsophus,bifurcus,LAGO-01,719,Guacamayo-Danta-Lago,U,Varzea,Nocturnal
TBS,6/7/2025,6/7/2025,6/7/2025 19:59,6/7/2025 22:26,Night,Frog,Upper Amazon Tree Frog,Yes,Hylidae,Dendropsophus,bifurcus,LAGO-01,719,Guacamayo-Danta-Lago,U,Varzea,Nocturnal
TBS,6/22/2024,6/22/2024,6/22/2024 20:06,6/22/2024 22:29,Night,Frog,Upper Amazon Tree Frog,Yes,Hylidae,Dendropsophus,bifurcus,LAGO-01,719,Anaconda-Lago,U,Varzea,Nocturnal
TBS,6/23/2024,6/23/2024,6/23/2024 20:00,6/23/2024 22:36,Night,Frog,Upper Amazon Tree Frog,Yes,Hylidae,Dendropsophus,bifurcus,MUPO-01,410,Matapalo-Murcielago-Puentes-Murcielago Pond-Puentes-Murcielago-Matapalo,U,Varzea,Nocturnal
YRS,6/9/2025,6/9/2025,6/9/2025 20:15,6/9/2025 23:03,Night,Frog,Perez's Snouted Frog,Yes,Leptodactylidae,Edalorhina,perezi,YCHO-01,1230,Chorongo-Kinkajou-Napo-Bariso-Tinamou-Botanico,G,Varzea,Diurnal
YRS,7/12/2025,7/12/2025,7/12/2025 14:48,7/12/2025 16:20,Afternoon,Frog,Perez's Snouted Frog,Yes,Leptodactylidae,Edalorhina,perezi,FPPE-06,69,Forest Plot Perimeter-Forest Plot Interior-Forest Plot Perimeter,G,Terrafirme,Diurnal
TBS,6/8/2025,6/8/2025,6/8/2025 13:47,6/8/2025 16:03,Afternoon,Frog,Painted Forest Toadlet,Yes,Leptodactylidae,Engystomops,petersi,PARA-01,3522,Parahuaco,G,Terrafirme,Nocturnal
TBS,6/8/2025,6/8/2025,6/8/2025 13:47,6/8/2025 16:03,Afternoon,Frog,Painted Forest Toadlet,Yes,Leptodactylidae,Engystomops,petersi,PARA-01,3522,Parahuaco,G,Terrafirme,Nocturnal
YRS,6/12/2025,6/12/2025,6/12/2025 20:01,6/12/2025 22:53,Night,Frog,Painted Forest Toadlet,Yes,Leptodactylidae,Engystomops,petersi,GAWA-02,650,Gawape-Chorongo-Kinkajou-Napo-Tucan-Garza,G,Terrafirme,Nocturnal
TBS,6/21/2025,6/21/2025,6/21/2025 20:43,6/21/2025 23:53,Night,Frog,Painted Forest Toadlet,Yes,Leptodactylidae,Engystomops,petersi,PARA-01,3522,Parahuaco,G,Varzea,Nocturnal
TBS,6/21/2025,6/21/2025,6/21/2025 20:43,6/21/2025 23:53,Night,Frog,Painted Forest Toadlet,Yes,Leptodactylidae,Engystomops,petersi,PARA-01,3522,Parahuaco,G,Varzea,Nocturnal
TBS,7/1/2025,7/1/2025,7/1/2025 20:48,7/1/2025 23:22,Night,Frog,Painted Forest Toadlet,Yes,Leptodactylidae,Engystomops,petersi,HAPL-01,2220,Harpia Plot-Harpia,U,Terrafirme,Nocturnal
TBS,7/1/2025,7/1/2025,7/1/2025 20:48,7/1/2025 23:22,Night,Frog,Painted Forest Toadlet,Yes,Leptodactylidae,Engystomops,petersi,HAPL-01,2220,Harpia Plot-Harpia,G,Terrafirme,Nocturnal
TBS,7/1/2025,7/1/2025,7/1/2025 20:48,7/1/2025 23:22,Night,Frog,Painted Forest Toadlet,Yes,Leptodactylidae,Engystomops,petersi,HAPL-01,2220,Harpia Plot-Harpia,G,Terrafirme,Nocturnal
YRS,7/6/2025,7/6/2025,7/6/2025 20:13,7/6/2025 22:38,Night,Frog,Painted Forest Toadlet,Yes,Leptodactylidae,Engystomops,petersi,TORR-01,900,Chorongo-Kinkajou-Napo-Tucan-Garza-Napo,G,Varzea,Nocturnal
YRS,7/15/2025,7/15/2025,7/15/2025 20:30,7/15/2025 22:12,Night,Frog,Painted Forest Toadlet,Yes,Leptodactylidae,Engystomops,petersi,NAPO-05,243,Chorongo-Kinkajou-Napo,U,Terrafirme,Nocturnal
YRS,7/15/2025,7/15/2025,7/15/2025 20:30,7/15/2025 22:12,Night,Frog,Painted Forest Toadlet,Yes,Leptodactylidae,Engystomops,petersi,NAPO-06,290,Chorongo-Kinkajou-Napo,U,Terrafirme,Nocturnal
TBS,6/19/2024,6/19/2024,6/19/2024 19:58,6/19/2024 22:50,Night,Frog,Painted Forest Toadlet,Yes,Leptodactylidae,Engystomops,petersi,TCHO-01,481,Guacamayo-Puma-Harpia-Chorongo-Guacamayo,G,Varzea,Nocturnal
TBS,6/19/2024,6/19/2024,6/19/2024 19:58,6/19/2024 22:50,Night,Frog,Painted Forest Toadlet,Yes,Leptodactylidae,Engystomops,petersi,GUAC-01,230,Guacamayo-Puma-Harpia-Chorongo-Guacamayo,G,Terrafirme,Nocturnal
YRS,7/3/2024,7/3/2024,7/3/2024 20:11,7/3/2024 23:07,Night,Frog,Painted Forest Toadlet,Yes,Leptodactylidae,Engystomops,petersi,CEIB-01,490,Ceiba-Peru,G,Terrafirme,Nocturnal
YRS,7/4/2024,7/4/2024,7/4/2024 20:12,7/4/2024 23:00,Night,Frog,Painted Forest Toadlet,Yes,Leptodactylidae,Engystomops,petersi,YCHO-01,1230,Chorongo-Kinkajou-Napo-Bariso-Tinamou-Botanico,G,Terrafirme,Nocturnal
YRS,7/4/2024,7/4/2024,7/4/2024 20:12,7/4/2024 23:00,Night,Frog,Painted Forest Toadlet,Yes,Leptodactylidae,Engystomops,petersi,YCHO-01,1230,Chorongo-Kinkajou-Napo-Bariso-Tinamou-Botanico,G,Terrafirme,Nocturnal
YRS,7/4/2024,7/4/2024,7/4/2024 20:12,7/4/2024 23:00,Night,Frog,Painted Forest Toadlet,Yes,Leptodactylidae,Engystomops,petersi,YCHO-01,1230,Chorongo-Kinkajou-Napo-Bariso-Tinamou-Botanico,G,Varzea,Nocturnal
TBS,7/8/2024,7/8/2024,7/8/2024 20:01,7/8/2024 22:53,Night,Frog,Painted Forest Toadlet,Yes,Leptodactylidae,Engystomops,petersi,MAPO-06,359,Matapalo-Murcielago-Puentes-Murcielago Pond-Matapalo-Chichico-Numa,G,Terrafirme,Nocturnal
YRS,7/29/2024,7/29/2024,7/29/2024 20:20,7/29/2024 22:48,Night,Frog,Painted Forest Toadlet,Yes,Leptodactylidae,Engystomops,petersi,YCHO-01,1230,Chorongo-Kinkajou-Napo-Bariso-Tinamou-Botanico,G,Terrafirme,Nocturnal
TBS,7/10/2024,7/10/2024,7/10/2024 20:07,7/10/2024 22:58,Night,Frog,Knudsen's Thin-toed Frog,foam_nest_near_pool,Leptodactylidae,Leptodactylus,knudseni,LAGO-01,719,Guacamayo-Danta-Lago,G,Varzea,Nocturnal
YRS,7/23/2024,7/23/2024,7/23/2024 20:09,7/23/2024 22:46,Night,Frog,Knudsen's Thin-toed Frog,foam_nest_near_pool,Leptodactylidae,Leptodactylus,knudseni,TINA-02,509,Tinamou-Napo-Pantano-Botanico-Gran Ficus,G,Terrafirme,Nocturnal
YRS,7/25/2024,7/25/2024,7/25/2024 20:19,7/25/2024 22:44,Night,Frog,Knudsen's Thin-toed Frog,foam_nest_near_pool,Leptodactylidae,Leptodactylus,knudseni,FPIN-01,1053,Forest Plot North Edge-Forest Plot Interior-Forest Plot North Edge-Torre,G,Terrafirme,Nocturnal
TBS,6/3/2025,6/3/2025,6/3/2025 20:49,6/3/2025 23:05,Night,Frog,Neotropical Grass Frogs,Yes,Leptodactylidae,Leptodactylus,NA,NUMA-01,290,Numa-Chichico,G,Varzea,Diurnal
TBS,6/3/2025,6/3/2025,6/3/2025 20:49,6/3/2025 23:05,Night,Frog,Neotropical Grass Frogs,Yes,Leptodactylidae,Leptodactylus,NA,CHIO-02,1000,Numa-Chichico,G,Varzea,Diurnal
TBS,6/3/2025,6/3/2025,6/3/2025 20:49,6/3/2025 23:05,Night,Frog,Neotropical Grass Frogs,Yes,Leptodactylidae,Leptodactylus,NA,CHIO-01,609,Numa-Chichico,G,Terrafirme,Diurnal
TBS,6/25/2025,6/25/2025,6/25/2025 20:00,6/25/2025 22:22,Night,Frog,Neotropical Grass Frogs,Yes,Leptodactylidae,Leptodactylus,NA,HAPL-01,2220,Harpia Plot-Harpia,U,Varzea,Diurnal
TBS,6/27/2025,6/27/2025,6/27/2025 20:10,6/27/2025 22:04,Night,Frog,Neotropical Grass Frogs,Yes,Leptodactylidae,Leptodactylus,NA,LAGO-01,719,Guacamayo-Danta-Lago,G,Varzea,Diurnal
TBS,6/29/2025,6/29/2025,6/29/2025 20:08,6/29/2025 23:03,Night,Frog,Neotropical Grass Frogs,Yes,Leptodactylidae,Leptodactylus,NA,CHIO-01,609,Matapalo-Numa/Matapalo Connector-Numa-Chichico-Matapalo-Numa,G,Varzea,Diurnal
TBS,6/29/2025,6/29/2025,6/29/2025 20:08,6/29/2025 23:03,Night,Frog,Neotropical Grass Frogs,Yes,Leptodactylidae,Leptodactylus,NA,CHIO-01,609,Matapalo-Numa/Matapalo Connector-Numa-Chichico-Matapalo-Numa,G,Varzea,Diurnal
TBS,6/30/2025,6/30/2025,6/30/2025 20:12,6/30/2025 23:15,Night,Frog,Neotropical Grass Frogs,Yes,Leptodactylidae,Leptodactylus,NA,PUMA-01,750,Puma-Puma Plot,G,Terrafirme,Diurnal
TBS,7/1/2025,7/1/2025,7/1/2025 20:48,7/1/2025 23:22,Night,Frog,Neotropical Grass Frogs,Yes,Leptodactylidae,Leptodactylus,NA,HAPL-01,2220,Harpia Plot-Harpia,G,Varzea,Diurnal
YRS,7/13/2025,7/13/2025,7/13/2025 20:51,7/13/2025 22:41,Night,Frog,Neotropical Grass Frogs,Yes,Leptodactylidae,Leptodactylus,NA,TINA-02,509,Botanico-Tinamou-Napo-Timatai-Bariso,G,Varzea,Diurnal
TBS,7/15/2024,7/15/2024,7/15/2024 20:14,7/15/2024 23:42,Night,Frog,Neotropical Grass Frogs,Yes,Leptodactylidae,Leptodactylus,,ANAC-01,388,Anaconda-Lago,G,Varzea,Diurnal
YRS,7/31/2024,7/31/2024,7/31/2024 20:38,7/31/2024 23:53,Night,Frog,Neotropical Grass Frogs,Yes,Leptodactylidae,Leptodactylus,,FPIN-01,1053,Torre-Forest Plot North Edge-Forest Plot Interior,G,Terrafirme,Diurnal
TBS,6/7/2025,6/7/2025,6/7/2025 19:59,6/7/2025 22:26,Night,Frog,Smoky Jungle Frog,Yes,Leptodactylidae,Leptodactylus,pentadactylus,GUAC-01,230,Guacamayo-Danta-Lago,G,Terrafirme,Nocturnal
TBS,6/7/2025,6/7/2025,6/7/2025 19:59,6/7/2025 22:26,Night,Frog,Smoky Jungle Frog,Yes,Leptodactylidae,Leptodactylus,pentadactylus,DANT-01,591,Guacamayo-Danta-Lago,G,Varzea,Nocturnal
TBS,6/7/2025,6/7/2025,6/7/2025 19:59,6/7/2025 22:26,Night,Frog,Smoky Jungle Frog,Yes,Leptodactylidae,Leptodactylus,pentadactylus,LAGO-01,719,Guacamayo-Danta-Lago,G,Varzea,Nocturnal
TBS,6/7/2025,6/7/2025,6/7/2025 19:59,6/7/2025 22:26,Night,Frog,Smoky Jungle Frog,Yes,Leptodactylidae,Leptodactylus,pentadactylus,LAGO-01,719,Guacamayo-Danta-Lago,G,Varzea,Nocturnal
YRS,6/9/2025,6/9/2025,6/9/2025 20:15,6/9/2025 23:03,Night,Frog,Smoky Jungle Frog,Yes,Leptodactylidae,Leptodactylus,pentadactylus,KINK-01,321,Chorongo-Kinkajou-Napo-Bariso-Tinamou-Botanico,G,Terrafirme,Nocturnal
TBS,6/29/2025,6/29/2025,6/29/2025 20:08,6/29/2025 23:03,Night,Frog,Smoky Jungle Frog,Yes,Leptodactylidae,Leptodactylus,pentadactylus,CHIO-01,609,Matapalo-Numa/Matapalo Connector-Numa-Chichico-Matapalo-Numa,G,Varzea,Nocturnal
TBS,6/29/2025,6/29/2025,6/29/2025 20:08,6/29/2025 23:03,Night,Frog,Smoky Jungle Frog,Yes,Leptodactylidae,Leptodactylus,pentadactylus,NUMA-01,290,Matapalo-Numa/Matapalo Connector-Numa-Chichico-Matapalo-Numa,G,Varzea,Nocturnal
TBS,7/2/2025,7/2/2025,7/2/2025 20:06,7/2/2025 22:53,Night,Frog,Smoky Jungle Frog,Yes,Leptodactylidae,Leptodactylus,pentadactylus,LAGO-01,719,Anaconda-Lago,G,Varzea,Nocturnal
TBS,6/22/2024,6/22/2024,6/22/2024 20:06,6/22/2024 22:29,Night,Frog,Smoky Jungle Frog,Yes,Leptodactylidae,Leptodactylus,pentadactylus,LAGO-02,1450,Anaconda-Lago,G,Varzea,Nocturnal
YRS,6/29/2024,6/29/2024,6/29/2024 20:04,6/29/2024 23:19,Night,Frog,Smoky Jungle Frog,Yes,Leptodactylidae,Leptodactylus,pentadactylus,GAWA-01,272,Gawape-Chorongo-Kinkajou-Napo-Tucan-Garza,G,Varzea,Nocturnal
YRS,6/29/2024,6/29/2024,6/29/2024 20:04,6/29/2024 23:19,Night,Frog,Smoky Jungle Frog,Yes,Leptodactylidae,Leptodactylus,pentadactylus,GAWA-02,650,Gawape-Chorongo-Kinkajou-Napo-Tucan-Garza,G,Varzea,Nocturnal
YRS,7/3/2024,7/3/2024,7/3/2024 20:11,7/3/2024 23:07,Night,Frog,Smoky Jungle Frog,Yes,Leptodactylidae,Leptodactylus,pentadactylus,PERU-05,301,Ceiba-Peru,G,Terrafirme,Nocturnal
YRS,7/25/2024,7/25/2024,7/25/2024 20:19,7/25/2024 22:44,Night,Frog,Smoky Jungle Frog,Yes,Leptodactylidae,Leptodactylus,pentadactylus,FPIN-01,1053,Forest Plot North Edge-Forest Plot Interior-Forest Plot North Edge-Torre,G,Terrafirme,Nocturnal
YRS,7/26/2024,7/26/2024,7/26/2024 20:02,7/26/2024 22:54,Night,Frog,Smoky Jungle Frog,Yes,Leptodactylidae,Leptodactylus,pentadactylus,GAWA-02,650,Gawape-Garza-Tucan-Napo-Kinkajou-Chorongo-Tucan-Gawape,G,Varzea,Nocturnal
TBS,6/3/2025,6/3/2025,6/3/2025 20:49,6/3/2025 23:05,Night,Frog,Tropical Bullfrogs,Yes,Leptodactylidae,Leptodactylus,NA,CHIO-02,1000,Numa-Chichico,G,Varzea,Nocturnal
YRS,6/12/2025,6/12/2025,6/12/2025 20:01,6/12/2025 22:53,Night,Frog,Amazon River Frog,No,Ranidae,Lithobates,palmipes,GAWA-03,692,Gawape-Chorongo-Kinkajou-Napo-Tucan-Garza,G,Varzea,Nocturnal
YRS,6/12/2025,6/12/2025,6/12/2025 20:01,6/12/2025 22:53,Night,Frog,Amazon River Frog,No,Ranidae,Lithobates,palmipes,GAWA-03,692,Gawape-Chorongo-Kinkajou-Napo-Tucan-Garza,G,Varzea,Nocturnal
TBS,6/26/2025,6/26/2025,6/26/2025 14:10,6/26/2025 15:49,Afternoon,Frog,Amazon River Frog,No,Ranidae,Lithobates,palmipes,GUAC-04,1912,Guacamayo,G,Terrafirme,Nocturnal
YRS,7/11/2025,7/11/2025,7/11/2025 20:14,7/11/2025 22:40,Night,Frog,Amazon River Frog,No,Ranidae,Lithobates,palmipes,GAWA-03,692,Gawape-Chorongo-Kinkajou,G,Varzea,Nocturnal
YRS,7/11/2025,7/11/2025,7/11/2025 20:14,7/11/2025 22:40,Night,Frog,Amazon River Frog,No,Ranidae,Lithobates,palmipes,GAWA-03,692,Gawape-Chorongo-Kinkajou,G,Varzea,Nocturnal
YRS,7/11/2025,7/11/2025,7/11/2025 20:14,7/11/2025 22:40,Night,Frog,Amazon River Frog,No,Ranidae,Lithobates,palmipes,GAWA-03,692,Gawape-Chorongo-Kinkajou,G,Varzea,Nocturnal
YRS,6/29/2024,6/29/2024,6/29/2024 20:04,6/29/2024 23:19,Night,Frog,Amazon River Frog,No,Ranidae,Lithobates,palmipes,GAWA-02,650,Gawape-Chorongo-Kinkajou-Napo-Tucan-Garza,G,Varzea,Nocturnal
YRS,6/29/2024,6/29/2024,6/29/2024 20:04,6/29/2024 23:19,Night,Frog,Amazon River Frog,No,Ranidae,Lithobates,palmipes,GAWA-02,650,Gawape-Chorongo-Kinkajou-Napo-Tucan-Garza,G,Varzea,Nocturnal
YRS,6/29/2024,6/29/2024,6/29/2024 20:04,6/29/2024 23:19,Night,Frog,Amazon River Frog,No,Ranidae,Lithobates,palmipes,GAWA-02,650,Gawape-Chorongo-Kinkajou-Napo-Tucan-Garza,G,Varzea,Nocturnal
YRS,7/26/2024,7/26/2024,7/26/2024 20:02,7/26/2024 22:54,Night,Frog,Amazon River Frog,No,Ranidae,Lithobates,palmipes,GAWA-01,272,Gawape-Garza-Tucan-Napo-Kinkajou-Chorongo-Tucan-Gawape,G,Varzea,Nocturnal
YRS,7/26/2024,7/26/2024,7/26/2024 20:02,7/26/2024 22:54,Night,Frog,Amazon River Frog,No,Ranidae,Lithobates,palmipes,GAWA-03,692,Gawape-Garza-Tucan-Napo-Kinkajou-Chorongo-Tucan-Gawape,G,Varzea,Nocturnal
YRS,6/10/2025,6/10/2025,6/10/2025 20:07,6/10/2025 22:33,Night,Frog,Painted Antnest Frog,Yes,Leptodactylidae,Lithodytes,lineatus,CEIB-01,490,Ceiba-Peru,G,Terrafirme,Nocturnal
YRS,6/12/2025,6/12/2025,6/12/2025 9:18,6/12/2025 10:40,Morning,Frog,Painted Antnest Frog,Yes,Leptodactylidae,Lithodytes,lineatus,NAPO-02,419,Napo-Kinkajou-Chorongo,G,Terrafirme,Nocturnal
TBS,6/23/2025,6/23/2025,6/23/2025 14:52,6/23/2025 17:22,Afternoon,Frog,Fleshbelly Frogs,No,Craugastoridae,NA,NA,HARP-05,740,Harpia-Mata Mata,G,Terrafirme,Nocturnal
TBS,6/26/2025,6/26/2025,6/26/2025 20:01,6/26/2025 22:51,Night,Frog,Tree Frogs and Allies,Yes,Hylidae,NA,NA,NUMA-02,268,Matapalo-Murcielago-Puentes-Murcielago Pond-Matapalo-Chichico-Numa,U,Varzea,Nocturnal
YRS,7/5/2025,7/5/2025,7/5/2025 20:26,7/5/2025 23:30,Night,Frog,Tree Frogs and Allies,Yes,Hylidae,NA,NA,PERU-02,738,Coca-Ceiba-Peru-Tiputini-Peru,U,Varzea,Nocturnal
YRS,7/13/2025,7/13/2025,7/13/2025 20:51,7/13/2025 22:41,Night,Frog,Tree Frogs and Allies,Yes,Hylidae,NA,NA,TIMA-01,128,Botanico-Tinamou-Napo-Timatai-Bariso,U,Terrafirme,Nocturnal
YRS,7/14/2025,7/14/2025,7/14/2025 20:34,7/14/2025 22:56,Night,Frog,Tree Frogs and Allies,Yes,Hylidae,NA,NA,MIRA-04,760,Mirador,U,Varzea,Nocturnal
YRS,7/16/2025,7/16/2025,7/16/2025 20:21,7/16/2025 22:24,Night,Frog,Tree Frogs and Allies,Yes,Hylidae,NA,NA,CEIB-02,463,Coca-Ceiba-Peru-Renacuajo-Mirador,U,Terrafirme,Nocturnal
TBS,6/3/2025,6/3/2025,6/3/2025 20:49,6/3/2025 23:05,Night,Frog,Common Big-headed Frog,No,Craugastoridae,Oreobates,quixensis,NUMA-01,290,Numa-Chichico,G,Varzea,Crepuscular
TBS,6/3/2025,6/3/2025,6/3/2025 20:49,6/3/2025 23:05,Night,Frog,Common Big-headed Frog,No,Craugastoridae,Oreobates,quixensis,CHIO-01,609,Numa-Chichico,G,Varzea,Crepuscular
TBS,6/4/2025,6/4/2025,6/4/2025 20:12,6/4/2025 22:32,Night,Frog,Common Big-headed Frog,No,Craugastoridae,Oreobates,quixensis,ANAC-01,388,Anaconda-Lago,G,Varzea,Crepuscular
TBS,6/4/2025,6/4/2025,6/4/2025 20:12,6/4/2025 22:32,Night,Frog,Common Big-headed Frog,No,Craugastoridae,Oreobates,quixensis,LAGO-02,1450,Anaconda-Lago,G,Varzea,Crepuscular
TBS,6/6/2025,6/6/2025,6/6/2025 20:08,6/6/2025 23:02,Night,Frog,Common Big-headed Frog,No,Craugastoridae,Oreobates,quixensis,MAPO-03,388,Matapalo-Murcielago-Puentes-Matapalo-Chichico-Numa,G,Terrafirme,Crepuscular
TBS,6/6/2025,6/6/2025,6/6/2025 20:08,6/6/2025 23:02,Night,Frog,Common Big-headed Frog,No,Craugastoridae,Oreobates,quixensis,MURC-01,156,Matapalo-Murcielago-Puentes-Matapalo-Chichico-Numa,G,Terrafirme,Crepuscular
TBS,6/6/2025,6/6/2025,6/6/2025 20:08,6/6/2025 23:02,Night,Frog,Common Big-headed Frog,No,Craugastoridae,Oreobates,quixensis,MURC-01,156,Matapalo-Murcielago-Puentes-Matapalo-Chichico-Numa,G,Terrafirme,Crepuscular
TBS,6/6/2025,6/6/2025,6/6/2025 20:08,6/6/2025 23:02,Night,Frog,Common Big-headed Frog,No,Craugastoridae,Oreobates,quixensis,MAPO-06,359,Matapalo-Murcielago-Puentes-Matapalo-Chichico-Numa,G,Terrafirme,Crepuscular
TBS,6/7/2025,6/7/2025,6/7/2025 19:59,6/7/2025 22:26,Night,Frog,Common Big-headed Frog,No,Craugastoridae,Oreobates,quixensis,GUAC-01,230,Guacamayo-Danta-Lago,G,Terrafirme,Crepuscular
TBS,6/7/2025,6/7/2025,6/7/2025 19:59,6/7/2025 22:26,Night,Frog,Common Big-headed Frog,No,Craugastoridae,Oreobates,quixensis,GUAC-02,301,Guacamayo-Danta-Lago,G,Terrafirme,Crepuscular
YRS,6/10/2025,6/10/2025,6/10/2025 20:07,6/10/2025 22:33,Night,Frog,Common Big-headed Frog,No,Craugastoridae,Oreobates,quixensis,PERU-05,301,Ceiba-Peru,G,Varzea,Crepuscular
YRS,6/12/2025,6/12/2025,6/12/2025 9:18,6/12/2025 10:40,Morning,Frog,Common Big-headed Frog,No,Craugastoridae,Oreobates,quixensis,NAPO-04,220,Napo-Kinkajou-Chorongo,G,Varzea,Crepuscular
YRS,6/12/2025,6/12/2025,6/12/2025 20:01,6/12/2025 22:53,Night,Frog,Common Big-headed Frog,No,Craugastoridae,Oreobates,quixensis,GAWA-01,272,Gawape-Chorongo-Kinkajou-Napo-Tucan-Garza,G,Varzea,Crepuscular
YRS,6/12/2025,6/12/2025,6/12/2025 20:01,6/12/2025 22:53,Night,Frog,Common Big-headed Frog,No,Craugastoridae,Oreobates,quixensis,NAPO-05,243,Gawape-Chorongo-Kinkajou-Napo-Tucan-Garza,G,Terrafirme,Crepuscular
YRS,6/12/2025,6/12/2025,6/12/2025 20:01,6/12/2025 22:53,Night,Frog,Common Big-headed Frog,No,Craugastoridae,Oreobates,quixensis,TUCA-01,240,Gawape-Chorongo-Kinkajou-Napo-Tucan-Garza,G,Terrafirme,Crepuscular
YRS,6/17/2025,6/17/2025,6/17/2025 20:17,6/17/2025 23:35,Night,Frog,Common Big-headed Frog,No,Craugastoridae,Oreobates,quixensis,FPPE-02,2520,Forest Plot Perimeter,G,Terrafirme,Crepuscular
TBS,6/21/2025,6/21/2025,6/21/2025 20:43,6/21/2025 23:53,Night,Frog,Common Big-headed Frog,No,Craugastoridae,Oreobates,quixensis,PARA-01,3522,Parahuaco,G,Varzea,Crepuscular
TBS,6/21/2025,6/21/2025,6/21/2025 20:43,6/21/2025 23:53,Night,Frog,Common Big-headed Frog,No,Craugastoridae,Oreobates,quixensis,PARA-01,3522,Parahuaco,G,Varzea,Crepuscular
TBS,6/21/2025,6/21/2025,6/21/2025 20:43,6/21/2025 23:53,Night,Frog,Common Big-headed Frog,No,Craugastoridae,Oreobates,quixensis,PARA-01,3522,Parahuaco,G,Varzea,Crepuscular
TBS,6/21/2025,6/21/2025,6/21/2025 20:43,6/21/2025 23:53,Night,Frog,Common Big-headed Frog,No,Craugastoridae,Oreobates,quixensis,PARA-01,3522,Parahuaco,G,Varzea,Crepuscular
TBS,6/23/2025,6/23/2025,6/23/2025 20:12,6/23/2025 23:04,Night,Frog,Common Big-headed Frog,No,Craugastoridae,Oreobates,quixensis,PUPL-01,270,Puma-Puma Plot,G,Terrafirme,Crepuscular
TBS,6/23/2025,6/23/2025,6/23/2025 20:12,6/23/2025 23:04,Night,Frog,Common Big-headed Frog,No,Craugastoridae,Oreobates,quixensis,PUPL-02,652,Puma-Puma Plot,G,Terrafirme,Crepuscular
TBS,6/23/2025,6/23/2025,6/23/2025 20:12,6/23/2025 23:04,Night,Frog,Common Big-headed Frog,No,Craugastoridae,Oreobates,quixensis,PUPL-02,652,Puma-Puma Plot,G,Terrafirme,Crepuscular
TBS,6/23/2025,6/23/2025,6/23/2025 20:12,6/23/2025 23:04,Night,Frog,Common Big-headed Frog,No,Craugastoridae,Oreobates,quixensis,PUPL-02,652,Puma-Puma Plot,G,Varzea,Crepuscular
TBS,6/26/2025,6/26/2025,6/26/2025 20:01,6/26/2025 22:51,Night,Frog,Common Big-headed Frog,No,Craugastoridae,Oreobates,quixensis,MURC-01,156,Matapalo-Murcielago-Puentes-Murcielago Pond-Matapalo-Chichico-Numa,G,Terrafirme,Crepuscular
TBS,6/26/2025,6/26/2025,6/26/2025 20:01,6/26/2025 22:51,Night,Frog,Common Big-headed Frog,No,Craugastoridae,Oreobates,quixensis,MAPO-05,250,Matapalo-Murcielago-Puentes-Murcielago Pond-Matapalo-Chichico-Numa,G,Terrafirme,Crepuscular
TBS,6/26/2025,6/26/2025,6/26/2025 20:01,6/26/2025 22:51,Night,Frog,Common Big-headed Frog,No,Craugastoridae,Oreobates,quixensis,NUMA-02,268,Matapalo-Murcielago-Puentes-Murcielago Pond-Matapalo-Chichico-Numa,G,Varzea,Crepuscular
TBS,6/29/2025,6/29/2025,6/29/2025 20:08,6/29/2025 23:03,Night,Frog,Common Big-headed Frog,No,Craugastoridae,Oreobates,quixensis,CHIO-01,609,Matapalo-Numa/Matapalo Connector-Numa-Chichico-Matapalo-Numa,G,Varzea,Crepuscular
TBS,6/29/2025,6/29/2025,6/29/2025 20:08,6/29/2025 23:03,Night,Frog,Common Big-headed Frog,No,Craugastoridae,Oreobates,quixensis,CHIO-01,609,Matapalo-Numa/Matapalo Connector-Numa-Chichico-Matapalo-Numa,G,Varzea,Crepuscular
TBS,6/29/2025,6/29/2025,6/29/2025 20:08,6/29/2025 23:03,Night,Frog,Common Big-headed Frog,No,Craugastoridae,Oreobates,quixensis,MAPO-06,359,Matapalo-Numa/Matapalo Connector-Numa-Chichico-Matapalo-Numa,G,Terrafirme,Crepuscular
TBS,6/30/2025,6/30/2025,6/30/2025 20:12,6/30/2025 23:15,Night,Frog,Common Big-headed Frog,No,Craugastoridae,Oreobates,quixensis,PUPL-06,139,Puma-Puma Plot,G,Varzea,Crepuscular
TBS,6/30/2025,6/30/2025,6/30/2025 20:12,6/30/2025 23:15,Night,Frog,Common Big-headed Frog,No,Craugastoridae,Oreobates,quixensis,PUPL-10,248,Puma-Puma Plot,G,Varzea,Crepuscular
TBS,7/1/2025,7/1/2025,7/1/2025 20:48,7/1/2025 23:22,Night,Frog,Common Big-headed Frog,No,Craugastoridae,Oreobates,quixensis,HAPL-01,2220,Harpia Plot-Harpia,G,Varzea,Crepuscular
TBS,7/1/2025,7/1/2025,7/1/2025 20:48,7/1/2025 23:22,Night,Frog,Common Big-headed Frog,No,Craugastoridae,Oreobates,quixensis,HARP-01,483,Harpia Plot-Harpia,G,Terrafirme,Crepuscular
TBS,7/2/2025,7/2/2025,7/2/2025 20:06,7/2/2025 22:53,Night,Frog,Common Big-headed Frog,No,Craugastoridae,Oreobates,quixensis,ANAC-01,388,Anaconda-Lago,G,Varzea,Crepuscular
TBS,7/2/2025,7/2/2025,7/2/2025 20:06,7/2/2025 22:53,Night,Frog,Common Big-headed Frog,No,Craugastoridae,Oreobates,quixensis,ANAC-01,388,Anaconda-Lago,G,Varzea,Crepuscular
TBS,7/2/2025,7/2/2025,7/2/2025 20:06,7/2/2025 22:53,Night,Frog,Common Big-headed Frog,No,Craugastoridae,Oreobates,quixensis,LAGO-02,1450,Anaconda-Lago,G,Varzea,Crepuscular
YRS,7/4/2025,7/4/2025,7/4/2025 20:21,7/4/2025 23:39,Night,Frog,Common Big-headed Frog,No,Craugastoridae,Oreobates,quixensis,FPPE-05,291,Forest Plot Perimeter,G,Terrafirme,Crepuscular
YRS,7/5/2025,7/5/2025,7/5/2025 20:26,7/5/2025 23:30,Night,Frog,Common Big-headed Frog,No,Craugastoridae,Oreobates,quixensis,PERU-02,738,Coca-Ceiba-Peru-Tiputini-Peru,G,Terrafirme,Crepuscular
YRS,7/11/2025,7/11/2025,7/11/2025 20:14,7/11/2025 22:40,Night,Frog,Common Big-headed Frog,No,Craugastoridae,Oreobates,quixensis,GAWA-01,272,Gawape-Chorongo-Kinkajou,G,Varzea,Crepuscular
YRS,7/13/2025,7/13/2025,7/13/2025 20:51,7/13/2025 22:41,Night,Frog,Common Big-headed Frog,No,Craugastoridae,Oreobates,quixensis,TINA-02,509,Botanico-Tinamou-Napo-Timatai-Bariso,G,Terrafirme,Crepuscular
YRS,7/13/2025,7/13/2025,7/13/2025 20:51,7/13/2025 22:41,Night,Frog,Common Big-headed Frog,No,Craugastoridae,Oreobates,quixensis,NAPO-02,419,Botanico-Tinamou-Napo-Timatai-Bariso,G,Terrafirme,Crepuscular
TBS,6/17/2024,6/17/2024,6/17/2024 20:04,6/18/2024 0:11,Night,Frog,Common Big-headed Frog,No,Craugastoridae,Oreobates,quixensis,MAPO-02,170,Matapalo-Murcielago-Matapalo-Chichico-Numa-Matapalo,G,Terrafirme,Crepuscular
TBS,6/17/2024,6/17/2024,6/17/2024 20:04,6/18/2024 0:11,Night,Frog,Common Big-headed Frog,No,Craugastoridae,Oreobates,quixensis,MAPO-04,387,Matapalo-Murcielago-Matapalo-Chichico-Numa-Matapalo,G,Terrafirme,Crepuscular
TBS,6/17/2024,6/17/2024,6/17/2024 20:04,6/18/2024 0:11,Night,Frog,Common Big-headed Frog,No,Craugastoridae,Oreobates,quixensis,MAPO-05,250,Matapalo-Murcielago-Matapalo-Chichico-Numa-Matapalo,G,Terrafirme,Crepuscular
TBS,6/17/2024,6/17/2024,6/17/2024 20:04,6/18/2024 0:11,Night,Frog,Common Big-headed Frog,No,Craugastoridae,Oreobates,quixensis,MAPO-06,359,Matapalo-Murcielago-Matapalo-Chichico-Numa-Matapalo,G,Terrafirme,Crepuscular
TBS,6/17/2024,6/17/2024,6/17/2024 20:04,6/18/2024 0:11,Night,Frog,Common Big-headed Frog,No,Craugastoridae,Oreobates,quixensis,MAPO-06,359,Matapalo-Murcielago-Matapalo-Chichico-Numa-Matapalo,G,Terrafirme,Crepuscular
TBS,6/19/2024,6/19/2024,6/19/2024 19:58,6/19/2024 22:50,Night,Frog,Common Big-headed Frog,No,Craugastoridae,Oreobates,quixensis,GUAC-01,230,Guacamayo-Puma-Harpia-Chorongo-Guacamayo,G,Terrafirme,Crepuscular
TBS,6/23/2024,6/23/2024,6/23/2024 20:00,6/23/2024 22:36,Night,Frog,Common Big-headed Frog,No,Craugastoridae,Oreobates,quixensis,MUPO-01,410,Matapalo-Murcielago-Puentes-Murcielago Pond-Puentes-Murcielago-Matapalo,G,Varzea,Crepuscular
YRS,6/27/2024,6/27/2024,6/27/2024 20:07,6/27/2024 23:04,Night,Frog,Common Big-headed Frog,No,Craugastoridae,Oreobates,quixensis,BARI-01,340,Chorongo-Kinkajou-Napo-Bariso-Tinamou-Botanico,G,Varzea,Crepuscular
YRS,6/29/2024,6/29/2024,6/29/2024 20:04,6/29/2024 23:19,Night,Frog,Common Big-headed Frog,No,Craugastoridae,Oreobates,quixensis,YCHO-02,691,Gawape-Chorongo-Kinkajou-Napo-Tucan-Garza,G,Varzea,Crepuscular
YRS,6/29/2024,6/29/2024,6/29/2024 20:04,6/29/2024 23:19,Night,Frog,Common Big-headed Frog,No,Craugastoridae,Oreobates,quixensis,KINK-01,321,Gawape-Chorongo-Kinkajou-Napo-Tucan-Garza,G,Terrafirme,Crepuscular
YRS,7/3/2024,7/3/2024,7/3/2024 20:11,7/3/2024 23:07,Night,Frog,Common Big-headed Frog,No,Craugastoridae,Oreobates,quixensis,PERU-02,738,Ceiba-Peru,G,Terrafirme,Crepuscular
YRS,7/3/2024,7/3/2024,7/3/2024 20:11,7/3/2024 23:07,Night,Frog,Common Big-headed Frog,No,Craugastoridae,Oreobates,quixensis,PERU-02,738,Ceiba-Peru,G,Varzea,Crepuscular
YRS,7/4/2024,7/4/2024,7/4/2024 20:12,7/4/2024 23:00,Night,Frog,Common Big-headed Frog,No,Craugastoridae,Oreobates,quixensis,YCHO-01,1230,Chorongo-Kinkajou-Napo-Bariso-Tinamou-Botanico,G,Terrafirme,Crepuscular
YRS,7/4/2024,7/4/2024,7/4/2024 20:12,7/4/2024 23:00,Night,Frog,Common Big-headed Frog,No,Craugastoridae,Oreobates,quixensis,NAPO-04,220,Chorongo-Kinkajou-Napo-Bariso-Tinamou-Botanico,G,Terrafirme,Crepuscular
YRS,7/4/2024,7/4/2024,7/4/2024 20:12,7/4/2024 23:00,Night,Frog,Common Big-headed Frog,No,Craugastoridae,Oreobates,quixensis,BARI-01,340,Chorongo-Kinkajou-Napo-Bariso-Tinamou-Botanico,G,Varzea,Crepuscular
TBS,7/8/2024,7/8/2024,7/8/2024 20:01,7/8/2024 22:53,Night,Frog,Common Big-headed Frog,No,Craugastoridae,Oreobates,quixensis,PUEN-01,144,Matapalo-Murcielago-Puentes-Murcielago Pond-Matapalo-Chichico-Numa,G,Terrafirme,Crepuscular
TBS,7/14/2024,7/14/2024,7/14/2024 20:51,7/15/2024 0:05,Night,Frog,Common Big-headed Frog,No,Craugastoridae,Oreobates,quixensis,HAPL-01,2220,Harpia Plot-Harpia,G,Varzea,Crepuscular
TBS,7/14/2024,7/14/2024,7/14/2024 20:51,7/15/2024 0:05,Night,Frog,Common Big-headed Frog,No,Craugastoridae,Oreobates,quixensis,HAPL-01,2220,Harpia Plot-Harpia,G,Varzea,Crepuscular
TBS,7/14/2024,7/14/2024,7/14/2024 20:51,7/15/2024 0:05,Night,Frog,Common Big-headed Frog,No,Craugastoridae,Oreobates,quixensis,HARP-01,483,Harpia Plot-Harpia,G,Varzea,Crepuscular
TBS,7/15/2024,7/15/2024,7/15/2024 20:14,7/15/2024 23:42,Night,Frog,Common Big-headed Frog,No,Craugastoridae,Oreobates,quixensis,ANAC-01,388,Anaconda-Lago,U,Varzea,Crepuscular
TBS,7/15/2024,7/15/2024,7/15/2024 20:14,7/15/2024 23:42,Night,Frog,Common Big-headed Frog,No,Craugastoridae,Oreobates,quixensis,ANAC-01,388,Anaconda-Lago,G,Varzea,Crepuscular
TBS,7/15/2024,7/15/2024,7/15/2024 20:14,7/15/2024 23:42,Night,Frog,Common Big-headed Frog,No,Craugastoridae,Oreobates,quixensis,LAGO-02,1450,Anaconda-Lago,G,Varzea,Crepuscular
TBS,7/15/2024,7/15/2024,7/15/2024 20:14,7/15/2024 23:42,Night,Frog,Common Big-headed Frog,No,Craugastoridae,Oreobates,quixensis,LAGO-02,1450,Anaconda-Lago,G,Varzea,Crepuscular
TBS,7/15/2024,7/15/2024,7/15/2024 20:14,7/15/2024 23:42,Night,Frog,Common Big-headed Frog,No,Craugastoridae,Oreobates,quixensis,LAGO-02,1450,Anaconda-Lago,G,Varzea,Crepuscular
TBS,7/15/2024,7/15/2024,7/15/2024 20:14,7/15/2024 23:42,Night,Frog,Common Big-headed Frog,No,Craugastoridae,Oreobates,quixensis,LAGO-02,1450,Anaconda-Lago,G,Varzea,Crepuscular
TBS,7/17/2024,7/17/2024,7/17/2024 20:14,7/17/2024 23:22,Night,Frog,Common Big-headed Frog,No,Craugastoridae,Oreobates,quixensis,PUPL-02,652,Puma-Puma Plot,G,Terrafirme,Crepuscular
TBS,7/18/2024,7/18/2024,7/18/2024 20:00,7/18/2024 22:50,Night,Frog,Common Big-headed Frog,No,Craugastoridae,Oreobates,quixensis,HAPL-01,2220,Harpia Plot-Harpia-Matapalo,G,Terrafirme,Crepuscular
TBS,7/20/2024,7/20/2024,7/20/2024 20:06,7/20/2024 23:51,Night,Frog,Common Big-headed Frog,No,Craugastoridae,Oreobates,quixensis,PUPL-04,411,Puma-Puma Plot,G,Terrafirme,Crepuscular
YRS,7/26/2024,7/26/2024,7/26/2024 20:02,7/26/2024 22:54,Night,Frog,Common Big-headed Frog,No,Craugastoridae,Oreobates,quixensis,GAWA-03,692,Gawape-Garza-Tucan-Napo-Kinkajou-Chorongo-Tucan-Gawape,U,Varzea,Crepuscular
YRS,7/29/2024,7/29/2024,7/29/2024 20:20,7/29/2024 22:48,Night,Frog,Common Big-headed Frog,No,Craugastoridae,Oreobates,quixensis,KINK-01,321,Chorongo-Kinkajou-Napo-Bariso-Tinamou-Botanico,G,Varzea,Crepuscular
YRS,7/31/2024,7/31/2024,7/31/2024 20:38,7/31/2024 23:53,Night,Frog,Common Big-headed Frog,No,Craugastoridae,Oreobates,quixensis,TORR-01,900,Torre-Forest Plot North Edge-Forest Plot Interior,G,Varzea,Crepuscular
TBS,6/6/2025,6/6/2025,6/6/2025 20:08,6/6/2025 23:02,Night,Frog,Broad-headed Treefrogs,Yes,Hylidae,Osteocephalus,NA,MAPO-02,170,Matapalo-Murcielago-Puentes-Matapalo-Chichico-Numa,U,Terrafirme,Nocturnal
TBS,6/7/2025,6/7/2025,6/7/2025 19:59,6/7/2025 22:26,Night,Frog,Broad-headed Treefrogs,Yes,Hylidae,Osteocephalus,NA,DANT-01,591,Guacamayo-Danta-Lago,U,Varzea,Nocturnal
TBS,6/7/2025,6/7/2025,6/7/2025 19:59,6/7/2025 22:26,Night,Frog,Broad-headed Treefrogs,Yes,Hylidae,Osteocephalus,NA,DANT-01,591,Guacamayo-Danta-Lago,U,Varzea,Nocturnal
YRS,6/9/2025,6/9/2025,6/9/2025 20:15,6/9/2025 23:03,Night,Frog,Broad-headed Treefrogs,Yes,Hylidae,Osteocephalus,NA,YCHO-01,1230,Chorongo-Kinkajou-Napo-Bariso-Tinamou-Botanico,U,Varzea,Nocturnal
YRS,6/15/2025,6/15/2025,6/15/2025 20:34,6/15/2025 23:24,Night,Frog,Broad-headed Treefrogs,Yes,Hylidae,Osteocephalus,NA,FPIN-01,1053,Torre-Forest Plot Perimeter-Forest Plot Interior-Forest Plot Perimeter,U,Varzea,Nocturnal
YRS,6/18/2025,6/18/2025,6/18/2025 20:47,6/18/2025 22:56,Night,Frog,Broad-headed Treefrogs,Yes,Hylidae,Osteocephalus,NA,MIRA-02,592,Mirador,C,Varzea,Nocturnal
YRS,6/18/2025,6/18/2025,6/18/2025 20:47,6/18/2025 22:56,Night,Frog,Broad-headed Treefrogs,Yes,Hylidae,Osteocephalus,NA,MIRA-02,592,Mirador,U,Varzea,Nocturnal
TBS,6/21/2025,6/21/2025,6/21/2025 20:43,6/21/2025 23:53,Night,Frog,Broad-headed Treefrogs,Yes,Hylidae,Osteocephalus,NA,PARA-01,3522,Parahuaco,U,Varzea,Nocturnal
TBS,6/23/2025,6/23/2025,6/23/2025 20:12,6/23/2025 23:04,Night,Frog,Broad-headed Treefrogs,Yes,Hylidae,Osteocephalus,NA,PUPL-04,411,Puma-Puma Plot,U,Varzea,Nocturnal
YRS,7/4/2025,7/4/2025,7/4/2025 20:21,7/4/2025 23:39,Night,Frog,Broad-headed Treefrogs,Yes,Hylidae,Osteocephalus,NA,FPPE-05,291,Forest Plot Perimeter,U,Terrafirme,Nocturnal
YRS,7/4/2025,7/4/2025,7/4/2025 20:21,7/4/2025 23:39,Night,Frog,Broad-headed Treefrogs,Yes,Hylidae,Osteocephalus,NA,FPPE-05,291,Forest Plot Perimeter,U,Terrafirme,Nocturnal
YRS,7/6/2025,7/6/2025,7/6/2025 20:13,7/6/2025 22:38,Night,Frog,Broad-headed Treefrogs,Yes,Hylidae,Osteocephalus,NA,TORR-01,900,Chorongo-Kinkajou-Napo-Tucan-Garza-Napo,U,Terrafirme,Nocturnal
YRS,7/7/2025,7/7/2025,7/7/2025 20:26,7/7/2025 23:02,Night,Frog,Broad-headed Treefrogs,Yes,Hylidae,Osteocephalus,NA,TORR-01,900,Torre-Forest Plot Perimeter-Forest Plot Interior-Forest Plot Perimeter,U,Terrafirme,Nocturnal
YRS,7/8/2025,7/8/2025,7/8/2025 20:18,7/8/2025 22:59,Night,Frog,Broad-headed Treefrogs,Yes,Hylidae,Osteocephalus,NA,NAPO-02,419,Pantano-Napo-Bariso-Timatai-Tinamou-Botanico-Gran Ficus-Botanico,U,Terrafirme,Nocturnal
YRS,7/11/2025,7/11/2025,7/11/2025 20:14,7/11/2025 22:40,Night,Frog,Broad-headed Treefrogs,Yes,Hylidae,Osteocephalus,NA,GAWA-01,272,Gawape-Chorongo-Kinkajou,U,Varzea,Nocturnal
YRS,7/11/2025,7/11/2025,7/11/2025 20:14,7/11/2025 22:40,Night,Frog,Broad-headed Treefrogs,Yes,Hylidae,Osteocephalus,NA,GAWA-01,272,Gawape-Chorongo-Kinkajou,U,Varzea,Nocturnal
YRS,7/11/2025,7/11/2025,7/11/2025 20:14,7/11/2025 22:40,Night,Frog,Broad-headed Treefrogs,Yes,Hylidae,Osteocephalus,NA,GAWA-02,650,Gawape-Chorongo-Kinkajou,U,Varzea,Nocturnal
YRS,7/11/2025,7/11/2025,7/11/2025 20:14,7/11/2025 22:40,Night,Frog,Broad-headed Treefrogs,Yes,Hylidae,Osteocephalus,NA,GAWA-02,650,Gawape-Chorongo-Kinkajou,U,Varzea,Nocturnal
YRS,7/13/2025,7/13/2025,7/13/2025 20:51,7/13/2025 22:41,Night,Frog,Broad-headed Treefrogs,Yes,Hylidae,Osteocephalus,NA,TINA-02,509,Botanico-Tinamou-Napo-Timatai-Bariso,,Varzea,Nocturnal
YRS,7/13/2025,7/13/2025,7/13/2025 20:51,7/13/2025 22:41,Night,Frog,Broad-headed Treefrogs,Yes,Hylidae,Osteocephalus,NA,BARI-01,340,Botanico-Tinamou-Napo-Timatai-Bariso,U,Varzea,Nocturnal
YRS,7/14/2025,7/14/2025,7/14/2025 20:34,7/14/2025 22:56,Night,Frog,Broad-headed Treefrogs,Yes,Hylidae,Osteocephalus,NA,MIRA-02,592,Mirador,U,Varzea,Nocturnal
YRS,7/16/2025,7/16/2025,7/16/2025 20:21,7/16/2025 22:24,Night,Frog,Broad-headed Treefrogs,Yes,Hylidae,Osteocephalus,NA,COCA-01,301,Coca-Ceiba-Peru-Renacuajo-Mirador,U,Terrafirme,Nocturnal
YRS,7/16/2025,7/16/2025,7/16/2025 20:21,7/16/2025 22:24,Night,Frog,Broad-headed Treefrogs,Yes,Hylidae,Osteocephalus,NA,RENA-01,272,Coca-Ceiba-Peru-Renacuajo-Mirador,U,Terrafirme,Nocturnal
YRS,6/29/2024,6/29/2024,6/29/2024 20:04,6/29/2024 23:19,Night,Frog,Broad-headed Treefrogs,Yes,Hylidae,Osteocephalus,,GAWA-02,650,Gawape-Chorongo-Kinkajou-Napo-Tucan-Garza,U,Varzea,Nocturnal
YRS,6/29/2024,6/29/2024,6/29/2024 20:04,6/29/2024 23:19,Night,Frog,Broad-headed Treefrogs,Yes,Hylidae,Osteocephalus,,GAWA-02,650,Gawape-Chorongo-Kinkajou-Napo-Tucan-Garza,U,Varzea,Nocturnal
TBS,7/14/2024,7/14/2024,7/14/2024 20:51,7/15/2024 0:05,Night,Frog,Broad-headed Treefrogs,Yes,Hylidae,Osteocephalus,,HAPL-01,2220,Harpia Plot-Harpia,U,Varzea,Nocturnal
TBS,7/15/2024,7/15/2024,7/15/2024 20:14,7/15/2024 23:42,Night,Frog,Broad-headed Treefrogs,Yes,Hylidae,Osteocephalus,,LAGO-02,1450,Anaconda-Lago,U,Varzea,Nocturnal
TBS,7/17/2024,7/17/2024,7/17/2024 20:14,7/17/2024 23:22,Night,Frog,Broad-headed Treefrogs,Yes,Hylidae,Osteocephalus,,PUPL-02,652,Puma-Puma Plot,U,Terrafirme,Nocturnal
TBS,7/20/2024,7/20/2024,7/20/2024 20:06,7/20/2024 23:51,Night,Frog,Broad-headed Treefrogs,Yes,Hylidae,Osteocephalus,,PUPL-02,652,Puma-Puma Plot,U,Terrafirme,Nocturnal
YRS,7/23/2024,7/23/2024,7/23/2024 20:09,7/23/2024 22:46,Night,Frog,Broad-headed Treefrogs,Yes,Hylidae,Osteocephalus,,PANT-01,103,Tinamou-Napo-Pantano-Botanico-Gran Ficus,U,Varzea,Nocturnal
YRS,7/28/2024,7/28/2024,7/28/2024 20:27,7/28/2024 23:31,Night,Frog,Broad-headed Treefrogs,Yes,Hylidae,Osteocephalus,,PERU-03,175,Peru-Ceiba,U,Terrafirme,Nocturnal
YRS,7/29/2024,7/29/2024,7/29/2024 20:20,7/29/2024 22:48,Night,Frog,Broad-headed Treefrogs,Yes,Hylidae,Osteocephalus,,TINA-01,65,Chorongo-Kinkajou-Napo-Bariso-Tinamou-Botanico,U,Varzea,Nocturnal
YRS,7/4/2025,7/4/2025,7/4/2025 20:21,7/4/2025 23:39,Night,Frog,Cannatella's Spiny-backed Frog,Yes,Hylidae,Osteocephalus,cannatellai,FPPE-05,291,Forest Plot Perimeter,U,Varzea,Nocturnal
YRS,7/5/2025,7/5/2025,7/5/2025 20:26,7/5/2025 23:30,Night,Frog,Cannatella's Spiny-backed Frog,Yes,Hylidae,Osteocephalus,cannatellai,PERU-03,175,Coca-Ceiba-Peru-Tiputini-Peru,U,Terrafirme,Nocturnal
YRS,7/5/2025,7/5/2025,7/5/2025 20:26,7/5/2025 23:30,Night,Frog,Cannatella's Spiny-backed Frog,Yes,Hylidae,Osteocephalus,cannatellai,PERU-04,259,Coca-Ceiba-Peru-Tiputini-Peru,U,Terrafirme,Nocturnal
YRS,7/7/2025,7/7/2025,7/7/2025 20:26,7/7/2025 23:02,Night,Frog,Cannatella's Spiny-backed Frog,Yes,Hylidae,Osteocephalus,cannatellai,TORR-01,900,Torre-Forest Plot Perimeter-Forest Plot Interior-Forest Plot Perimeter,U,Terrafirme,Nocturnal
YRS,7/7/2025,7/7/2025,7/7/2025 20:26,7/7/2025 23:02,Night,Frog,Cannatella's Spiny-backed Frog,Yes,Hylidae,Osteocephalus,cannatellai,TORR-01,900,Torre-Forest Plot Perimeter-Forest Plot Interior-Forest Plot Perimeter,U,Terrafirme,Nocturnal
YRS,7/14/2025,7/14/2025,7/14/2025 20:34,7/14/2025 22:56,Night,Frog,Cannatella's Spiny-backed Frog,Yes,Hylidae,Osteocephalus,cannatellai,MIRA-01,550,Mirador,U,Terrafirme,Nocturnal
YRS,7/3/2024,7/3/2024,7/3/2024 20:11,7/3/2024 23:07,Night,Frog,Cannatella's Spiny-backed Frog,Yes,Hylidae,Osteocephalus,cannatellai,PERU-02,738,Ceiba-Peru,U,Varzea,Nocturnal
TBS,7/15/2024,7/15/2024,7/15/2024 20:14,7/15/2024 23:42,Night,Frog,Flat-headed Spiny-backed Treefrog,Yes,Hylidae,Osteocephalus,planiceps,LAGO-02,1450,Anaconda-Lago,U,Varzea,Nocturnal
TBS,7/17/2024,7/17/2024,7/17/2024 20:14,7/17/2024 23:22,Night,Frog,Flat-headed Spiny-backed Treefrog,Yes,Hylidae,Osteocephalus,planiceps,PUPL-02,652,Puma-Puma Plot,U,Terrafirme,Nocturnal
TBS,7/18/2024,7/18/2024,7/18/2024 20:00,7/18/2024 22:50,Night,Frog,Flat-headed Spiny-backed Treefrog,Yes,Hylidae,Osteocephalus,planiceps,HAPL-01,2220,Harpia Plot-Harpia-Matapalo,U,Varzea,Nocturnal
TBS,7/20/2024,7/20/2024,7/20/2024 20:06,7/20/2024 23:51,Night,Frog,Flat-headed Spiny-backed Treefrog,Yes,Hylidae,Osteocephalus,planiceps,PUPL-10,248,Puma-Puma Plot,U,Terrafirme,Nocturnal
TBS,6/6/2025,6/6/2025,6/6/2025 20:08,6/6/2025 23:02,Night,Frog,Manaus Spiny-backed Treefrog,Yes,Hylidae,Osteocephalus,taurinus,MAPO-03,388,Matapalo-Murcielago-Puentes-Matapalo-Chichico-Numa,U,Terrafirme,Nocturnal
TBS,6/7/2025,6/7/2025,6/7/2025 19:59,6/7/2025 22:26,Night,Frog,Manaus Spiny-backed Treefrog,Yes,Hylidae,Osteocephalus,taurinus,DANT-01,591,Guacamayo-Danta-Lago,U,Terrafirme,Nocturnal
YRS,6/12/2025,6/12/2025,6/12/2025 20:01,6/12/2025 22:53,Night,Frog,Manaus Spiny-backed Treefrog,Yes,Hylidae,Osteocephalus,taurinus,GAWA-03,692,Gawape-Chorongo-Kinkajou-Napo-Tucan-Garza,U,Varzea,Nocturnal
YRS,6/15/2025,6/15/2025,6/15/2025 20:34,6/15/2025 23:24,Night,Frog,Manaus Spiny-backed Treefrog,Yes,Hylidae,Osteocephalus,taurinus,FPIN-01,1053,Torre-Forest Plot Perimeter-Forest Plot Interior-Forest Plot Perimeter,U,Varzea,Nocturnal
YRS,6/15/2025,6/15/2025,6/15/2025 20:34,6/15/2025 23:24,Night,Frog,Manaus Spiny-backed Treefrog,Yes,Hylidae,Osteocephalus,taurinus,FPPE-05,291,Torre-Forest Plot Perimeter-Forest Plot Interior-Forest Plot Perimeter,U,Varzea,Nocturnal
YRS,7/5/2025,7/5/2025,7/5/2025 20:26,7/5/2025 23:30,Night,Frog,Manaus Spiny-backed Treefrog,Yes,Hylidae,Osteocephalus,taurinus,PERU-03,175,Coca-Ceiba-Peru-Tiputini-Peru,U,Terrafirme,Nocturnal
YRS,7/6/2025,7/6/2025,7/6/2025 20:13,7/6/2025 22:38,Night,Frog,Manaus Spiny-backed Treefrog,Yes,Hylidae,Osteocephalus,taurinus,TORR-01,900,Chorongo-Kinkajou-Napo-Tucan-Garza-Napo,U,Terrafirme,Nocturnal
YRS,7/3/2024,7/3/2024,7/3/2024 20:11,7/3/2024 23:07,Night,Frog,Manaus Spiny-backed Treefrog,Yes,Hylidae,Osteocephalus,taurinus,PERU-01,250,Ceiba-Peru,C,Terrafirme,Nocturnal
YRS,7/3/2024,7/3/2024,7/3/2024 20:11,7/3/2024 23:07,Night,Frog,Manaus Spiny-backed Treefrog,Yes,Hylidae,Osteocephalus,taurinus,PERU-02,738,Ceiba-Peru,C,Terrafirme,Nocturnal
TBS,7/10/2024,7/10/2024,7/10/2024 20:07,7/10/2024 22:58,Night,Frog,Manaus Spiny-backed Treefrog,Yes,Hylidae,Osteocephalus,taurinus,LAGO-01,719,Guacamayo-Danta-Lago,U,Varzea,Nocturnal
TBS,7/15/2024,7/15/2024,7/15/2024 20:14,7/15/2024 23:42,Night,Frog,Manaus Spiny-backed Treefrog,Yes,Hylidae,Osteocephalus,taurinus,LAGO-02,1450,Anaconda-Lago,U,Varzea,Nocturnal
TBS,7/15/2024,7/15/2024,7/15/2024 20:14,7/15/2024 23:42,Night,Frog,Manaus Spiny-backed Treefrog,Yes,Hylidae,Osteocephalus,taurinus,LAGO-02,1450,Anaconda-Lago,U,Varzea,Nocturnal
TBS,7/17/2024,7/17/2024,7/17/2024 20:14,7/17/2024 23:22,Night,Frog,Manaus Spiny-backed Treefrog,Yes,Hylidae,Osteocephalus,taurinus,PUPL-04,411,Puma-Puma Plot,U,Varzea,Nocturnal
YRS,7/23/2024,7/23/2024,7/23/2024 20:09,7/23/2024 22:46,Night,Frog,Manaus Spiny-backed Treefrog,Yes,Hylidae,Osteocephalus,taurinus,TINA-02,509,Tinamou-Napo-Pantano-Botanico-Gran Ficus,U,Terrafirme,Nocturnal
YRS,7/26/2024,7/26/2024,7/26/2024 20:02,7/26/2024 22:54,Night,Frog,Manaus Spiny-backed Treefrog,Yes,Hylidae,Osteocephalus,taurinus,GARZ-01,223,Gawape-Garza-Tucan-Napo-Kinkajou-Chorongo-Tucan-Gawape,U,Terrafirme,Nocturnal
YRS,7/26/2024,7/26/2024,7/26/2024 20:02,7/26/2024 22:54,Night,Frog,Manaus Spiny-backed Treefrog,Yes,Hylidae,Osteocephalus,taurinus,YCHO-02,691,Gawape-Garza-Tucan-Napo-Kinkajou-Chorongo-Tucan-Gawape,U,Varzea,Nocturnal
YRS,7/26/2024,7/26/2024,7/26/2024 20:02,7/26/2024 22:54,Night,Frog,Manaus Spiny-backed Treefrog,Yes,Hylidae,Osteocephalus,taurinus,GAWA-02,650,Gawape-Garza-Tucan-Napo-Kinkajou-Chorongo-Tucan-Gawape,G,Varzea,Nocturnal
YRS,7/28/2024,7/28/2024,7/28/2024 20:27,7/28/2024 23:31,Night,Frog,Manaus Spiny-backed Treefrog,Yes,Hylidae,Osteocephalus,taurinus,PERU-02,738,Peru-Ceiba,U,Varzea,Nocturnal
YRS,7/28/2024,7/28/2024,7/28/2024 20:27,7/28/2024 23:31,Night,Frog,Manaus Spiny-backed Treefrog,Yes,Hylidae,Osteocephalus,taurinus,PERU-02,738,Peru-Ceiba,U,Terrafirme,Nocturnal
YRS,8/1/2024,8/1/2024,8/1/2024 20:07,8/1/2024 22:19,Night,Frog,Manaus Spiny-backed Treefrog,Yes,Hylidae,Osteocephalus,taurinus,TINA-02,509,Tinamou-Napo-Pantano-Botanico-Gran Ficus,U,Terrafirme,Nocturnal
TBS,6/4/2025,6/4/2025,6/4/2025 20:12,6/4/2025 22:32,Night,Frog,Tan-faced Spiny-backed Frog,Yes,Hylidae,Osteocephalus,fuscifacies,LAGO-02,1450,Anaconda-Lago,U,Varzea,Nocturnal
TBS,6/3/2025,6/3/2025,6/3/2025 20:49,6/3/2025 23:05,Night,Frog,Yasuni Spiny-backed Treefrog,Yes,Hylidae,Osteocephalus,yasuni,CHIO-02,1000,Numa-Chichico,U,Varzea,Nocturnal
TBS,6/4/2025,6/4/2025,6/4/2025 20:12,6/4/2025 22:32,Night,Frog,Yasuni Spiny-backed Treefrog,Yes,Hylidae,Osteocephalus,yasuni,LAGO-02,1450,Anaconda-Lago,U,Varzea,Nocturnal
TBS,6/7/2025,6/7/2025,6/7/2025 19:59,6/7/2025 22:26,Night,Frog,Yasuni Spiny-backed Treefrog,Yes,Hylidae,Osteocephalus,yasuni,DANT-01,591,Guacamayo-Danta-Lago,U,Terrafirme,Nocturnal
TBS,6/7/2025,6/7/2025,6/7/2025 19:59,6/7/2025 22:26,Night,Frog,Yasuni Spiny-backed Treefrog,Yes,Hylidae,Osteocephalus,yasuni,LAGO-01,719,Guacamayo-Danta-Lago,U,Varzea,Nocturnal
YRS,6/9/2025,6/9/2025,6/9/2025 20:15,6/9/2025 23:03,Night,Frog,Yasuni Spiny-backed Treefrog,Yes,Hylidae,Osteocephalus,yasuni,BARI-02,183,Chorongo-Kinkajou-Napo-Bariso-Tinamou-Botanico,G,Terrafirme,Nocturnal
YRS,6/10/2025,6/10/2025,6/10/2025 20:07,6/10/2025 22:33,Night,Frog,Yasuni Spiny-backed Treefrog,Yes,Hylidae,Osteocephalus,yasuni,PERU-02,738,Ceiba-Peru,U,Terrafirme,Nocturnal
YRS,6/10/2025,6/10/2025,6/10/2025 20:07,6/10/2025 22:33,Night,Frog,Yasuni Spiny-backed Treefrog,Yes,Hylidae,Osteocephalus,yasuni,PERU-02,738,Ceiba-Peru,U,Terrafirme,Nocturnal
YRS,6/10/2025,6/10/2025,6/10/2025 20:07,6/10/2025 22:33,Night,Frog,Yasuni Spiny-backed Treefrog,Yes,Hylidae,Osteocephalus,yasuni,PERU-02,738,Ceiba-Peru,U,Terrafirme,Nocturnal
YRS,6/12/2025,6/12/2025,6/12/2025 20:01,6/12/2025 22:53,Night,Frog,Yasuni Spiny-backed Treefrog,Yes,Hylidae,Osteocephalus,yasuni,GAWA-02,650,Gawape-Chorongo-Kinkajou-Napo-Tucan-Garza,U,Varzea,Nocturnal
YRS,6/12/2025,6/12/2025,6/12/2025 20:01,6/12/2025 22:53,Night,Frog,Yasuni Spiny-backed Treefrog,Yes,Hylidae,Osteocephalus,yasuni,GAWA-02,650,Gawape-Chorongo-Kinkajou-Napo-Tucan-Garza,U,Varzea,Nocturnal
YRS,6/12/2025,6/12/2025,6/12/2025 20:01,6/12/2025 22:53,Night,Frog,Yasuni Spiny-backed Treefrog,Yes,Hylidae,Osteocephalus,yasuni,GAWA-03,692,Gawape-Chorongo-Kinkajou-Napo-Tucan-Garza,U,Varzea,Nocturnal
YRS,6/12/2025,6/12/2025,6/12/2025 20:01,6/12/2025 22:53,Night,Frog,Yasuni Spiny-backed Treefrog,Yes,Hylidae,Osteocephalus,yasuni,NAPO-05,243,Gawape-Chorongo-Kinkajou-Napo-Tucan-Garza,U,Terrafirme,Nocturnal
YRS,6/12/2025,6/12/2025,6/12/2025 20:01,6/12/2025 22:53,Night,Frog,Yasuni Spiny-backed Treefrog,Yes,Hylidae,Osteocephalus,yasuni,TUCA-01,240,Gawape-Chorongo-Kinkajou-Napo-Tucan-Garza,U,Terrafirme,Nocturnal
YRS,6/17/2025,6/17/2025,6/17/2025 20:17,6/17/2025 23:35,Night,Frog,Yasuni Spiny-backed Treefrog,Yes,Hylidae,Osteocephalus,yasuni,FPPE-02,2520,Forest Plot Perimeter,U,Terrafirme,Nocturnal
YRS,6/17/2025,6/17/2025,6/17/2025 20:17,6/17/2025 23:35,Night,Frog,Yasuni Spiny-backed Treefrog,Yes,Hylidae,Osteocephalus,yasuni,FPPE-02,2520,Forest Plot Perimeter,U,Terrafirme,Nocturnal
YRS,6/17/2025,6/17/2025,6/17/2025 20:17,6/17/2025 23:35,Night,Frog,Yasuni Spiny-backed Treefrog,Yes,Hylidae,Osteocephalus,yasuni,FPPE-02,2520,Forest Plot Perimeter,U,Terrafirme,Nocturnal
YRS,6/18/2025,6/18/2025,6/18/2025 20:47,6/18/2025 22:56,Night,Frog,Yasuni Spiny-backed Treefrog,Yes,Hylidae,Osteocephalus,yasuni,MIRA-02,592,Mirador,U,Terrafirme,Nocturnal
TBS,6/21/2025,6/21/2025,6/21/2025 20:43,6/21/2025 23:53,Night,Frog,Yasuni Spiny-backed Treefrog,Yes,Hylidae,Osteocephalus,yasuni,PARA-01,3522,Parahuaco,U,Varzea,Nocturnal
TBS,6/29/2025,6/29/2025,6/29/2025 20:08,6/29/2025 23:03,Night,Frog,Yasuni Spiny-backed Treefrog,Yes,Hylidae,Osteocephalus,yasuni,NUMA-02,268,Matapalo-Numa/Matapalo Connector-Numa-Chichico-Matapalo-Numa,U,Varzea,Nocturnal
TBS,7/2/2025,7/2/2025,7/2/2025 20:06,7/2/2025 22:53,Night,Frog,Yasuni Spiny-backed Treefrog,Yes,Hylidae,Osteocephalus,yasuni,ANAC-01,388,Anaconda-Lago,U,Varzea,Nocturnal
TBS,7/2/2025,7/2/2025,7/2/2025 20:06,7/2/2025 22:53,Night,Frog,Yasuni Spiny-backed Treefrog,Yes,Hylidae,Osteocephalus,yasuni,LAGO-02,1450,Anaconda-Lago,U,Varzea,Nocturnal
TBS,7/2/2025,7/2/2025,7/2/2025 20:06,7/2/2025 22:53,Night,Frog,Yasuni Spiny-backed Treefrog,Yes,Hylidae,Osteocephalus,yasuni,LAGO-02,1450,Anaconda-Lago,U,Varzea,Nocturnal
YRS,7/8/2025,7/8/2025,7/8/2025 20:18,7/8/2025 22:59,Night,Frog,Yasuni Spiny-backed Treefrog,Yes,Hylidae,Osteocephalus,yasuni,NAPO-02,419,Pantano-Napo-Bariso-Timatai-Tinamou-Botanico-Gran Ficus-Botanico,U,Varzea,Nocturnal
YRS,7/8/2025,7/8/2025,7/8/2025 20:18,7/8/2025 22:59,Night,Frog,Yasuni Spiny-backed Treefrog,Yes,Hylidae,Osteocephalus,yasuni,NAPO-03,157,Pantano-Napo-Bariso-Timatai-Tinamou-Botanico-Gran Ficus-Botanico,G,Terrafirme,Nocturnal
YRS,7/8/2025,7/8/2025,7/8/2025 20:18,7/8/2025 22:59,Night,Frog,Yasuni Spiny-backed Treefrog,Yes,Hylidae,Osteocephalus,yasuni,TINA-02,509,Pantano-Napo-Bariso-Timatai-Tinamou-Botanico-Gran Ficus-Botanico,U,Terrafirme,Nocturnal
YRS,7/11/2025,7/11/2025,7/11/2025 20:14,7/11/2025 22:40,Night,Frog,Yasuni Spiny-backed Treefrog,Yes,Hylidae,Osteocephalus,yasuni,GAWA-01,272,Gawape-Chorongo-Kinkajou,U,Varzea,Nocturnal
YRS,7/14/2025,7/14/2025,7/14/2025 20:34,7/14/2025 22:56,Night,Frog,Yasuni Spiny-backed Treefrog,Yes,Hylidae,Osteocephalus,yasuni,MIRA-01,550,Mirador,U,Terrafirme,Nocturnal
YRS,7/16/2025,7/16/2025,7/16/2025 20:21,7/16/2025 22:24,Night,Frog,Yasuni Spiny-backed Treefrog,Yes,Hylidae,Osteocephalus,yasuni,COCA-01,301,Coca-Ceiba-Peru-Renacuajo-Mirador,U,Terrafirme,Nocturnal
YRS,7/16/2025,7/16/2025,7/16/2025 20:21,7/16/2025 22:24,Night,Frog,Yasuni Spiny-backed Treefrog,Yes,Hylidae,Osteocephalus,yasuni,CEIB-02,463,Coca-Ceiba-Peru-Renacuajo-Mirador,U,Terrafirme,Nocturnal
YRS,7/16/2025,7/16/2025,7/16/2025 20:21,7/16/2025 22:24,Night,Frog,Yasuni Spiny-backed Treefrog,Yes,Hylidae,Osteocephalus,yasuni,MIRA-01,550,Coca-Ceiba-Peru-Renacuajo-Mirador,U,Varzea,Nocturnal
YRS,7/16/2025,7/16/2025,7/16/2025 20:21,7/16/2025 22:24,Night,Frog,Yasuni Spiny-backed Treefrog,Yes,Hylidae,Osteocephalus,yasuni,MIRA-01,550,Coca-Ceiba-Peru-Renacuajo-Mirador,U,Varzea,Nocturnal
TBS,6/22/2024,6/22/2024,6/22/2024 20:06,6/22/2024 22:29,Night,Frog,Yasuni Spiny-backed Treefrog,Yes,Hylidae,Osteocephalus,yasuni,LAGO-02,1450,Anaconda-Lago,U,Varzea,Nocturnal
TBS,6/22/2024,6/22/2024,6/22/2024 20:06,6/22/2024 22:29,Night,Frog,Yasuni Spiny-backed Treefrog,Yes,Hylidae,Osteocephalus,yasuni,LAGO-02,1450,Anaconda-Lago,U,Varzea,Nocturnal
TBS,6/23/2024,6/23/2024,6/23/2024 20:00,6/23/2024 22:36,Night,Frog,Yasuni Spiny-backed Treefrog,Yes,Hylidae,Osteocephalus,yasuni,MUPO-01,410,Matapalo-Murcielago-Puentes-Murcielago Pond-Puentes-Murcielago-Matapalo,U,Varzea,Nocturnal
YRS,6/29/2024,6/29/2024,6/29/2024 20:04,6/29/2024 23:19,Night,Frog,Yasuni Spiny-backed Treefrog,Yes,Hylidae,Osteocephalus,yasuni,GAWA-02,650,Gawape-Chorongo-Kinkajou-Napo-Tucan-Garza,U,Varzea,Nocturnal
TBS,7/10/2024,7/10/2024,7/10/2024 20:07,7/10/2024 22:58,Night,Frog,Yasuni Spiny-backed Treefrog,Yes,Hylidae,Osteocephalus,yasuni,GUAC-01,230,Guacamayo-Danta-Lago,U,Varzea,Nocturnal
TBS,7/10/2024,7/10/2024,7/10/2024 20:07,7/10/2024 22:58,Night,Frog,Yasuni Spiny-backed Treefrog,Yes,Hylidae,Osteocephalus,yasuni,DANT-01,591,Guacamayo-Danta-Lago,C,Terrafirme,Nocturnal
TBS,7/15/2024,7/15/2024,7/15/2024 20:14,7/15/2024 23:42,Night,Frog,Yasuni Spiny-backed Treefrog,Yes,Hylidae,Osteocephalus,yasuni,LAGO-02,1450,Anaconda-Lago,U,Varzea,Nocturnal
TBS,7/15/2024,7/15/2024,7/15/2024 20:14,7/15/2024 23:42,Night,Frog,Yasuni Spiny-backed Treefrog,Yes,Hylidae,Osteocephalus,yasuni,LAGO-02,1450,Anaconda-Lago,U,Varzea,Nocturnal
YRS,7/23/2024,7/23/2024,7/23/2024 20:09,7/23/2024 22:46,Night,Frog,Yasuni Spiny-backed Treefrog,Yes,Hylidae,Osteocephalus,yasuni,TINA-02,509,Tinamou-Napo-Pantano-Botanico-Gran Ficus,U,Terrafirme,Nocturnal
YRS,7/26/2024,7/26/2024,7/26/2024 20:02,7/26/2024 22:54,Night,Frog,Yasuni Spiny-backed Treefrog,Yes,Hylidae,Osteocephalus,yasuni,KINK-01,321,Gawape-Garza-Tucan-Napo-Kinkajou-Chorongo-Tucan-Gawape,U,Terrafirme,Nocturnal
YRS,7/26/2024,7/26/2024,7/26/2024 20:02,7/26/2024 22:54,Night,Frog,Yasuni Spiny-backed Treefrog,Yes,Hylidae,Osteocephalus,yasuni,YCHO-02,691,Gawape-Garza-Tucan-Napo-Kinkajou-Chorongo-Tucan-Gawape,U,Terrafirme,Nocturnal
YRS,7/28/2024,7/28/2024,7/28/2024 20:27,7/28/2024 23:31,Night,Frog,Yasuni Spiny-backed Treefrog,Yes,Hylidae,Osteocephalus,yasuni,PERU-03,175,Peru-Ceiba,U,Terrafirme,Nocturnal
YRS,7/28/2024,7/28/2024,7/28/2024 20:27,7/28/2024 23:31,Night,Frog,Yasuni Spiny-backed Treefrog,Yes,Hylidae,Osteocephalus,yasuni,CEIB-01,490,Peru-Ceiba,U,Varzea,Nocturnal
YRS,8/1/2024,8/1/2024,8/1/2024 20:07,8/1/2024 22:19,Night,Frog,Yasuni Spiny-backed Treefrog,Yes,Hylidae,Osteocephalus,yasuni,NAPO-02,419,Tinamou-Napo-Pantano-Botanico-Gran Ficus,U,Terrafirme,Nocturnal
YRS,6/14/2025,6/14/2025,6/14/2025 20:04,6/14/2025 22:40,Night,Frog,Tarsier Leaf Frog,Yes,Hylidae,Phyllomedusa,tarsius,TINA-02,509,Botanico-Tinamou-Napo-Bariso-Timatai-Napo-Pantano-Botanico-Gran Ficus,U,Varzea,Nocturnal
YRS,7/6/2024,7/6/2024,7/6/2024 20:29,7/6/2024 23:28,Night,Frog,Tarsier Leaf Frog,Yes,Hylidae,Phyllomedusa,tarsius,FPPE-04,662,Forest Plot Perimeter,U,Terrafirme,Nocturnal
YRS,6/18/2025,6/18/2025,6/18/2025 20:47,6/18/2025 22:56,Night,Frog,White-lined Leaf Frog,Yes,Hylidae,Phyllomedusa,vaillantii,MIRA-02,592,Mirador,U,Varzea,Nocturnal
TBS,6/20/2025,6/20/2025,6/20/2025 20:23,6/20/2025 23:07,Night,Frog,White-lined Leaf Frog,Yes,Hylidae,Phyllomedusa,vaillantii,PUMA-01,750,Guacamayo-Puma-Harpia-Chorongo,U,Terrafirme,Nocturnal
TBS,6/20/2025,6/20/2025,6/20/2025 20:23,6/20/2025 23:07,Night,Frog,White-lined Leaf Frog,Yes,Hylidae,Phyllomedusa,vaillantii,PUMA-02,388,Guacamayo-Puma-Harpia-Chorongo,U,Terrafirme,Nocturnal
TBS,6/23/2024,6/23/2024,6/23/2024 20:00,6/23/2024 22:36,Night,Frog,White-lined Leaf Frog,Yes,Hylidae,Phyllomedusa,vaillantii,MUPO-01,410,Matapalo-Murcielago-Puentes-Murcielago Pond-Puentes-Murcielago-Matapalo,U,Varzea,Nocturnal
TBS,6/23/2024,6/23/2024,6/23/2024 20:00,6/23/2024 22:36,Night,Frog,White-lined Leaf Frog,Yes,Hylidae,Phyllomedusa,vaillantii,MUPO-01,410,Matapalo-Murcielago-Puentes-Murcielago Pond-Puentes-Murcielago-Matapalo,U,Varzea,Nocturnal
TBS,6/23/2024,6/23/2024,6/23/2024 20:00,6/23/2024 22:36,Night,Frog,White-lined Leaf Frog,Yes,Hylidae,Phyllomedusa,vaillantii,MUPO-01,410,Matapalo-Murcielago-Puentes-Murcielago Pond-Puentes-Murcielago-Matapalo,U,Varzea,Nocturnal
TBS,6/23/2024,6/23/2024,6/23/2024 20:00,6/23/2024 22:36,Night,Frog,White-lined Leaf Frog,Yes,Hylidae,Phyllomedusa,vaillantii,MUPO-01,410,Matapalo-Murcielago-Puentes-Murcielago Pond-Puentes-Murcielago-Matapalo,U,Varzea,Nocturnal
TBS,6/23/2024,6/23/2024,6/23/2024 20:00,6/23/2024 22:36,Night,Frog,White-lined Leaf Frog,Yes,Hylidae,Phyllomedusa,vaillantii,MUPO-01,410,Matapalo-Murcielago-Puentes-Murcielago Pond-Puentes-Murcielago-Matapalo,U,Varzea,Nocturnal
TBS,6/23/2024,6/23/2024,6/23/2024 20:00,6/23/2024 22:36,Night,Frog,White-lined Leaf Frog,Yes,Hylidae,Phyllomedusa,vaillantii,MUPO-01,410,Matapalo-Murcielago-Puentes-Murcielago Pond-Puentes-Murcielago-Matapalo,U,Varzea,Nocturnal
YRS,6/29/2024,6/29/2024,6/29/2024 20:04,6/29/2024 23:19,Night,Frog,White-lined Leaf Frog,Yes,Hylidae,Phyllomedusa,vaillantii,YCHO-02,691,Gawape-Chorongo-Kinkajou-Napo-Tucan-Garza,G,Terrafirme,Nocturnal
TBS,7/11/2024,7/11/2024,7/11/2024 20:08,7/11/2024 22:57,Night,Frog,White-lined Leaf Frog,Yes,Hylidae,Phyllomedusa,vaillantii,PUMA-02,388,Guacamayo-Puma-Harpia-Chorongo-Guacamayo,U,Terrafirme,Nocturnal
TBS,7/20/2024,7/20/2024,7/20/2024 20:06,7/20/2024 23:51,Night,Frog,White-lined Leaf Frog,Yes,Hylidae,Phyllomedusa,vaillantii,PUPL-04,411,Puma-Puma Plot,U,Varzea,Nocturnal
YRS,7/31/2024,7/31/2024,7/31/2024 20:38,7/31/2024 23:53,Night,Frog,White-lined Leaf Frog,Yes,Hylidae,Phyllomedusa,vaillantii,TORR-01,900,Torre-Forest Plot North Edge-Forest Plot Interior,U,Terrafirme,Nocturnal
YRS,6/9/2025,6/9/2025,6/9/2025 20:15,6/9/2025 23:03,Night,Frog,Suriname Toad,No,Pipidae,Pipa,pipa,TINA-01,65,Chorongo-Kinkajou-Napo-Bariso-Tinamou-Botanico,G,Varzea,Nocturnal
YRS,6/27/2024,6/27/2024,6/27/2024 20:07,6/27/2024 23:04,Night,Frog,Amazon Rain Frog,No,Craugastoridae,Pristimantis,altamazonicus,NAPO-04,220,Chorongo-Kinkajou-Napo-Bariso-Tinamou-Botanico,G,Varzea,Nocturnal
YRS,7/6/2024,7/6/2024,7/6/2024 20:29,7/6/2024 23:28,Night,Frog,Amazon Rain Frog,No,Craugastoridae,Pristimantis,altamazonicus,FPPE-02,2520,Forest Plot Perimeter,U,Varzea,Nocturnal
TBS,7/17/2024,7/17/2024,7/17/2024 20:14,7/17/2024 23:22,Night,Frog,Amazon Rain Frog,No,Craugastoridae,Pristimantis,altamazonicus,PUPL-01,270,Puma-Puma Plot,U,Terrafirme,Nocturnal
TBS,7/18/2024,7/18/2024,7/18/2024 20:00,7/18/2024 22:50,Night,Frog,Amazon Rain Frog,No,Craugastoridae,Pristimantis,altamazonicus,HAPL-01,2220,Harpia Plot-Harpia-Matapalo,G,Varzea,Nocturnal
TBS,7/20/2024,7/20/2024,7/20/2024 20:06,7/20/2024 23:51,Night,Frog,Amazon Rain Frog,No,Craugastoridae,Pristimantis,altamazonicus,PUPL-06,139,Puma-Puma Plot,G,Varzea,Nocturnal
YRS,7/23/2024,7/23/2024,7/23/2024 20:09,7/23/2024 22:46,Night,Frog,Amazon Rain Frog,No,Craugastoridae,Pristimantis,altamazonicus,BOTA-03,250,Tinamou-Napo-Pantano-Botanico-Gran Ficus,U,Terrafirme,Nocturnal
YRS,7/26/2024,7/26/2024,7/26/2024 20:02,7/26/2024 22:54,Night,Frog,Amazon Rain Frog,No,Craugastoridae,Pristimantis,altamazonicus,GAWA-02,650,Gawape-Garza-Tucan-Napo-Kinkajou-Chorongo-Tucan-Gawape,G,Varzea,Nocturnal
TBS,6/23/2025,6/23/2025,6/23/2025 14:52,6/23/2025 17:22,Afternoon,Frog,Chirping Robber Frog,No,Craugastoridae,Pristimantis,conspicillatus,HARP-05,740,Harpia-Mata Mata,U,Terrafirme,Nocturnal
YRS,7/8/2025,7/8/2025,7/8/2025 14:32,7/8/2025 16:40,Afternoon,Frog,Chirping Robber Frog,No,Craugastoridae,Pristimantis,conspicillatus,RENA-01,272,Coca-Ceiba-Peru-Renacuajo-Peru,G,Terrafirme,Nocturnal
TBS,6/22/2024,6/22/2024,6/22/2024 20:06,6/22/2024 22:29,Night,Frog,Chirping Robber Frog,No,Craugastoridae,Pristimantis,conspicillatus,LAGO-01,719,Anaconda-Lago,G,Varzea,Nocturnal
TBS,6/23/2024,6/23/2024,6/23/2024 20:00,6/23/2024 22:36,Night,Frog,Chirping Robber Frog,No,Craugastoridae,Pristimantis,conspicillatus,MUPO-01,410,Matapalo-Murcielago-Puentes-Murcielago Pond-Puentes-Murcielago-Matapalo,G,Varzea,Nocturnal
YRS,7/3/2024,7/3/2024,7/3/2024 20:11,7/3/2024 23:07,Night,Frog,Chirping Robber Frog,No,Craugastoridae,Pristimantis,conspicillatus,CEIB-01,490,Ceiba-Peru,G,Varzea,Nocturnal
YRS,7/6/2024,7/6/2024,7/6/2024 20:29,7/6/2024 23:28,Night,Frog,Chirping Robber Frog,No,Craugastoridae,Pristimantis,conspicillatus,FPPE-02,2520,Forest Plot Perimeter,U,Terrafirme,Nocturnal
TBS,7/10/2024,7/10/2024,7/10/2024 20:07,7/10/2024 22:58,Night,Frog,Chirping Robber Frog,No,Craugastoridae,Pristimantis,conspicillatus,DANT-01,591,Guacamayo-Danta-Lago,U,Varzea,Nocturnal
YRS,7/28/2024,7/28/2024,7/28/2024 20:27,7/28/2024 23:31,Night,Frog,Chirping Robber Frog,No,Craugastoridae,Pristimantis,conspicillatus,PERU-05,301,Peru-Ceiba,U,Terrafirme,Nocturnal
YRS,7/29/2024,7/29/2024,7/29/2024 20:20,7/29/2024 22:48,Night,Frog,Chirping Robber Frog,No,Craugastoridae,Pristimantis,conspicillatus,NAPO-04,220,Chorongo-Kinkajou-Napo-Bariso-Tinamou-Botanico,U,Varzea,Nocturnal
YRS,6/29/2024,6/29/2024,6/29/2024 20:04,6/29/2024 23:19,Night,Frog,Diadem Rain Frog,No,Craugastoridae,Pristimantis,diadematus,GAWA-03,692,Gawape-Chorongo-Kinkajou-Napo-Tucan-Garza,G,Varzea,Nocturnal
YRS,6/29/2024,6/29/2024,6/29/2024 20:04,6/29/2024 23:19,Night,Frog,Diadem Rain Frog,No,Craugastoridae,Pristimantis,diadematus,GAWA-03,692,Gawape-Chorongo-Kinkajou-Napo-Tucan-Garza,G,Varzea,Nocturnal
YRS,6/9/2025,6/9/2025,6/9/2025 20:15,6/9/2025 23:03,Night,Frog,Jatun Sacha Rain Frog,No,Craugastoridae,Pristimantis,kichwarum,KINK-01,321,Chorongo-Kinkajou-Napo-Bariso-Tinamou-Botanico,U,Terrafirme,Nocturnal
TBS,6/20/2025,6/20/2025,6/20/2025 20:23,6/20/2025 23:07,Night,Frog,Jatun Sacha Rain Frog,No,Craugastoridae,Pristimantis,kichwarum,GUAC-01,230,Guacamayo-Puma-Harpia-Chorongo,G,Terrafirme,Nocturnal
TBS,6/20/2025,6/20/2025,6/20/2025 20:23,6/20/2025 23:07,Night,Frog,Jatun Sacha Rain Frog,No,Craugastoridae,Pristimantis,kichwarum,PUMA-01,750,Guacamayo-Puma-Harpia-Chorongo,U,Terrafirme,Nocturnal
TBS,6/20/2025,6/20/2025,6/20/2025 20:23,6/20/2025 23:07,Night,Frog,Jatun Sacha Rain Frog,No,Craugastoridae,Pristimantis,kichwarum,PUMA-02,388,Guacamayo-Puma-Harpia-Chorongo,U,Terrafirme,Nocturnal
TBS,6/21/2025,6/21/2025,6/21/2025 20:43,6/21/2025 23:53,Night,Frog,Jatun Sacha Rain Frog,No,Craugastoridae,Pristimantis,kichwarum,PARA-01,3522,Parahuaco,U,Varzea,Nocturnal
TBS,6/21/2025,6/21/2025,6/21/2025 20:43,6/21/2025 23:53,Night,Frog,Jatun Sacha Rain Frog,No,Craugastoridae,Pristimantis,kichwarum,PARA-01,3522,Parahuaco,U,Varzea,Nocturnal
TBS,6/23/2025,6/23/2025,6/23/2025 20:12,6/23/2025 23:04,Night,Frog,Jatun Sacha Rain Frog,No,Craugastoridae,Pristimantis,kichwarum,PUPL-08,139,Puma-Puma Plot,U,Varzea,Nocturnal
TBS,6/28/2025,6/28/2025,6/28/2025 20:17,6/28/2025 22:36,Night,Frog,Jatun Sacha Rain Frog,No,Craugastoridae,Pristimantis,kichwarum,GUAC-03,279,Guacamayo-Puma-Harpia-Chorongo,U,Terrafirme,Nocturnal
YRS,7/6/2025,7/6/2025,7/6/2025 20:13,7/6/2025 22:38,Night,Frog,Jatun Sacha Rain Frog,No,Craugastoridae,Pristimantis,kichwarum,TORR-01,900,Chorongo-Kinkajou-Napo-Tucan-Garza-Napo,U,Terrafirme,Nocturnal
YRS,7/7/2025,7/7/2025,7/7/2025 20:26,7/7/2025 23:02,Night,Frog,Jatun Sacha Rain Frog,No,Craugastoridae,Pristimantis,kichwarum,FPIN-01,1053,Torre-Forest Plot Perimeter-Forest Plot Interior-Forest Plot Perimeter,U,Terrafirme,Nocturnal
YRS,7/8/2025,7/8/2025,7/8/2025 20:18,7/8/2025 22:59,Night,Frog,Jatun Sacha Rain Frog,No,Craugastoridae,Pristimantis,kichwarum,PANT-01,103,Pantano-Napo-Bariso-Timatai-Tinamou-Botanico-Gran Ficus-Botanico,U,Varzea,Nocturnal
YRS,7/13/2025,7/13/2025,7/13/2025 20:51,7/13/2025 22:41,Night,Frog,Jatun Sacha Rain Frog,No,Craugastoridae,Pristimantis,kichwarum,TINA-02,509,Botanico-Tinamou-Napo-Timatai-Bariso,U,Terrafirme,Nocturnal
TBS,6/21/2024,6/21/2024,6/21/2024 20:11,6/21/2024 21:36,Night,Frog,Jatun Sacha Rain Frog,No,Craugastoridae,Pristimantis,kichwarum,HARP-01,483,Matapalo-Harpia,G,Terrafirme,Nocturnal
YRS,6/27/2024,6/27/2024,6/27/2024 20:07,6/27/2024 23:04,Night,Frog,Jatun Sacha Rain Frog,No,Craugastoridae,Pristimantis,kichwarum,TINA-01,65,Chorongo-Kinkajou-Napo-Bariso-Tinamou-Botanico,G,Varzea,Nocturnal
TBS,7/11/2024,7/11/2024,7/11/2024 20:08,7/11/2024 22:57,Night,Frog,Jatun Sacha Rain Frog,No,Craugastoridae,Pristimantis,kichwarum,PUMA-01,750,Guacamayo-Puma-Harpia-Chorongo-Guacamayo,U,Terrafirme,Nocturnal
TBS,7/15/2024,7/15/2024,7/15/2024 20:14,7/15/2024 23:42,Night,Frog,Jatun Sacha Rain Frog,No,Craugastoridae,Pristimantis,kichwarum,ANAC-01,388,Anaconda-Lago,U,Varzea,Nocturnal
TBS,7/17/2024,7/17/2024,7/17/2024 20:14,7/17/2024 23:22,Night,Frog,Jatun Sacha Rain Frog,No,Craugastoridae,Pristimantis,kichwarum,PUPL-04,411,Puma-Puma Plot,U,Varzea,Nocturnal
TBS,7/17/2024,7/17/2024,7/17/2024 20:14,7/17/2024 23:22,Night,Frog,Jatun Sacha Rain Frog,No,Craugastoridae,Pristimantis,kichwarum,PUPL-07,143,Puma-Puma Plot,G,Varzea,Nocturnal
TBS,7/20/2024,7/20/2024,7/20/2024 20:06,7/20/2024 23:51,Night,Frog,Jatun Sacha Rain Frog,No,Craugastoridae,Pristimantis,kichwarum,PUMA-01,750,Puma-Puma Plot,U,Terrafirme,Nocturnal
YRS,7/26/2024,7/26/2024,7/26/2024 20:02,7/26/2024 22:54,Night,Frog,Jatun Sacha Rain Frog,No,Craugastoridae,Pristimantis,kichwarum,GAWA-01,272,Gawape-Garza-Tucan-Napo-Kinkajou-Chorongo-Tucan-Gawape,G,Varzea,Nocturnal
YRS,7/29/2024,7/29/2024,7/29/2024 20:20,7/29/2024 22:48,Night,Frog,Jatun Sacha Rain Frog,No,Craugastoridae,Pristimantis,kichwarum,BARI-01,340,Chorongo-Kinkajou-Napo-Bariso-Tinamou-Botanico,G,Terrafirme,Nocturnal
YRS,6/12/2025,6/12/2025,6/12/2025 9:18,6/12/2025 10:40,Morning,Frog,Marty's Rain Frog,No,Craugastoridae,Pristimantis,martiae,KINK-01,321,Napo-Kinkajou-Chorongo,G,Terrafirme,Nocturnal
TBS,7/14/2024,7/14/2024,7/14/2024 20:51,7/15/2024 0:05,Night,Frog,Metallic Robber Frog,No,Craugastoridae,Pristimantis,lanthanites,HAPL-01,2220,Harpia Plot-Harpia,G,Terrafirme,Nocturnal
TBS,7/14/2024,7/14/2024,7/14/2024 20:51,7/15/2024 0:05,Night,Frog,Metallic Robber Frog,No,Craugastoridae,Pristimantis,lanthanites,HARP-01,483,Harpia Plot-Harpia,U,Terrafirme,Nocturnal
TBS,6/6/2025,6/6/2025,6/6/2025 20:08,6/6/2025 23:02,Night,Frog,Rain and Robber Frogs,No,Craugastoridae,Pristimantis,NA,MAPO-04,387,Matapalo-Murcielago-Puentes-Matapalo-Chichico-Numa,U,Terrafirme,Nocturnal
TBS,6/8/2025,6/8/2025,6/8/2025 13:47,6/8/2025 16:03,Afternoon,Frog,Rain and Robber Frogs,No,Craugastoridae,Pristimantis,NA,PARA-01,3522,Parahuaco,G,Varzea,Nocturnal
YRS,6/12/2025,6/12/2025,6/12/2025 20:01,6/12/2025 22:53,Night,Frog,Rain and Robber Frogs,No,Craugastoridae,Pristimantis,NA,GAWA-03,692,Gawape-Chorongo-Kinkajou-Napo-Tucan-Garza,G,Varzea,Nocturnal
TBS,6/23/2025,6/23/2025,6/23/2025 20:12,6/23/2025 23:04,Night,Frog,Rain and Robber Frogs,No,Craugastoridae,Pristimantis,NA,PUPL-07,143,Puma-Puma Plot,G,Varzea,Nocturnal
TBS,6/25/2025,6/25/2025,6/25/2025 20:00,6/25/2025 22:22,Night,Frog,Rain and Robber Frogs,No,Craugastoridae,Pristimantis,NA,HAPL-01,2220,Harpia Plot-Harpia,U,Varzea,Nocturnal
TBS,6/25/2025,6/25/2025,6/25/2025 20:00,6/25/2025 22:22,Night,Frog,Rain and Robber Frogs,No,Craugastoridae,Pristimantis,NA,HAPL-01,2220,Harpia Plot-Harpia,U,Terrafirme,Nocturnal
TBS,6/25/2025,6/25/2025,6/25/2025 20:00,6/25/2025 22:22,Night,Frog,Rain and Robber Frogs,No,Craugastoridae,Pristimantis,NA,HAPL-01,2220,Harpia Plot-Harpia,U,Terrafirme,Nocturnal
TBS,6/27/2025,6/27/2025,6/27/2025 20:10,6/27/2025 22:04,Night,Frog,Rain and Robber Frogs,No,Craugastoridae,Pristimantis,NA,DANT-01,591,Guacamayo-Danta-Lago,U,Terrafirme,Nocturnal
TBS,6/27/2025,6/27/2025,6/27/2025 20:10,6/27/2025 22:04,Night,Frog,Rain and Robber Frogs,No,Craugastoridae,Pristimantis,NA,LAGO-01,719,Guacamayo-Danta-Lago,U,Varzea,Nocturnal
TBS,6/30/2025,6/30/2025,6/30/2025 14:34,6/30/2025 15:37,Afternoon,Frog,Rain and Robber Frogs,No,Craugastoridae,Pristimantis,NA,HARP-02,1744,Harpia,U,Terrafirme,Nocturnal
TBS,6/30/2025,6/30/2025,6/30/2025 20:12,6/30/2025 23:15,Night,Frog,Rain and Robber Frogs,No,Craugastoridae,Pristimantis,NA,PUPL-01,270,Puma-Puma Plot,U,Varzea,Nocturnal
TBS,7/1/2025,7/1/2025,7/1/2025 20:48,7/1/2025 23:22,Night,Frog,Rain and Robber Frogs,No,Craugastoridae,Pristimantis,NA,HAPL-01,2220,Harpia Plot-Harpia,U,Terrafirme,Nocturnal
YRS,7/13/2025,7/13/2025,7/13/2025 20:51,7/13/2025 22:41,Night,Frog,Rain and Robber Frogs,No,Craugastoridae,Pristimantis,NA,NAPO-02,419,Botanico-Tinamou-Napo-Timatai-Bariso,U,Terrafirme,Nocturnal
YRS,7/14/2025,7/14/2025,7/14/2025 14:15,7/14/2025 16:00,Afternoon,Frog,Rain and Robber Frogs,No,Craugastoridae,Pristimantis,NA,GAWA-01,272,Gawape-Chorongo,G,Varzea,Nocturnal
YRS,7/14/2025,7/14/2025,7/14/2025 14:15,7/14/2025 16:00,Afternoon,Frog,Rain and Robber Frogs,No,Craugastoridae,Pristimantis,NA,GAWA-01,272,Gawape-Chorongo,G,Varzea,Nocturnal
YRS,7/15/2025,7/15/2025,7/15/2025 20:30,7/15/2025 22:12,Night,Frog,Rain and Robber Frogs,No,Craugastoridae,Pristimantis,NA,YCHO-01,1230,Chorongo-Kinkajou-Napo,U,Terrafirme,Nocturnal
YRS,7/15/2025,7/15/2025,7/15/2025 20:30,7/15/2025 22:12,Night,Frog,Rain and Robber Frogs,No,Craugastoridae,Pristimantis,NA,KINK-01,321,Chorongo-Kinkajou-Napo,U,Terrafirme,Nocturnal
YRS,7/16/2025,7/16/2025,7/16/2025 20:21,7/16/2025 22:24,Night,Frog,Rain and Robber Frogs,No,Craugastoridae,Pristimantis,NA,RENA-01,272,Coca-Ceiba-Peru-Renacuajo-Mirador,U,Terrafirme,Nocturnal
YRS,6/29/2024,6/29/2024,6/29/2024 20:04,6/29/2024 23:19,Night,Frog,Rain and Robber Frogs,No,Craugastoridae,Pristimantis,,GAWA-03,692,Gawape-Chorongo-Kinkajou-Napo-Tucan-Garza,G,Varzea,Nocturnal
YRS,7/3/2024,7/3/2024,7/3/2024 20:11,7/3/2024 23:07,Night,Frog,Rain and Robber Frogs,No,Craugastoridae,Pristimantis,,PERU-02,738,Ceiba-Peru,G,Varzea,Nocturnal
TBS,7/8/2024,7/8/2024,7/8/2024 20:01,7/8/2024 22:53,Night,Frog,Rain and Robber Frogs,No,Craugastoridae,Pristimantis,,NUMA-01,290,Matapalo-Murcielago-Puentes-Murcielago Pond-Matapalo-Chichico-Numa,G,Varzea,Nocturnal
YRS,7/23/2024,7/23/2024,7/23/2024 20:09,7/23/2024 22:46,Night,Frog,Rain and Robber Frogs,No,Craugastoridae,Pristimantis,,TINA-01,65,Tinamou-Napo-Pantano-Botanico-Gran Ficus,G,Varzea,Nocturnal
YRS,7/25/2024,7/25/2024,7/25/2024 20:19,7/25/2024 22:44,Night,Frog,Rain and Robber Frogs,No,Craugastoridae,Pristimantis,,FPIN-01,1053,Forest Plot North Edge-Forest Plot Interior-Forest Plot North Edge-Torre,U,Terrafirme,Nocturnal
YRS,6/11/2025,6/11/2025,6/11/2025 15:06,6/11/2025 17:43,Afternoon,Frog,Reticulated Poison Frog,Yes,Dendrobatidae,Ranitomeya,ventrimaculata,FPPE-04,662,Forest Plot Perimeter,G,Terrafirme,Diurnal
YRS,6/12/2025,6/12/2025,6/12/2025 9:18,6/12/2025 10:40,Morning,Frog,Reticulated Poison Frog,Yes,Dendrobatidae,Ranitomeya,ventrimaculata,NAPO-02,419,Napo-Kinkajou-Chorongo,G,Terrafirme,Diurnal
YRS,6/12/2025,6/12/2025,6/12/2025 9:18,6/12/2025 10:40,Morning,Frog,Reticulated Poison Frog,Yes,Dendrobatidae,Ranitomeya,ventrimaculata,NAPO-04,220,Napo-Kinkajou-Chorongo,G,Varzea,Diurnal
YRS,7/5/2025,7/5/2025,7/5/2025 20:26,7/5/2025 23:30,Night,Frog,Reticulated Poison Frog,Yes,Dendrobatidae,Ranitomeya,ventrimaculata,CEIB-02,463,Coca-Ceiba-Peru-Tiputini-Peru,U,Terrafirme,Diurnal
YRS,7/6/2025,7/6/2025,7/6/2025 20:13,7/6/2025 22:38,Night,Frog,Reticulated Poison Frog,Yes,Dendrobatidae,Ranitomeya,ventrimaculata,TORR-01,900,Chorongo-Kinkajou-Napo-Tucan-Garza-Napo,U,Terrafirme,Diurnal
YRS,7/7/2025,7/7/2025,7/7/2025 20:26,7/7/2025 23:02,Night,Frog,Reticulated Poison Frog,Yes,Dendrobatidae,Ranitomeya,ventrimaculata,TORR-01,900,Torre-Forest Plot Perimeter-Forest Plot Interior-Forest Plot Perimeter,U,Terrafirme,Diurnal
YRS,7/7/2025,7/7/2025,7/7/2025 20:26,7/7/2025 23:02,Night,Frog,Reticulated Poison Frog,Yes,Dendrobatidae,Ranitomeya,ventrimaculata,TORR-01,900,Torre-Forest Plot Perimeter-Forest Plot Interior-Forest Plot Perimeter,U,Terrafirme,Diurnal
YRS,7/14/2025,7/14/2025,7/14/2025 14:15,7/14/2025 16:00,Afternoon,Frog,Reticulated Poison Frog,Yes,Dendrobatidae,Ranitomeya,ventrimaculata,YCHO-02,691,Gawape-Chorongo,G,Terrafirme,Diurnal
YRS,7/31/2024,7/31/2024,7/31/2024 20:38,7/31/2024 23:53,Night,Frog,Reticulated Poison Frog,Yes,Dendrobatidae,Ranitomeya,ventrimaculata,TORR-01,900,Torre-Forest Plot North Edge-Forest Plot Interior,U,Terrafirme,Diurnal
YRS,7/31/2024,7/31/2024,7/31/2024 20:38,7/31/2024 23:53,Night,Frog,Reticulated Poison Frog,Yes,Dendrobatidae,Ranitomeya,ventrimaculata,TORR-01,900,Torre-Forest Plot North Edge-Forest Plot Interior,U,Terrafirme,Diurnal
YRS,8/1/2024,8/1/2024,8/1/2024 20:07,8/1/2024 22:19,Night,Frog,Reticulated Poison Frog,Yes,Dendrobatidae,Ranitomeya,ventrimaculata,TINA-02,509,Tinamou-Napo-Pantano-Botanico-Gran Ficus,U,Terrafirme,Diurnal
TBS,6/3/2025,6/3/2025,6/3/2025 20:49,6/3/2025 23:05,Night,Frog,Smooth-sided Toad,Yes,Bufonidae,Rhaebo,guttatus,CHIO-01,609,Numa-Chichico,G,Terrafirme,Nocturnal
TBS,6/29/2025,6/29/2025,6/29/2025 20:08,6/29/2025 23:03,Night,Frog,Smooth-sided Toad,Yes,Bufonidae,Rhaebo,guttatus,CHIO-01,609,Matapalo-Numa/Matapalo Connector-Numa-Chichico-Matapalo-Numa,G,Varzea,Nocturnal
TBS,7/1/2025,7/1/2025,7/1/2025 20:48,7/1/2025 23:22,Night,Frog,Smooth-sided Toad,Yes,Bufonidae,Rhaebo,guttatus,HAPL-01,2220,Harpia Plot-Harpia,G,Terrafirme,Nocturnal
TBS,6/17/2024,6/17/2024,6/17/2024 20:04,6/18/2024 0:11,Night,Frog,Smooth-sided Toad,Yes,Bufonidae,Rhaebo,guttatus,MAPO-03,388,Matapalo-Murcielago-Matapalo-Chichico-Numa-Matapalo,G,Terrafirme,Nocturnal
TBS,6/17/2024,6/17/2024,6/17/2024 20:04,6/18/2024 0:11,Night,Frog,Smooth-sided Toad,Yes,Bufonidae,Rhaebo,guttatus,MURC-02,122,Matapalo-Murcielago-Matapalo-Chichico-Numa-Matapalo,G,Terrafirme,Nocturnal
TBS,6/17/2024,6/17/2024,6/17/2024 20:04,6/18/2024 0:11,Night,Frog,Smooth-sided Toad,Yes,Bufonidae,Rhaebo,guttatus,MAPO-04,387,Matapalo-Murcielago-Matapalo-Chichico-Numa-Matapalo,G,Varzea,Nocturnal
TBS,6/17/2024,6/17/2024,6/17/2024 20:04,6/18/2024 0:11,Night,Frog,Smooth-sided Toad,Yes,Bufonidae,Rhaebo,guttatus,MANU-01,194,Matapalo-Murcielago-Matapalo-Chichico-Numa-Matapalo,G,Terrafirme,Nocturnal
TBS,6/19/2024,6/19/2024,6/19/2024 19:58,6/19/2024 22:50,Night,Frog,Smooth-sided Toad,Yes,Bufonidae,Rhaebo,guttatus,HARP-05,740,Guacamayo-Puma-Harpia-Chorongo-Guacamayo,G,Terrafirme,Nocturnal
TBS,6/19/2024,6/19/2024,6/19/2024 19:58,6/19/2024 22:50,Night,Frog,Smooth-sided Toad,Yes,Bufonidae,Rhaebo,guttatus,TCHO-01,481,Guacamayo-Puma-Harpia-Chorongo-Guacamayo,G,Terrafirme,Nocturnal
TBS,6/23/2024,6/23/2024,6/23/2024 20:00,6/23/2024 22:36,Night,Frog,Smooth-sided Toad,Yes,Bufonidae,Rhaebo,guttatus,PUEN-01,144,Matapalo-Murcielago-Puentes-Murcielago Pond-Puentes-Murcielago-Matapalo,G,Varzea,Nocturnal
TBS,6/23/2024,6/23/2024,6/23/2024 20:00,6/23/2024 22:36,Night,Frog,Smooth-sided Toad,Yes,Bufonidae,Rhaebo,guttatus,MAPO-03,388,Matapalo-Murcielago-Puentes-Murcielago Pond-Puentes-Murcielago-Matapalo,G,Terrafirme,Nocturnal
TBS,7/8/2024,7/8/2024,7/8/2024 20:01,7/8/2024 22:53,Night,Frog,Smooth-sided Toad,Yes,Bufonidae,Rhaebo,guttatus,MAPO-03,388,Matapalo-Murcielago-Puentes-Murcielago Pond-Matapalo-Chichico-Numa,G,Varzea,Nocturnal
TBS,6/7/2025,6/7/2025,6/7/2025 19:59,6/7/2025 22:26,Night,Frog,Cane Toad,Yes,Bufonidae,Rhinella,marina,LAGO-01,719,Guacamayo-Danta-Lago,G,Varzea,Nocturnal
TBS,6/17/2024,6/17/2024,6/17/2024 20:04,6/18/2024 0:11,Night,Frog,Cane Toad,Yes,Bufonidae,Rhinella,marina,MAPO-02,170,Matapalo-Murcielago-Matapalo-Chichico-Numa-Matapalo,G,Terrafirme,Nocturnal
YRS,6/29/2024,6/29/2024,6/29/2024 20:04,6/29/2024 23:19,Night,Frog,Cane Toad,Yes,Bufonidae,Rhinella,marina,GAWA-02,650,Gawape-Chorongo-Kinkajou-Napo-Tucan-Garza,G,Varzea,Nocturnal
YRS,6/29/2024,6/29/2024,6/29/2024 20:04,6/29/2024 23:19,Night,Frog,Cane Toad,Yes,Bufonidae,Rhinella,marina,GAWA-03,692,Gawape-Chorongo-Kinkajou-Napo-Tucan-Garza,G,Varzea,Nocturnal
TBS,6/5/2024,6/5/2024,6/5/2024 14:20,6/5/2024 15:57,Afternoon,Frog,South American Common Toad,Yes,Bufonidae,Rhinella,margaritifera,TCHO-02,830,Chorongo-Mata Mata,G,Terrafirme,Diurnal
TBS,6/5/2024,6/5/2024,6/5/2024 14:20,6/5/2024 15:57,Afternoon,Frog,South American Common Toad,Yes,Bufonidae,Rhinella,margaritifera,TCHO-02,830,Chorongo-Mata Mata,G,Terrafirme,Diurnal
TBS,6/5/2024,6/5/2024,6/5/2024 14:20,6/5/2024 15:57,Afternoon,Frog,South American Common Toad,Yes,Bufonidae,Rhinella,margaritifera,TCHO-02,830,Chorongo-Mata Mata,G,Terrafirme,Diurnal
TBS,6/6/2025,6/6/2025,6/6/2025 20:08,6/6/2025 23:02,Night,Frog,South American Common Toad,Yes,Bufonidae,Rhinella,margaritifera,MAPO-05,250,Matapalo-Murcielago-Puentes-Matapalo-Chichico-Numa,G,Varzea,Diurnal
TBS,6/6/2025,6/6/2025,6/6/2025 20:08,6/6/2025 23:02,Night,Frog,South American Common Toad,Yes,Bufonidae,Rhinella,margaritifera,MAPO-06,359,Matapalo-Murcielago-Puentes-Matapalo-Chichico-Numa,G,Terrafirme,Diurnal
TBS,6/7/2025,6/7/2025,6/7/2025 19:59,6/7/2025 22:26,Night,Frog,South American Common Toad,Yes,Bufonidae,Rhinella,margaritifera,DANT-01,591,Guacamayo-Danta-Lago,U,Terrafirme,Diurnal
TBS,6/8/2025,6/8/2025,6/8/2025 13:47,6/8/2025 16:03,Afternoon,Frog,South American Common Toad,Yes,Bufonidae,Rhinella,margaritifera,PARA-01,3522,Parahuaco,G,Varzea,Diurnal
YRS,6/10/2025,6/10/2025,6/10/2025 20:07,6/10/2025 22:33,Night,Frog,South American Common Toad,Yes,Bufonidae,Rhinella,margaritifera,CEIB-01,490,Ceiba-Peru,U,Terrafirme,Diurnal
YRS,6/11/2025,6/11/2025,6/11/2025 15:06,6/11/2025 17:43,Afternoon,Frog,South American Common Toad,Yes,Bufonidae,Rhinella,margaritifera,FPPE-02,2520,Forest Plot Perimeter,G,Varzea,Diurnal
YRS,6/12/2025,6/12/2025,6/12/2025 9:18,6/12/2025 10:40,Morning,Frog,South American Common Toad,Yes,Bufonidae,Rhinella,margaritifera,NAPO-02,419,Napo-Kinkajou-Chorongo,G,Terrafirme,Diurnal
YRS,6/12/2025,6/12/2025,6/12/2025 9:18,6/12/2025 10:40,Morning,Frog,South American Common Toad,Yes,Bufonidae,Rhinella,margaritifera,NAPO-02,419,Napo-Kinkajou-Chorongo,G,Terrafirme,Diurnal
YRS,6/12/2025,6/12/2025,6/12/2025 9:18,6/12/2025 10:40,Morning,Frog,South American Common Toad,Yes,Bufonidae,Rhinella,margaritifera,NAPO-02,419,Napo-Kinkajou-Chorongo,G,Terrafirme,Diurnal
YRS,6/12/2025,6/12/2025,6/12/2025 9:18,6/12/2025 10:40,Morning,Frog,South American Common Toad,Yes,Bufonidae,Rhinella,margaritifera,NAPO-03,157,Napo-Kinkajou-Chorongo,G,Terrafirme,Diurnal
YRS,6/12/2025,6/12/2025,6/12/2025 9:18,6/12/2025 10:40,Morning,Frog,South American Common Toad,Yes,Bufonidae,Rhinella,margaritifera,NAPO-03,157,Napo-Kinkajou-Chorongo,G,Terrafirme,Diurnal
YRS,6/12/2025,6/12/2025,6/12/2025 9:18,6/12/2025 10:40,Morning,Frog,South American Common Toad,Yes,Bufonidae,Rhinella,margaritifera,KINK-01,321,Napo-Kinkajou-Chorongo,G,Terrafirme,Diurnal
YRS,6/12/2025,6/12/2025,6/12/2025 9:18,6/12/2025 10:40,Morning,Frog,South American Common Toad,Yes,Bufonidae,Rhinella,margaritifera,YCHO-02,691,Napo-Kinkajou-Chorongo,G,Terrafirme,Diurnal
YRS,6/16/2025,6/16/2025,6/16/2025 14:18,6/16/2025 15:16,Afternoon,Frog,South American Common Toad,Yes,Bufonidae,Rhinella,margaritifera,RENA-01,272,Ceiba-Peru-Renacuajo-Mirador,G,Terrafirme,Diurnal
YRS,6/18/2025,6/18/2025,6/18/2025 20:47,6/18/2025 22:56,Night,Frog,South American Common Toad,Yes,Bufonidae,Rhinella,margaritifera,MIRA-02,592,Mirador,U,Terrafirme,Diurnal
TBS,6/20/2025,6/20/2025,6/20/2025 20:23,6/20/2025 23:07,Night,Frog,South American Common Toad,Yes,Bufonidae,Rhinella,margaritifera,GUAC-01,230,Guacamayo-Puma-Harpia-Chorongo,U,Terrafirme,Diurnal
TBS,6/20/2025,6/20/2025,6/20/2025 20:23,6/20/2025 23:07,Night,Frog,South American Common Toad,Yes,Bufonidae,Rhinella,margaritifera,HARP-05,740,Guacamayo-Puma-Harpia-Chorongo,U,Terrafirme,Diurnal
TBS,6/21/2025,6/21/2025,6/21/2025 15:46,6/21/2025 16:59,Afternoon,Frog,South American Common Toad,Yes,Bufonidae,Rhinella,margaritifera,GUAC-02,301,Guacamayo-Danta-Lago,G,Varzea,Diurnal
TBS,6/21/2025,6/21/2025,6/21/2025 15:46,6/21/2025 16:59,Afternoon,Frog,South American Common Toad,Yes,Bufonidae,Rhinella,margaritifera,DANT-01,591,Guacamayo-Danta-Lago,G,Varzea,Diurnal
TBS,6/21/2025,6/21/2025,6/21/2025 15:46,6/21/2025 16:59,Afternoon,Frog,South American Common Toad,Yes,Bufonidae,Rhinella,margaritifera,LAGO-01,719,Guacamayo-Danta-Lago,G,Varzea,Diurnal
TBS,6/21/2025,6/21/2025,6/21/2025 20:43,6/21/2025 23:53,Night,Frog,South American Common Toad,Yes,Bufonidae,Rhinella,margaritifera,PARA-01,3522,Parahuaco,G,Varzea,Diurnal
TBS,6/21/2025,6/21/2025,6/21/2025 20:43,6/21/2025 23:53,Night,Frog,South American Common Toad,Yes,Bufonidae,Rhinella,margaritifera,PARA-01,3522,Parahuaco,G,Varzea,Diurnal
TBS,6/21/2025,6/21/2025,6/21/2025 20:43,6/21/2025 23:53,Night,Frog,South American Common Toad,Yes,Bufonidae,Rhinella,margaritifera,PARA-01,3522,Parahuaco,G,Varzea,Diurnal
TBS,6/23/2025,6/23/2025,6/23/2025 14:52,6/23/2025 17:22,Afternoon,Frog,South American Common Toad,Yes,Bufonidae,Rhinella,margaritifera,HARP-05,740,Harpia-Mata Mata,G,Terrafirme,Diurnal
TBS,6/23/2025,6/23/2025,6/23/2025 14:52,6/23/2025 17:22,Afternoon,Frog,South American Common Toad,Yes,Bufonidae,Rhinella,margaritifera,HARP-05,740,Harpia-Mata Mata,G,Terrafirme,Diurnal
TBS,6/23/2025,6/23/2025,6/23/2025 14:52,6/23/2025 17:22,Afternoon,Frog,South American Common Toad,Yes,Bufonidae,Rhinella,margaritifera,HARP-04,511,Harpia-Mata Mata,G,Varzea,Diurnal
TBS,6/25/2025,6/25/2025,6/25/2025 20:00,6/25/2025 22:22,Night,Frog,South American Common Toad,Yes,Bufonidae,Rhinella,margaritifera,HAPL-01,2220,Harpia Plot-Harpia,U,Varzea,Diurnal
TBS,6/25/2025,6/25/2025,6/25/2025 20:00,6/25/2025 22:22,Night,Frog,South American Common Toad,Yes,Bufonidae,Rhinella,margaritifera,HAPL-01,2220,Harpia Plot-Harpia,U,Terrafirme,Diurnal
TBS,6/25/2025,6/25/2025,6/25/2025 20:00,6/25/2025 22:22,Night,Frog,South American Common Toad,Yes,Bufonidae,Rhinella,margaritifera,HARP-01,483,Harpia Plot-Harpia,U,Terrafirme,Diurnal
TBS,6/26/2025,6/26/2025,6/26/2025 14:10,6/26/2025 15:49,Afternoon,Frog,South American Common Toad,Yes,Bufonidae,Rhinella,margaritifera,GUAC-04,1912,Guacamayo,G,Varzea,Diurnal
TBS,6/26/2025,6/26/2025,6/26/2025 14:10,6/26/2025 15:49,Afternoon,Frog,South American Common Toad,Yes,Bufonidae,Rhinella,margaritifera,GUAC-04,1912,Guacamayo,G,Varzea,Diurnal
TBS,6/26/2025,6/26/2025,6/26/2025 20:01,6/26/2025 22:51,Night,Frog,South American Common Toad,Yes,Bufonidae,Rhinella,margaritifera,MAPO-03,388,Matapalo-Murcielago-Puentes-Murcielago Pond-Matapalo-Chichico-Numa,U,Terrafirme,Diurnal
TBS,6/27/2025,6/27/2025,6/27/2025 20:10,6/27/2025 22:04,Night,Frog,South American Common Toad,Yes,Bufonidae,Rhinella,margaritifera,DANT-01,591,Guacamayo-Danta-Lago,U,Terrafirme,Diurnal
TBS,6/28/2025,6/28/2025,6/28/2025 20:17,6/28/2025 22:36,Night,Frog,South American Common Toad,Yes,Bufonidae,Rhinella,margaritifera,GUAC-03,279,Guacamayo-Puma-Harpia-Chorongo,U,Varzea,Diurnal
TBS,6/28/2025,6/28/2025,6/28/2025 20:17,6/28/2025 22:36,Night,Frog,South American Common Toad,Yes,Bufonidae,Rhinella,margaritifera,PUMA-01,750,Guacamayo-Puma-Harpia-Chorongo,U,Terrafirme,Diurnal
TBS,6/29/2025,6/29/2025,6/29/2025 20:08,6/29/2025 23:03,Night,Frog,South American Common Toad,Yes,Bufonidae,Rhinella,margaritifera,MANU-01,194,Matapalo-Numa/Matapalo Connector-Numa-Chichico-Matapalo-Numa,U,Varzea,Diurnal
TBS,6/29/2025,6/29/2025,6/29/2025 20:08,6/29/2025 23:03,Night,Frog,South American Common Toad,Yes,Bufonidae,Rhinella,margaritifera,NUMA-02,268,Matapalo-Numa/Matapalo Connector-Numa-Chichico-Matapalo-Numa,U,Varzea,Diurnal
TBS,6/29/2025,6/29/2025,6/29/2025 20:08,6/29/2025 23:03,Night,Frog,South American Common Toad,Yes,Bufonidae,Rhinella,margaritifera,CHIO-02,1000,Matapalo-Numa/Matapalo Connector-Numa-Chichico-Matapalo-Numa,U,Varzea,Diurnal
TBS,6/30/2025,6/30/2025,6/30/2025 14:34,6/30/2025 15:37,Afternoon,Frog,South American Common Toad,Yes,Bufonidae,Rhinella,margaritifera,HARP-02,1744,Harpia,G,Terrafirme,Diurnal
TBS,6/30/2025,6/30/2025,6/30/2025 14:34,6/30/2025 15:37,Afternoon,Frog,South American Common Toad,Yes,Bufonidae,Rhinella,margaritifera,HARP-02,1744,Harpia,G,Terrafirme,Diurnal
TBS,7/1/2025,7/1/2025,7/1/2025 14:34,7/1/2025 15:48,Afternoon,Frog,South American Common Toad,Yes,Bufonidae,Rhinella,margaritifera,MAPO-05,250,Matapalo-Chichico-Numa,G,Varzea,Diurnal
TBS,7/1/2025,7/1/2025,7/1/2025 14:34,7/1/2025 15:48,Afternoon,Frog,South American Common Toad,Yes,Bufonidae,Rhinella,margaritifera,NUMA-01,290,Matapalo-Chichico-Numa,G,Varzea,Diurnal
TBS,7/1/2025,7/1/2025,7/1/2025 20:48,7/1/2025 23:22,Night,Frog,South American Common Toad,Yes,Bufonidae,Rhinella,margaritifera,HAPL-01,2220,Harpia Plot-Harpia,U,Varzea,Diurnal
TBS,7/1/2025,7/1/2025,7/1/2025 20:48,7/1/2025 23:22,Night,Frog,South American Common Toad,Yes,Bufonidae,Rhinella,margaritifera,HAPL-01,2220,Harpia Plot-Harpia,G,Terrafirme,Diurnal
TBS,7/1/2025,7/1/2025,7/1/2025 20:48,7/1/2025 23:22,Night,Frog,South American Common Toad,Yes,Bufonidae,Rhinella,margaritifera,HAPL-01,2220,Harpia Plot-Harpia,U,Varzea,Diurnal
TBS,7/1/2025,7/1/2025,7/1/2025 20:48,7/1/2025 23:22,Night,Frog,South American Common Toad,Yes,Bufonidae,Rhinella,margaritifera,HARP-01,483,Harpia Plot-Harpia,G,Terrafirme,Diurnal
TBS,7/2/2025,7/2/2025,7/2/2025 20:06,7/2/2025 22:53,Night,Frog,South American Common Toad,Yes,Bufonidae,Rhinella,margaritifera,LAGO-02,1450,Anaconda-Lago,U,Varzea,Diurnal
TBS,7/2/2025,7/2/2025,7/2/2025 20:06,7/2/2025 22:53,Night,Frog,South American Common Toad,Yes,Bufonidae,Rhinella,margaritifera,LAGO-02,1450,Anaconda-Lago,U,Varzea,Diurnal
TBS,7/2/2025,7/2/2025,7/2/2025 20:06,7/2/2025 22:53,Night,Frog,South American Common Toad,Yes,Bufonidae,Rhinella,margaritifera,LAGO-02,1450,Anaconda-Lago,U,Varzea,Diurnal
TBS,7/2/2025,7/2/2025,7/2/2025 20:06,7/2/2025 22:53,Night,Frog,South American Common Toad,Yes,Bufonidae,Rhinella,margaritifera,LAGO-01,719,Anaconda-Lago,U,Varzea,Diurnal
YRS,7/4/2025,7/4/2025,7/4/2025 20:21,7/4/2025 23:39,Night,Frog,South American Common Toad,Yes,Bufonidae,Rhinella,margaritifera,FPPE-05,291,Forest Plot Perimeter,U,Varzea,Diurnal
YRS,7/4/2025,7/4/2025,7/4/2025 20:21,7/4/2025 23:39,Night,Frog,South American Common Toad,Yes,Bufonidae,Rhinella,margaritifera,FPPE-05,291,Forest Plot Perimeter,U,Varzea,Diurnal
YRS,7/4/2025,7/4/2025,7/4/2025 20:21,7/4/2025 23:39,Night,Frog,South American Common Toad,Yes,Bufonidae,Rhinella,margaritifera,FPPE-05,291,Forest Plot Perimeter,U,Varzea,Diurnal
YRS,7/5/2025,7/5/2025,7/5/2025 20:26,7/5/2025 23:30,Night,Frog,South American Common Toad,Yes,Bufonidae,Rhinella,margaritifera,PERU-03,175,Coca-Ceiba-Peru-Tiputini-Peru,U,Varzea,Diurnal
YRS,7/6/2025,7/6/2025,7/6/2025 20:13,7/6/2025 22:38,Night,Frog,South American Common Toad,Yes,Bufonidae,Rhinella,margaritifera,TORR-01,900,Chorongo-Kinkajou-Napo-Tucan-Garza-Napo,U,Terrafirme,Diurnal
YRS,7/7/2025,7/7/2025,7/7/2025 20:26,7/7/2025 23:02,Night,Frog,South American Common Toad,Yes,Bufonidae,Rhinella,margaritifera,TORR-01,900,Torre-Forest Plot Perimeter-Forest Plot Interior-Forest Plot Perimeter,U,Terrafirme,Diurnal
YRS,7/8/2025,7/8/2025,7/8/2025 14:32,7/8/2025 16:40,Afternoon,Frog,South American Common Toad,Yes,Bufonidae,Rhinella,margaritifera,COCA-01,301,Coca-Ceiba-Peru-Renacuajo-Peru,G,Terrafirme,Diurnal
YRS,7/8/2025,7/8/2025,7/8/2025 14:32,7/8/2025 16:40,Afternoon,Frog,South American Common Toad,Yes,Bufonidae,Rhinella,margaritifera,COCA-01,301,Coca-Ceiba-Peru-Renacuajo-Peru,G,Terrafirme,Diurnal
YRS,7/8/2025,7/8/2025,7/8/2025 14:32,7/8/2025 16:40,Afternoon,Frog,South American Common Toad,Yes,Bufonidae,Rhinella,margaritifera,COCA-01,301,Coca-Ceiba-Peru-Renacuajo-Peru,G,Terrafirme,Diurnal
YRS,7/8/2025,7/8/2025,7/8/2025 14:32,7/8/2025 16:40,Afternoon,Frog,South American Common Toad,Yes,Bufonidae,Rhinella,margaritifera,COCA-01,301,Coca-Ceiba-Peru-Renacuajo-Peru,G,Terrafirme,Diurnal
YRS,7/8/2025,7/8/2025,7/8/2025 14:32,7/8/2025 16:40,Afternoon,Frog,South American Common Toad,Yes,Bufonidae,Rhinella,margaritifera,COCA-01,301,Coca-Ceiba-Peru-Renacuajo-Peru,G,Terrafirme,Diurnal
YRS,7/8/2025,7/8/2025,7/8/2025 20:18,7/8/2025 22:59,Night,Frog,South American Common Toad,Yes,Bufonidae,Rhinella,margaritifera,NAPO-02,419,Pantano-Napo-Bariso-Timatai-Tinamou-Botanico-Gran Ficus-Botanico,U,Terrafirme,Diurnal
YRS,7/8/2025,7/8/2025,7/8/2025 20:18,7/8/2025 22:59,Night,Frog,South American Common Toad,Yes,Bufonidae,Rhinella,margaritifera,NAPO-03,157,Pantano-Napo-Bariso-Timatai-Tinamou-Botanico-Gran Ficus-Botanico,U,Terrafirme,Diurnal
YRS,7/8/2025,7/8/2025,7/8/2025 20:18,7/8/2025 22:59,Night,Frog,South American Common Toad,Yes,Bufonidae,Rhinella,margaritifera,BOTA-02,69,Pantano-Napo-Bariso-Timatai-Tinamou-Botanico-Gran Ficus-Botanico,U,Terrafirme,Diurnal
YRS,7/13/2025,7/13/2025,7/13/2025 20:51,7/13/2025 22:41,Night,Frog,South American Common Toad,Yes,Bufonidae,Rhinella,margaritifera,BOTA-01,142,Botanico-Tinamou-Napo-Timatai-Bariso,U,Varzea,Diurnal
YRS,7/13/2025,7/13/2025,7/13/2025 20:51,7/13/2025 22:41,Night,Frog,South American Common Toad,Yes,Bufonidae,Rhinella,margaritifera,TINA-02,509,Botanico-Tinamou-Napo-Timatai-Bariso,U,Terrafirme,Diurnal
YRS,7/14/2025,7/14/2025,7/14/2025 14:15,7/14/2025 16:00,Afternoon,Frog,South American Common Toad,Yes,Bufonidae,Rhinella,margaritifera,GAWA-02,650,Gawape-Chorongo,G,Terrafirme,Diurnal
YRS,7/14/2025,7/14/2025,7/14/2025 20:34,7/14/2025 22:56,Night,Frog,South American Common Toad,Yes,Bufonidae,Rhinella,margaritifera,MIRA-03,158,Mirador,U,Varzea,Diurnal
YRS,7/14/2025,7/14/2025,7/14/2025 20:34,7/14/2025 22:56,Night,Frog,South American Common Toad,Yes,Bufonidae,Rhinella,margaritifera,MIRA-03,158,Mirador,U,Varzea,Diurnal
YRS,7/14/2025,7/14/2025,7/14/2025 20:34,7/14/2025 22:56,Night,Frog,South American Common Toad,Yes,Bufonidae,Rhinella,margaritifera,MIRA-01,550,Mirador,U,Varzea,Diurnal
YRS,7/15/2025,7/15/2025,7/15/2025 14:24,7/15/2025 16:16,Afternoon,Frog,South American Common Toad,Yes,Bufonidae,Rhinella,margaritifera,NAPO-04,220,Napo-Tinamou-Botanico,G,Terrafirme,Diurnal
YRS,7/15/2025,7/15/2025,7/15/2025 14:24,7/15/2025 16:16,Afternoon,Frog,South American Common Toad,Yes,Bufonidae,Rhinella,margaritifera,NAPO-04,220,Napo-Tinamou-Botanico,G,Terrafirme,Diurnal
YRS,7/15/2025,7/15/2025,7/15/2025 14:24,7/15/2025 16:16,Afternoon,Frog,South American Common Toad,Yes,Bufonidae,Rhinella,margaritifera,NAPO-03,157,Napo-Tinamou-Botanico,G,Terrafirme,Diurnal
YRS,7/15/2025,7/15/2025,7/15/2025 14:24,7/15/2025 16:16,Afternoon,Frog,South American Common Toad,Yes,Bufonidae,Rhinella,margaritifera,NAPO-03,157,Napo-Tinamou-Botanico,G,Terrafirme,Diurnal
YRS,7/15/2025,7/15/2025,7/15/2025 14:24,7/15/2025 16:16,Afternoon,Frog,South American Common Toad,Yes,Bufonidae,Rhinella,margaritifera,TINA-02,509,Napo-Tinamou-Botanico,G,Varzea,Diurnal
YRS,7/15/2025,7/15/2025,7/15/2025 14:24,7/15/2025 16:16,Afternoon,Frog,South American Common Toad,Yes,Bufonidae,Rhinella,margaritifera,BOTA-01,142,Napo-Tinamou-Botanico,G,Terrafirme,Diurnal
YRS,7/15/2025,7/15/2025,7/15/2025 20:30,7/15/2025 22:12,Night,Frog,South American Common Toad,Yes,Bufonidae,Rhinella,margaritifera,NAPO-06,290,Chorongo-Kinkajou-Napo,U,Terrafirme,Diurnal
YRS,7/15/2025,7/15/2025,7/15/2025 20:30,7/15/2025 22:12,Night,Frog,South American Common Toad,Yes,Bufonidae,Rhinella,margaritifera,NAPO-06,290,Chorongo-Kinkajou-Napo,U,Terrafirme,Diurnal
YRS,7/15/2025,7/15/2025,7/15/2025 20:30,7/15/2025 22:12,Night,Frog,South American Common Toad,Yes,Bufonidae,Rhinella,margaritifera,NAPO-06,290,Chorongo-Kinkajou-Napo,U,Terrafirme,Diurnal
TBS,6/17/2024,6/17/2024,6/17/2024 20:04,6/18/2024 0:11,Night,Frog,South American Common Toad,Yes,Bufonidae,Rhinella,margaritifera,MAPO-04,387,Matapalo-Murcielago-Matapalo-Chichico-Numa-Matapalo,U,Terrafirme,Diurnal
TBS,6/17/2024,6/17/2024,6/17/2024 20:04,6/18/2024 0:11,Night,Frog,South American Common Toad,Yes,Bufonidae,Rhinella,margaritifera,MAPO-02,170,Matapalo-Murcielago-Matapalo-Chichico-Numa-Matapalo,U,Varzea,Diurnal
TBS,6/21/2024,6/21/2024,6/21/2024 20:11,6/21/2024 21:36,Night,Frog,South American Common Toad,Yes,Bufonidae,Rhinella,margaritifera,MAPO-02,170,Matapalo-Harpia,G,Terrafirme,Diurnal
TBS,6/23/2024,6/23/2024,6/23/2024 20:00,6/23/2024 22:36,Night,Frog,South American Common Toad,Yes,Bufonidae,Rhinella,margaritifera,PUEN-01,144,Matapalo-Murcielago-Puentes-Murcielago Pond-Puentes-Murcielago-Matapalo,G,Terrafirme,Diurnal
TBS,6/23/2024,6/23/2024,6/23/2024 20:00,6/23/2024 22:36,Night,Frog,South American Common Toad,Yes,Bufonidae,Rhinella,margaritifera,PUEN-01,144,Matapalo-Murcielago-Puentes-Murcielago Pond-Puentes-Murcielago-Matapalo,G,Varzea,Diurnal
TBS,6/23/2024,6/23/2024,6/23/2024 20:00,6/23/2024 22:36,Night,Frog,South American Common Toad,Yes,Bufonidae,Rhinella,margaritifera,MURC-01,156,Matapalo-Murcielago-Puentes-Murcielago Pond-Puentes-Murcielago-Matapalo,G,Varzea,Diurnal
YRS,6/29/2024,6/29/2024,6/29/2024 20:04,6/29/2024 23:19,Night,Frog,South American Common Toad,Yes,Bufonidae,Rhinella,margaritifera,GAWA-02,650,Gawape-Chorongo-Kinkajou-Napo-Tucan-Garza,U,Varzea,Diurnal
YRS,7/3/2024,7/3/2024,7/3/2024 20:11,7/3/2024 23:07,Night,Frog,South American Common Toad,Yes,Bufonidae,Rhinella,margaritifera,PERU-02,738,Ceiba-Peru,U,Terrafirme,Diurnal
YRS,7/3/2024,7/3/2024,7/3/2024 20:11,7/3/2024 23:07,Night,Frog,South American Common Toad,Yes,Bufonidae,Rhinella,margaritifera,PERU-02,738,Ceiba-Peru,U,Varzea,Diurnal
TBS,7/14/2024,7/14/2024,7/14/2024 20:51,7/15/2024 0:05,Night,Frog,South American Common Toad,Yes,Bufonidae,Rhinella,margaritifera,HAPL-01,2220,Harpia Plot-Harpia,U,Varzea,Diurnal
TBS,7/15/2024,7/15/2024,7/15/2024 20:14,7/15/2024 23:42,Night,Frog,South American Common Toad,Yes,Bufonidae,Rhinella,margaritifera,ANAC-01,388,Anaconda-Lago,U,Varzea,Diurnal
TBS,7/15/2024,7/15/2024,7/15/2024 20:14,7/15/2024 23:42,Night,Frog,South American Common Toad,Yes,Bufonidae,Rhinella,margaritifera,LAGO-02,1450,Anaconda-Lago,U,Varzea,Diurnal
TBS,7/15/2024,7/15/2024,7/15/2024 20:14,7/15/2024 23:42,Night,Frog,South American Common Toad,Yes,Bufonidae,Rhinella,margaritifera,LAGO-02,1450,Anaconda-Lago,U,Varzea,Diurnal
TBS,7/18/2024,7/18/2024,7/18/2024 20:00,7/18/2024 22:50,Night,Frog,South American Common Toad,Yes,Bufonidae,Rhinella,margaritifera,HAPL-01,2220,Harpia Plot-Harpia-Matapalo,U,Terrafirme,Diurnal
TBS,7/18/2024,7/18/2024,7/18/2024 20:00,7/18/2024 22:50,Night,Frog,South American Common Toad,Yes,Bufonidae,Rhinella,margaritifera,HARP-01,483,Harpia Plot-Harpia-Matapalo,U,Terrafirme,Diurnal
YRS,7/23/2024,7/23/2024,7/23/2024 20:09,7/23/2024 22:46,Night,Frog,South American Common Toad,Yes,Bufonidae,Rhinella,margaritifera,TINA-02,509,Tinamou-Napo-Pantano-Botanico-Gran Ficus,U,Varzea,Diurnal
YRS,7/23/2024,7/23/2024,7/23/2024 20:09,7/23/2024 22:46,Night,Frog,South American Common Toad,Yes,Bufonidae,Rhinella,margaritifera,GRFI-01,96,Tinamou-Napo-Pantano-Botanico-Gran Ficus,U,Terrafirme,Diurnal
YRS,7/26/2024,7/26/2024,7/26/2024 20:02,7/26/2024 22:54,Night,Frog,South American Common Toad,Yes,Bufonidae,Rhinella,margaritifera,YCHO-02,691,Gawape-Garza-Tucan-Napo-Kinkajou-Chorongo-Tucan-Gawape,G,Varzea,Diurnal
YRS,7/28/2024,7/28/2024,7/28/2024 20:27,7/28/2024 23:31,Night,Frog,South American Common Toad,Yes,Bufonidae,Rhinella,margaritifera,CEIB-01,490,Peru-Ceiba,U,Varzea,Diurnal
YRS,7/28/2024,7/28/2024,7/28/2024 20:27,7/28/2024 23:31,Night,Frog,South American Common Toad,Yes,Bufonidae,Rhinella,margaritifera,CEIB-01,490,Peru-Ceiba,U,Terrafirme,Diurnal
YRS,7/29/2024,7/29/2024,7/29/2024 20:20,7/29/2024 22:48,Night,Frog,South American Common Toad,Yes,Bufonidae,Rhinella,margaritifera,YCHO-01,1230,Chorongo-Kinkajou-Napo-Bariso-Tinamou-Botanico,U,Terrafirme,Diurnal
YRS,7/5/2025,7/5/2025,7/5/2025 20:26,7/5/2025 23:30,Night,Frog,Eirunepe Snouted Tree Frog,No,Hylidae,Scinax,garbei,PERU-05,301,Coca-Ceiba-Peru-Tiputini-Peru,G,Terrafirme,Nocturnal
TBS,6/19/2024,6/19/2024,6/19/2024 19:58,6/19/2024 22:50,Night,Frog,Manaus Snouted Treefrog,Yes,Hylidae,Scinax,cruentomma,GUAC-03,279,Guacamayo-Puma-Harpia-Chorongo-Guacamayo,U,Terrafirme,Nocturnal
TBS,6/19/2024,6/19/2024,6/19/2024 19:58,6/19/2024 22:50,Night,Frog,Santa Cecilia Glass Frog,Yes,Centrolenidae,Teratohyla,midas,TCHO-01,481,Guacamayo-Puma-Harpia-Chorongo-Guacamayo,U,Varzea,Nocturnal
TBS,6/19/2024,6/19/2024,6/19/2024 19:58,6/19/2024 22:50,Night,Frog,Santa Cecilia Glass Frog,Yes,Centrolenidae,Teratohyla,midas,TCHO-01,481,Guacamayo-Puma-Harpia-Chorongo-Guacamayo,U,Varzea,Nocturnal
YRS,7/3/2024,7/3/2024,7/3/2024 20:11,7/3/2024 23:07,Night,Frog,Santa Cecilia Glass Frog,Yes,Centrolenidae,Teratohyla,midas,PERU-05,301,Ceiba-Peru,G,Varzea,Nocturnal
TBS,7/14/2024,7/14/2024,7/14/2024 20:51,7/15/2024 0:05,Night,Frog,Terrestrial-breeding Frogs,No,Strabomantidae,,,HAPL-01,2220,Harpia Plot-Harpia,G,Varzea,Nocturnal
TBS,7/14/2024,7/14/2024,7/14/2024 20:51,7/15/2024 0:05,Night,Frog,Terrestrial-breeding Frogs,No,Strabomantidae,,,HAPL-01,2220,Harpia Plot-Harpia,G,Varzea,Nocturnal
TBS,7/15/2024,7/15/2024,7/15/2024 20:14,7/15/2024 23:42,Night,Frog,Tree Frogs and Allies,Yes,Hylidae,,,ANAC-01,388,Anaconda-Lago,U,Varzea,Nocturnal
TBS,7/15/2024,7/15/2024,7/15/2024 20:14,7/15/2024 23:42,Night,Frog,Tree Frogs and Allies,Yes,Hylidae,,,LAGO-02,1450,Anaconda-Lago,U,Varzea,Nocturnal
YRS,7/6/2025,7/6/2025,7/6/2025 20:13,7/6/2025 22:38,Night,Frog,,Yes,Hylidae,,,TORR-01,900,Chorongo-Kinkajou-Napo-Tucan-Garza-Napo,U,Terrafirme,Nocturnal
