"Date","Survey_Type","Survey_Start_Time","Survey_End_Time","Gross_ID","Family","Species","Genus","Habitat_Type","Common_Name","Animal_ID","Station","Segment","Parent_Trail_LongName","Height_of_Individual","Start_Date_Start_Time","End_Date","End_Date_End_Time","Effort_hrs","Start_Date","Seg_dist_m"
"2025-06-03","Night","8:49 PM","11:05 PM","Frog","Leptodactylidae",NA,"Leptodactylus","Varzea","Neotropical Grass Frogs","FG243","TBS","NUMA-01","Numa-Chichico","G","2025-06-03 20:49:00","2025-06-03","2025-06-03 23:05:00",2.26666666666667,"2025-06-03",290
"2025-06-03","Night","8:49 PM","11:05 PM","Frog","Craugastoridae","quixensis","Oreobates","Varzea","Common Big-headed Frog","FG244","TBS","NUMA-01","Numa-Chichico","G","2025-06-03 20:49:00","2025-06-03","2025-06-03 23:05:00",2.26666666666667,"2025-06-03",290
"2025-06-03","Night","8:49 PM","11:05 PM","Lizard","Anolidae","scypheus","Anolis","Varzea","Yellow-tongued Anole","LZ45","TBS","NUMA-01","Numa-Chichico","U","2025-06-03 20:49:00","2025-06-03","2025-06-03 23:05:00",2.26666666666667,"2025-06-03",290
"2025-06-03","Night","8:49 PM","11:05 PM","Frog","Leptodactylidae",NA,"Leptodactylus","Varzea","Tropical Bullfrogs","FG245","TBS","CHIO-02","Numa-Chichico","G","2025-06-03 20:49:00","2025-06-03","2025-06-03 23:05:00",2.26666666666667,"2025-06-03",1000
"2025-06-03","Night","8:49 PM","11:05 PM","Frog","Leptodactylidae","andreae","Adenomera","Varzea","Cocha Chirping Frog","FG246","TBS","CHIO-02","Numa-Chichico","G","2025-06-03 20:49:00","2025-06-03","2025-06-03 23:05:00",2.26666666666667,"2025-06-03",1000
"2025-06-03","Night","8:49 PM","11:05 PM","Frog","Leptodactylidae",NA,"Leptodactylus","Varzea","Neotropical Grass Frogs","FG247","TBS","CHIO-02","Numa-Chichico","G","2025-06-03 20:49:00","2025-06-03","2025-06-03 23:05:00",2.26666666666667,"2025-06-03",1000
"2025-06-03","Night","8:49 PM","11:05 PM","Lizard","Teiidae","pelviceps","Kentropyx","Varzea","Forest Whiptail","LZ46","TBS","CHIO-02","Numa-Chichico","U","2025-06-03 20:49:00","2025-06-03","2025-06-03 23:05:00",2.26666666666667,"2025-06-03",1000
"2025-06-03","Night","8:49 PM","11:05 PM","Frog","Leptodactylidae",NA,"Adenomera","Varzea","Tropical Bullfrogs","FG248","TBS","CHIO-02","Numa-Chichico","G","2025-06-03 20:49:00","2025-06-03","2025-06-03 23:05:00",2.26666666666667,"2025-06-03",1000
"2025-06-03","Night","8:49 PM","11:05 PM","Frog","Hylidae","yasuni","Osteocephalus","Varzea","Yasuni Spiny-backed Treefrog","FG249","TBS","CHIO-02","Numa-Chichico","U","2025-06-03 20:49:00","2025-06-03","2025-06-03 23:05:00",2.26666666666667,"2025-06-03",1000
"2025-06-03","Night","8:49 PM","11:05 PM","Frog","Bufonidae","guttatus","Rhaebo","Terrafirme","Smooth-sided Toad","FG250","TBS","CHIO-01","Numa-Chichico","G","2025-06-03 20:49:00","2025-06-03","2025-06-03 23:05:00",2.26666666666667,"2025-06-03",609
"2025-06-03","Night","8:49 PM","11:05 PM","Frog","Leptodactylidae",NA,"Leptodactylus","Terrafirme","Neotropical Grass Frogs","FG251","TBS","CHIO-01","Numa-Chichico","G","2025-06-03 20:49:00","2025-06-03","2025-06-03 23:05:00",2.26666666666667,"2025-06-03",609
"2025-06-03","Night","8:49 PM","11:05 PM","Frog","Craugastoridae","quixensis","Oreobates","Varzea","Common Big-headed Frog","FG252","TBS","CHIO-01","Numa-Chichico","G","2025-06-03 20:49:00","2025-06-03","2025-06-03 23:05:00",2.26666666666667,"2025-06-03",609
"2025-06-03","Night","8:49 PM","11:05 PM","Lizard","Anolidae","scypheus","Anolis","Varzea","Yellow-tongued Anole","LZ47","TBS","CHIO-01","Numa-Chichico","U","2025-06-03 20:49:00","2025-06-03","2025-06-03 23:05:00",2.26666666666667,"2025-06-03",609
"2025-06-04","Night","8:12 PM","10:32 PM","Frog","Hylidae",NA,"Boana","Varzea","Gladiator Treefrogs","FG253","TBS","ANAC-01","Anaconda-Lago","U","2025-06-04 20:12:00","2025-06-04","2025-06-04 22:32:00",2.33333333333333,"2025-06-04",388
"2025-06-04","Night","8:12 PM","10:32 PM","Frog","Craugastoridae","quixensis","Oreobates","Varzea","Common Big-headed Frog","FG254","TBS","ANAC-01","Anaconda-Lago","G","2025-06-04 20:12:00","2025-06-04","2025-06-04 22:32:00",2.33333333333333,"2025-06-04",388
"2025-06-04","Night","8:12 PM","10:32 PM","Frog","Craugastoridae","quixensis","Oreobates","Varzea","Common Big-headed Frog","FG255","TBS","LAGO-02","Anaconda-Lago","G","2025-06-04 20:12:00","2025-06-04","2025-06-04 22:32:00",2.33333333333333,"2025-06-04",1450
"2025-06-04","Night","8:12 PM","10:32 PM","Salamander","Plethodontidae","altamazonica","Bolitoglossa","Varzea","Amazon Climbing Salamander","SL23","TBS","LAGO-02","Anaconda-Lago","U","2025-06-04 20:12:00","2025-06-04","2025-06-04 22:32:00",2.33333333333333,"2025-06-04",1450
"2025-06-04","Night","8:12 PM","10:32 PM","Lizard","Anolidae","fuscoauratus","Anolis","Varzea","Brown-eared Anole","LZ48","TBS","LAGO-02","Anaconda-Lago","U","2025-06-04 20:12:00","2025-06-04","2025-06-04 22:32:00",2.33333333333333,"2025-06-04",1450
"2025-06-04","Night","8:12 PM","10:32 PM","Lizard","Anolidae","punctatus","Anolis","Varzea","Amazon Green Anole","LZ49","TBS","LAGO-02","Anaconda-Lago","U","2025-06-04 20:12:00","2025-06-04","2025-06-04 22:32:00",2.33333333333333,"2025-06-04",1450
"2025-06-04","Night","8:12 PM","10:32 PM","Frog","Hylidae","fuscifacies","Osteocephalus","Varzea","Tan-faced Spiny-backed Frog","FG256","TBS","LAGO-02","Anaconda-Lago","U","2025-06-04 20:12:00","2025-06-04","2025-06-04 22:32:00",2.33333333333333,"2025-06-04",1450
"2025-06-04","Night","8:12 PM","10:32 PM","Lizard","Tropiduridae","plica","Plica","Varzea","Collared Treerunner","LZ50","TBS","LAGO-02","Anaconda-Lago","U","2025-06-04 20:12:00","2025-06-04","2025-06-04 22:32:00",2.33333333333333,"2025-06-04",1450
"2025-06-04","Night","8:12 PM","10:32 PM","Frog","Hylidae","yasuni","Osteocephalus","Varzea","Yasuni Spiny-backed Treefrog","FG257","TBS","LAGO-02","Anaconda-Lago","U","2025-06-04 20:12:00","2025-06-04","2025-06-04 22:32:00",2.33333333333333,"2025-06-04",1450
"2024-06-05","Afternoon","2:20 PM","3:57 PM","Frog","Bufonidae","margaritifera","Rhinella","Terrafirme","South American Common Toad","FG258","TBS","TCHO-02","Chorongo-Mata Mata","G","2024-06-05 14:20:00","2024-06-05","2024-06-05 15:57:00",1.61666666666667,"2024-06-05",830
"2024-06-05","Afternoon","2:20 PM","3:57 PM","Frog","Bufonidae","margaritifera","Rhinella","Terrafirme","South American Common Toad","FG259","TBS","TCHO-02","Chorongo-Mata Mata","G","2024-06-05 14:20:00","2024-06-05","2024-06-05 15:57:00",1.61666666666667,"2024-06-05",830
"2024-06-05","Afternoon","2:20 PM","3:57 PM","Frog","Aromobatidae","femoralis","Allobates","Terrafirme","Spotted-thighed Poison Frog","FG260","TBS","TCHO-02","Chorongo-Mata Mata","G","2024-06-05 14:20:00","2024-06-05","2024-06-05 15:57:00",1.61666666666667,"2024-06-05",830
"2024-06-05","Afternoon","2:20 PM","3:57 PM","Frog","Bufonidae","margaritifera","Rhinella","Terrafirme","South American Common Toad","FG261","TBS","TCHO-02","Chorongo-Mata Mata","G","2024-06-05 14:20:00","2024-06-05","2024-06-05 15:57:00",1.61666666666667,"2024-06-05",830
"2024-06-05","Afternoon","2:20 PM","3:57 PM","Lizard","Teiidae","pelviceps","Kentropyx","Terrafirme","Forest Whiptail","LZ51","TBS","TCHO-02","Chorongo-Mata Mata","G","2024-06-05 14:20:00","2024-06-05","2024-06-05 15:57:00",1.61666666666667,"2024-06-05",830
"2024-06-05","Afternoon","2:20 PM","3:57 PM","Frog","Aromobatidae","femoralis","Allobates","Terrafirme","Spotted-thighed Poison Frog","FG262","TBS","TCHO-02","Chorongo-Mata Mata","G","2024-06-05 14:20:00","2024-06-05","2024-06-05 15:57:00",1.61666666666667,"2024-06-05",830
"2024-06-05","Afternoon","2:20 PM","3:57 PM","Lizard","Teiidae","pelviceps","Kentropyx","Terrafirme","Forest Whiptail","LZ52","TBS","TCHO-02","Chorongo-Mata Mata","G","2024-06-05 14:20:00","2024-06-05","2024-06-05 15:57:00",1.61666666666667,"2024-06-05",830
"2024-06-05","Afternoon","2:20 PM","3:57 PM","Lizard","Teiidae","pelviceps","Kentropyx","Varzea","Forest Whiptail","LZ53","TBS","MATA-01","Chorongo-Mata Mata","G","2024-06-05 14:20:00","2024-06-05","2024-06-05 15:57:00",1.61666666666667,"2024-06-05",1030
"2024-06-05","Afternoon","2:20 PM","3:57 PM","Lizard","Teiidae","pelviceps","Kentropyx","Varzea","Forest Whiptail","LZ54","TBS","MATA-01","Chorongo-Mata Mata","G","2024-06-05 14:20:00","2024-06-05","2024-06-05 15:57:00",1.61666666666667,"2024-06-05",1030
"2025-06-06","Night","8:08 PM","11:02 PM","Frog","Hylidae",NA,"Osteocephalus","Terrafirme","Broad-headed Treefrogs","FG263","TBS","MAPO-02","Matapalo-Murcielago-Puentes-Matapalo-Chichico-Numa","U","2025-06-06 20:08:00","2025-06-06","2025-06-06 23:02:00",2.9,"2025-06-06",170
"2025-06-06","Night","8:08 PM","11:02 PM","Frog","Craugastoridae","quixensis","Oreobates","Terrafirme","Common Big-headed Frog","FG264","TBS","MAPO-03","Matapalo-Murcielago-Puentes-Matapalo-Chichico-Numa","G","2025-06-06 20:08:00","2025-06-06","2025-06-06 23:02:00",2.9,"2025-06-06",388
"2025-06-06","Night","8:08 PM","11:02 PM","Salamander","Plethodontidae","altamazonica","Bolitoglossa","Terrafirme","Amazon Climbing Salamander","SL24","TBS","MAPO-03","Matapalo-Murcielago-Puentes-Matapalo-Chichico-Numa","U","2025-06-06 20:08:00","2025-06-06","2025-06-06 23:02:00",2.9,"2025-06-06",388
"2025-06-06","Night","8:08 PM","11:02 PM","Lizard","Anolidae","fuscoauratus","Anolis","Terrafirme","Brown-eared Anole","LZ55","TBS","MAPO-03","Matapalo-Murcielago-Puentes-Matapalo-Chichico-Numa","U","2025-06-06 20:08:00","2025-06-06","2025-06-06 23:02:00",2.9,"2025-06-06",388
"2025-06-06","Night","8:08 PM","11:02 PM","Salamander","Plethodontidae","altamazonica","Bolitoglossa","Terrafirme","Amazon Climbing Salamander","SL25","TBS","MAPO-03","Matapalo-Murcielago-Puentes-Matapalo-Chichico-Numa","U","2025-06-06 20:08:00","2025-06-06","2025-06-06 23:02:00",2.9,"2025-06-06",388
"2025-06-06","Night","8:08 PM","11:02 PM","Frog","Hylidae","taurinus","Osteocephalus","Terrafirme","Manaus Spiny-backed Treefrog","FG265","TBS","MAPO-03","Matapalo-Murcielago-Puentes-Matapalo-Chichico-Numa","U","2025-06-06 20:08:00","2025-06-06","2025-06-06 23:02:00",2.9,"2025-06-06",388
"2025-06-06","Night","8:08 PM","11:02 PM","Frog","Craugastoridae","quixensis","Oreobates","Terrafirme","Common Big-headed Frog","FG266","TBS","MURC-01","Matapalo-Murcielago-Puentes-Matapalo-Chichico-Numa","G","2025-06-06 20:08:00","2025-06-06","2025-06-06 23:02:00",2.9,"2025-06-06",156
"2025-06-06","Night","8:08 PM","11:02 PM","Frog","Craugastoridae","quixensis","Oreobates","Terrafirme","Common Big-headed Frog","FG267","TBS","MURC-01","Matapalo-Murcielago-Puentes-Matapalo-Chichico-Numa","G","2025-06-06 20:08:00","2025-06-06","2025-06-06 23:02:00",2.9,"2025-06-06",156
"2025-06-06","Night","8:08 PM","11:02 PM","Frog","Craugastoridae",NA,"Pristimantis","Terrafirme","Rain and Robber Frogs","FG268","TBS","MAPO-04","Matapalo-Murcielago-Puentes-Matapalo-Chichico-Numa","U","2025-06-06 20:08:00","2025-06-06","2025-06-06 23:02:00",2.9,"2025-06-06",387
"2025-06-06","Night","8:08 PM","11:02 PM","Frog","Bufonidae","margaritifera","Rhinella","Varzea","South American Common Toad","FG269","TBS","MAPO-05","Matapalo-Murcielago-Puentes-Matapalo-Chichico-Numa","G","2025-06-06 20:08:00","2025-06-06","2025-06-06 23:02:00",2.9,"2025-06-06",250
"2025-06-06","Night","8:08 PM","11:02 PM","Lizard","Hoplocercidae","laticeps","Enyalioides","Terrafirme","Broad-headed Wood Lizard","LZ56","TBS","MAPO-06","Matapalo-Murcielago-Puentes-Matapalo-Chichico-Numa","U","2025-06-06 20:08:00","2025-06-06","2025-06-06 23:02:00",2.9,"2025-06-06",359
"2025-06-06","Night","8:08 PM","11:02 PM","Frog","Bufonidae","margaritifera","Rhinella","Terrafirme","South American Common Toad","FG270","TBS","MAPO-06","Matapalo-Murcielago-Puentes-Matapalo-Chichico-Numa","G","2025-06-06 20:08:00","2025-06-06","2025-06-06 23:02:00",2.9,"2025-06-06",359
"2025-06-06","Night","8:08 PM","11:02 PM","Frog","Craugastoridae","quixensis","Oreobates","Terrafirme","Common Big-headed Frog","FG271","TBS","MAPO-06","Matapalo-Murcielago-Puentes-Matapalo-Chichico-Numa","G","2025-06-06 20:08:00","2025-06-06","2025-06-06 23:02:00",2.9,"2025-06-06",359
"2025-06-07","Night","7:59 PM","10:26 PM","Frog","Craugastoridae","quixensis","Oreobates","Terrafirme","Common Big-headed Frog","FG272","TBS","GUAC-01","Guacamayo-Danta-Lago","G","2025-06-07 19:59:00","2025-06-07","2025-06-07 22:26:00",2.45,"2025-06-07",230
"2025-06-07","Night","7:59 PM","10:26 PM","Frog","Leptodactylidae","pentadactylus","Leptodactylus","Terrafirme","Smoky Jungle Frog","FG273","TBS","GUAC-01","Guacamayo-Danta-Lago","G","2025-06-07 19:59:00","2025-06-07","2025-06-07 22:26:00",2.45,"2025-06-07",230
"2025-06-07","Night","7:59 PM","10:26 PM","Frog","Craugastoridae","quixensis","Oreobates","Terrafirme","Common Big-headed Frog","FG274","TBS","GUAC-02","Guacamayo-Danta-Lago","G","2025-06-07 19:59:00","2025-06-07","2025-06-07 22:26:00",2.45,"2025-06-07",301
"2025-06-07","Night","7:59 PM","10:26 PM","Frog","Hylidae","taurinus","Osteocephalus","Terrafirme","Manaus Spiny-backed Treefrog","FG275","TBS","DANT-01","Guacamayo-Danta-Lago","U","2025-06-07 19:59:00","2025-06-07","2025-06-07 22:26:00",2.45,"2025-06-07",591
"2025-06-07","Night","7:59 PM","10:26 PM","Frog","Hylidae","yasuni","Osteocephalus","Terrafirme","Yasuni Spiny-backed Treefrog","FG276","TBS","DANT-01","Guacamayo-Danta-Lago","U","2025-06-07 19:59:00","2025-06-07","2025-06-07 22:26:00",2.45,"2025-06-07",591
"2025-06-07","Night","7:59 PM","10:26 PM","Frog","Bufonidae","margaritifera","Rhinella","Terrafirme","South American Common Toad","FG277","TBS","DANT-01","Guacamayo-Danta-Lago","U","2025-06-07 19:59:00","2025-06-07","2025-06-07 22:26:00",2.45,"2025-06-07",591
"2025-06-07","Night","7:59 PM","10:26 PM","Frog","Hylidae",NA,"Osteocephalus","Varzea","Broad-headed Treefrogs","FG278","TBS","DANT-01","Guacamayo-Danta-Lago","U","2025-06-07 19:59:00","2025-06-07","2025-06-07 22:26:00",2.45,"2025-06-07",591
"2025-06-07","Night","7:59 PM","10:26 PM","Frog","Leptodactylidae","pentadactylus","Leptodactylus","Varzea","Smoky Jungle Frog","FG279","TBS","DANT-01","Guacamayo-Danta-Lago","G","2025-06-07 19:59:00","2025-06-07","2025-06-07 22:26:00",2.45,"2025-06-07",591
"2025-06-07","Night","7:59 PM","10:26 PM","Frog","Hylidae",NA,"Osteocephalus","Varzea","Broad-headed Treefrogs","FG280","TBS","DANT-01","Guacamayo-Danta-Lago","U","2025-06-07 19:59:00","2025-06-07","2025-06-07 22:26:00",2.45,"2025-06-07",591
"2025-06-07","Night","7:59 PM","10:26 PM","Frog","Hylidae","yasuni","Osteocephalus","Varzea","Yasuni Spiny-backed Treefrog","FG281","TBS","LAGO-01","Guacamayo-Danta-Lago","U","2025-06-07 19:59:00","2025-06-07","2025-06-07 22:26:00",2.45,"2025-06-07",719
"2025-06-07","Night","7:59 PM","10:26 PM","Frog","Leptodactylidae","pentadactylus","Leptodactylus","Varzea","Smoky Jungle Frog","FG282","TBS","LAGO-01","Guacamayo-Danta-Lago","G","2025-06-07 19:59:00","2025-06-07","2025-06-07 22:26:00",2.45,"2025-06-07",719
"2025-06-07","Night","7:59 PM","10:26 PM","Frog","Leptodactylidae","pentadactylus","Leptodactylus","Varzea","Smoky Jungle Frog","FG283","TBS","LAGO-01","Guacamayo-Danta-Lago","G","2025-06-07 19:59:00","2025-06-07","2025-06-07 22:26:00",2.45,"2025-06-07",719
"2025-06-07","Night","7:59 PM","10:26 PM","Frog","Bufonidae","marina","Rhinella","Varzea","Cane Toad","FG284","TBS","LAGO-01","Guacamayo-Danta-Lago","G","2025-06-07 19:59:00","2025-06-07","2025-06-07 22:26:00",2.45,"2025-06-07",719
"2025-06-07","Night","7:59 PM","10:26 PM","Frog","Hylidae","bifurcus","Dendropsophus","Varzea","Upper Amazon Tree Frog","FG285","TBS","LAGO-01","Guacamayo-Danta-Lago","U","2025-06-07 19:59:00","2025-06-07","2025-06-07 22:26:00",2.45,"2025-06-07",719
"2025-06-07","Night","7:59 PM","10:26 PM","Frog","Hylidae","bifurcus","Dendropsophus","Varzea","Upper Amazon Tree Frog","FG286","TBS","LAGO-01","Guacamayo-Danta-Lago","U","2025-06-07 19:59:00","2025-06-07","2025-06-07 22:26:00",2.45,"2025-06-07",719
"2025-06-08","Afternoon","1:47 PM","4:03 PM","Lizard","Anolidae","scypheus","Anolis","Varzea","Yellow-tongued Anole","LZ57","TBS","PARA-01","Parahuaco","G","2025-06-08 13:47:00","2025-06-08","2025-06-08 16:03:00",2.26666666666667,"2025-06-08",3522
"2025-06-08","Afternoon","1:47 PM","4:03 PM","Frog","Aromobatidae","femoralis","Allobates","Varzea","Spotted-thighed Poison Frog","FG287","TBS","PARA-01","Parahuaco","G","2025-06-08 13:47:00","2025-06-08","2025-06-08 16:03:00",2.26666666666667,"2025-06-08",3522
"2025-06-08","Afternoon","1:47 PM","4:03 PM","Lizard","Alopoglossidae","atriventris","Alopoglossus","Varzea","Keel-bellied Shade Lizard","LZ58","TBS","PARA-01","Parahuaco","G","2025-06-08 13:47:00","2025-06-08","2025-06-08 16:03:00",2.26666666666667,"2025-06-08",3522
"2025-06-08","Afternoon","1:47 PM","4:03 PM","Frog","Craugastoridae",NA,"Pristimantis","Varzea","Rain and Robber Frogs","FG288","TBS","PARA-01","Parahuaco","G","2025-06-08 13:47:00","2025-06-08","2025-06-08 16:03:00",2.26666666666667,"2025-06-08",3522
"2025-06-08","Afternoon","1:47 PM","4:03 PM","Frog","Leptodactylidae","petersi","Engystomops","Terrafirme","Painted Forest Toadlet","FG289","TBS","PARA-01","Parahuaco","G","2025-06-08 13:47:00","2025-06-08","2025-06-08 16:03:00",2.26666666666667,"2025-06-08",3522
"2025-06-08","Afternoon","1:47 PM","4:03 PM","Frog","Leptodactylidae","petersi","Engystomops","Terrafirme","Painted Forest Toadlet","FG290","TBS","PARA-01","Parahuaco","G","2025-06-08 13:47:00","2025-06-08","2025-06-08 16:03:00",2.26666666666667,"2025-06-08",3522
"2025-06-08","Afternoon","1:47 PM","4:03 PM","Frog","Aromobatidae","femoralis","Allobates","Varzea","Spotted-thighed Poison Frog","FG291","TBS","PARA-01","Parahuaco","G","2025-06-08 13:47:00","2025-06-08","2025-06-08 16:03:00",2.26666666666667,"2025-06-08",3522
"2025-06-08","Afternoon","1:47 PM","4:03 PM","Lizard","Anolidae","scypheus","Anolis","Varzea","Yellow-tongued Anole","LZ59","TBS","PARA-01","Parahuaco","U","2025-06-08 13:47:00","2025-06-08","2025-06-08 16:03:00",2.26666666666667,"2025-06-08",3522
"2025-06-08","Afternoon","1:47 PM","4:03 PM","Lizard","Alopoglossidae","atriventris","Alopoglossus","Varzea","Keel-bellied Shade Lizard","LZ60","TBS","PARA-01","Parahuaco","G","2025-06-08 13:47:00","2025-06-08","2025-06-08 16:03:00",2.26666666666667,"2025-06-08",3522
"2025-06-08","Afternoon","1:47 PM","4:03 PM","Frog","Aromobatidae","femoralis","Allobates","Varzea","Spotted-thighed Poison Frog","FG292","TBS","PARA-01","Parahuaco","G","2025-06-08 13:47:00","2025-06-08","2025-06-08 16:03:00",2.26666666666667,"2025-06-08",3522
"2025-06-08","Afternoon","1:47 PM","4:03 PM","Frog","Bufonidae","margaritifera","Rhinella","Varzea","South American Common Toad","FG293","TBS","PARA-01","Parahuaco","G","2025-06-08 13:47:00","2025-06-08","2025-06-08 16:03:00",2.26666666666667,"2025-06-08",3522
"2025-06-08","Afternoon","1:47 PM","4:03 PM","Lizard","Anolidae","scypheus","Anolis","Varzea","Yellow-tongued Anole","LZ61","TBS","PARA-01","Parahuaco","G","2025-06-08 13:47:00","2025-06-08","2025-06-08 16:03:00",2.26666666666667,"2025-06-08",3522
"2025-06-08","Afternoon","1:47 PM","4:03 PM","Frog","Aromobatidae","femoralis","Allobates","Varzea","Spotted-thighed Poison Frog","FG294","TBS","PARA-01","Parahuaco","G","2025-06-08 13:47:00","2025-06-08","2025-06-08 16:03:00",2.26666666666667,"2025-06-08",3522
"2025-06-09","Night","8:15 PM","11:03 PM","Lizard","Tropiduridae","plica","Plica","Terrafirme","Collared Treerunner","LZ62","YRS","YCHO-01","Chorongo-Kinkajou-Napo-Bariso-Tinamou-Botanico","U","2025-06-09 20:15:00","2025-06-09","2025-06-09 23:03:00",2.8,"2025-06-09",1230
"2025-06-09","Night","8:15 PM","11:03 PM","Frog","Leptodactylidae","perezi","Edalorhina","Varzea","Perez's Snouted Frog","FG295","YRS","YCHO-01","Chorongo-Kinkajou-Napo-Bariso-Tinamou-Botanico","G","2025-06-09 20:15:00","2025-06-09","2025-06-09 23:03:00",2.8,"2025-06-09",1230
"2025-06-09","Night","8:15 PM","11:03 PM","Lizard","Phyllodactylidae","solimoensis","Thecadactylus","Terrafirme","Turniptail Gecko","LZ63","YRS","YCHO-01","Chorongo-Kinkajou-Napo-Bariso-Tinamou-Botanico","U","2025-06-09 20:15:00","2025-06-09","2025-06-09 23:03:00",2.8,"2025-06-09",1230
"2025-06-09","Night","8:15 PM","11:03 PM","Frog","Hylidae",NA,"Osteocephalus","Varzea","Broad-headed Treefrogs","FG296","YRS","YCHO-01","Chorongo-Kinkajou-Napo-Bariso-Tinamou-Botanico","U","2025-06-09 20:15:00","2025-06-09","2025-06-09 23:03:00",2.8,"2025-06-09",1230
"2025-06-09","Night","8:15 PM","11:03 PM","Salamander","Plethodontidae","altamazonica","Bolitoglossa","Varzea","Amazon Climbing Salamander","SL26","YRS","YCHO-01","Chorongo-Kinkajou-Napo-Bariso-Tinamou-Botanico","U","2025-06-09 20:15:00","2025-06-09","2025-06-09 23:03:00",2.8,"2025-06-09",1230
"2025-06-09","Night","8:15 PM","11:03 PM","Frog","Leptodactylidae","pentadactylus","Leptodactylus","Terrafirme","Smoky Jungle Frog","FG297","YRS","KINK-01","Chorongo-Kinkajou-Napo-Bariso-Tinamou-Botanico","G","2025-06-09 20:15:00","2025-06-09","2025-06-09 23:03:00",2.8,"2025-06-09",321
"2025-06-09","Night","8:15 PM","11:03 PM","Frog","Craugastoridae","kichwarum","Pristimantis","Terrafirme","Jatun Sacha Rain Frog","FG298","YRS","KINK-01","Chorongo-Kinkajou-Napo-Bariso-Tinamou-Botanico","U","2025-06-09 20:15:00","2025-06-09","2025-06-09 23:03:00",2.8,"2025-06-09",321
"2025-06-09","Night","8:15 PM","11:03 PM","Frog","Leptodactylidae","andreae","Adenomera","Varzea","Cocha Chirping Frog","FG299","YRS","NAPO-04","Chorongo-Kinkajou-Napo-Bariso-Tinamou-Botanico","G","2025-06-09 20:15:00","2025-06-09","2025-06-09 23:03:00",2.8,"2025-06-09",220
"2025-06-09","Night","8:15 PM","11:03 PM","Frog","Hylidae","yasuni","Osteocephalus","Terrafirme","Yasuni Spiny-backed Treefrog","FG300","YRS","BARI-02","Chorongo-Kinkajou-Napo-Bariso-Tinamou-Botanico","G","2025-06-09 20:15:00","2025-06-09","2025-06-09 23:03:00",2.8,"2025-06-09",183
"2025-06-09","Night","8:15 PM","11:03 PM","Frog","Leptodactylidae","andreae","Adenomera","Varzea","Cocha Chirping Frog","FG301","YRS","BARI-01","Chorongo-Kinkajou-Napo-Bariso-Tinamou-Botanico","G","2025-06-09 20:15:00","2025-06-09","2025-06-09 23:03:00",2.8,"2025-06-09",340
"2025-06-09","Night","8:15 PM","11:03 PM","Frog","Pipidae","pipa","Pipa","Varzea","Suriname Toad","FG302","YRS","TINA-01","Chorongo-Kinkajou-Napo-Bariso-Tinamou-Botanico","G","2025-06-09 20:15:00","2025-06-09","2025-06-09 23:03:00",2.8,"2025-06-09",65
"2025-06-09","Night","8:15 PM","11:03 PM","Frog","Hylidae","lanciformis","Boana","Varzea","Basin Tree Frog","FG303","YRS","TINA-01","Chorongo-Kinkajou-Napo-Bariso-Tinamou-Botanico","U","2025-06-09 20:15:00","2025-06-09","2025-06-09 23:03:00",2.8,"2025-06-09",65
"2025-06-09","Night","8:15 PM","11:03 PM","Frog","Hylidae","lanciformis","Boana","Varzea","Basin Tree Frog","FG304","YRS","TINA-01","Chorongo-Kinkajou-Napo-Bariso-Tinamou-Botanico","U","2025-06-09 20:15:00","2025-06-09","2025-06-09 23:03:00",2.8,"2025-06-09",65
"2025-06-10","Night","8:07 PM","10:33 PM","Lizard","Anolidae","fuscoauratus","Anolis","Terrafirme","Brown-eared Anole","LZ64","YRS","CEIB-01","Ceiba-Peru","U","2025-06-10 20:07:00","2025-06-10","2025-06-10 22:33:00",2.43333333333333,"2025-06-10",490
"2025-06-10","Night","8:07 PM","10:33 PM","Frog","Leptodactylidae","lineatus","Lithodytes","Terrafirme","Painted Antnest Frog","FG305","YRS","CEIB-01","Ceiba-Peru","G","2025-06-10 20:07:00","2025-06-10","2025-06-10 22:33:00",2.43333333333333,"2025-06-10",490
"2025-06-10","Night","8:07 PM","10:33 PM","Frog","Bufonidae","margaritifera","Rhinella","Terrafirme","South American Common Toad","FG306","YRS","CEIB-01","Ceiba-Peru","U","2025-06-10 20:07:00","2025-06-10","2025-06-10 22:33:00",2.43333333333333,"2025-06-10",490
"2025-06-10","Night","8:07 PM","10:33 PM","Frog","Hylidae","appendiculata","Boana","Terrafirme","Canelos Treefrog","FG307","YRS","CEIB-01","Ceiba-Peru","U","2025-06-10 20:07:00","2025-06-10","2025-06-10 22:33:00",2.43333333333333,"2025-06-10",490
"2025-06-10","Night","8:07 PM","10:33 PM","Frog","Hylidae",NA,"Boana","Terrafirme","Gladiator Treefrogs","FG308","YRS","PERU-01","Ceiba-Peru","U","2025-06-10 20:07:00","2025-06-10","2025-06-10 22:33:00",2.43333333333333,"2025-06-10",250
"2025-06-10","Night","8:07 PM","10:33 PM","Frog","Hylidae","yasuni","Osteocephalus","Terrafirme","Yasuni Spiny-backed Treefrog","FG309","YRS","PERU-02","Ceiba-Peru","U","2025-06-10 20:07:00","2025-06-10","2025-06-10 22:33:00",2.43333333333333,"2025-06-10",738
"2025-06-10","Night","8:07 PM","10:33 PM","Frog","Hylidae","yasuni","Osteocephalus","Terrafirme","Yasuni Spiny-backed Treefrog","FG310","YRS","PERU-02","Ceiba-Peru","U","2025-06-10 20:07:00","2025-06-10","2025-06-10 22:33:00",2.43333333333333,"2025-06-10",738
"2025-06-10","Night","8:07 PM","10:33 PM","Frog","Hylidae","yasuni","Osteocephalus","Terrafirme","Yasuni Spiny-backed Treefrog","FG311","YRS","PERU-02","Ceiba-Peru","U","2025-06-10 20:07:00","2025-06-10","2025-06-10 22:33:00",2.43333333333333,"2025-06-10",738
"2025-06-10","Night","8:07 PM","10:33 PM","Salamander","Plethodontidae","peruviana","Bolitoglossa","Terrafirme","Peruvian Climbing Salamander","SL27","YRS","PERU-04","Ceiba-Peru","U","2025-06-10 20:07:00","2025-06-10","2025-06-10 22:33:00",2.43333333333333,"2025-06-10",259
"2025-06-10","Night","8:07 PM","10:33 PM","Lizard","Tropiduridae","plica","Plica","Terrafirme","Collared Treerunner","LZ65","YRS","PERU-04","Ceiba-Peru","U","2025-06-10 20:07:00","2025-06-10","2025-06-10 22:33:00",2.43333333333333,"2025-06-10",259
"2025-06-10","Night","8:07 PM","10:33 PM","Frog","Craugastoridae","quixensis","Oreobates","Varzea","Common Big-headed Frog","FG312","YRS","PERU-05","Ceiba-Peru","G","2025-06-10 20:07:00","2025-06-10","2025-06-10 22:33:00",2.43333333333333,"2025-06-10",301
"2025-06-10","Night","8:07 PM","10:33 PM","Frog","Hylidae","lanciformis","Boana","Varzea","Basin Tree Frog","FG313","YRS","PERU-05","Ceiba-Peru","U","2025-06-10 20:07:00","2025-06-10","2025-06-10 22:33:00",2.43333333333333,"2025-06-10",301
"2025-06-11","Afternoon","3:06 PM","5:43 PM","Lizard","Alopoglossidae","atriventris","Alopoglossus","Terrafirme","Keel-bellied Shade Lizard","LZ66","YRS","FPPE-01","Forest Plot Perimeter","U","2025-06-11 15:06:00","2025-06-11","2025-06-11 17:43:00",2.61666666666667,"2025-06-11",171
"2025-06-11","Afternoon","3:06 PM","5:43 PM","Frog","Dendrobatidae","hahneli","Ameerega","Terrafirme","Pale-striped Poison Frog","FG314","YRS","FPPE-02","Forest Plot Perimeter","G","2025-06-11 15:06:00","2025-06-11","2025-06-11 17:43:00",2.61666666666667,"2025-06-11",2520
"2025-06-11","Afternoon","3:06 PM","5:43 PM","Frog","Dendrobatidae","hahneli","Ameerega","Terrafirme","Pale-striped Poison Frog","FG315","YRS","FPPE-02","Forest Plot Perimeter","G","2025-06-11 15:06:00","2025-06-11","2025-06-11 17:43:00",2.61666666666667,"2025-06-11",2520
"2025-06-11","Afternoon","3:06 PM","5:43 PM","Frog","Bufonidae","margaritifera","Rhinella","Varzea","South American Common Toad","FG316","YRS","FPPE-02","Forest Plot Perimeter","G","2025-06-11 15:06:00","2025-06-11","2025-06-11 17:43:00",2.61666666666667,"2025-06-11",2520
"2025-06-11","Afternoon","3:06 PM","5:43 PM","Lizard","Alopoglossidae","atriventris","Alopoglossus","Varzea","Keel-bellied Shade Lizard","LZ67","YRS","FPPE-02","Forest Plot Perimeter","G","2025-06-11 15:06:00","2025-06-11","2025-06-11 17:43:00",2.61666666666667,"2025-06-11",2520
"2025-06-11","Afternoon","3:06 PM","5:43 PM","Frog","Dendrobatidae","ventrimaculata","Ranitomeya","Terrafirme","Reticulated Poison Frog","FG317","YRS","FPPE-04","Forest Plot Perimeter","G","2025-06-11 15:06:00","2025-06-11","2025-06-11 17:43:00",2.61666666666667,"2025-06-11",662
"2025-06-12","Morning","9:18 AM","10:40 AM","Frog","Dendrobatidae","ventrimaculata","Ranitomeya","Terrafirme","Reticulated Poison Frog","FG318","YRS","NAPO-02","Napo-Kinkajou-Chorongo","G","2025-06-12 09:18:00","2025-06-12","2025-06-12 10:40:00",1.36666666666667,"2025-06-12",NA
"2025-06-12","Morning","9:18 AM","10:40 AM","Frog","Leptodactylidae","lineatus","Lithodytes","Terrafirme","Painted Antnest Frog","FG319","YRS","NAPO-02","Napo-Kinkajou-Chorongo","G","2025-06-12 09:18:00","2025-06-12","2025-06-12 10:40:00",1.36666666666667,"2025-06-12",NA
"2025-06-12","Morning","9:18 AM","10:40 AM","Frog","Bufonidae","margaritifera","Rhinella","Terrafirme","South American Common Toad","FG320","YRS","NAPO-02","Napo-Kinkajou-Chorongo","G","2025-06-12 09:18:00","2025-06-12","2025-06-12 10:40:00",1.36666666666667,"2025-06-12",NA
"2025-06-12","Morning","9:18 AM","10:40 AM","Lizard","Anolidae","scypheus","Anolis","Terrafirme","Yellow-tongued Anole","LZ68","YRS","NAPO-02","Napo-Kinkajou-Chorongo","G","2025-06-12 09:18:00","2025-06-12","2025-06-12 10:40:00",1.36666666666667,"2025-06-12",NA
"2025-06-12","Morning","9:18 AM","10:40 AM","Frog","Bufonidae","margaritifera","Rhinella","Terrafirme","South American Common Toad","FG321","YRS","NAPO-02","Napo-Kinkajou-Chorongo","G","2025-06-12 09:18:00","2025-06-12","2025-06-12 10:40:00",1.36666666666667,"2025-06-12",NA
"2025-06-12","Morning","9:18 AM","10:40 AM","Frog","Bufonidae","margaritifera","Rhinella","Terrafirme","South American Common Toad","FG322","YRS","NAPO-02","Napo-Kinkajou-Chorongo","G","2025-06-12 09:18:00","2025-06-12","2025-06-12 10:40:00",1.36666666666667,"2025-06-12",NA
"2025-06-12","Morning","9:18 AM","10:40 AM","Frog","Bufonidae","margaritifera","Rhinella","Terrafirme","South American Common Toad","FG323","YRS","NAPO-03","Napo-Kinkajou-Chorongo","G","2025-06-12 09:18:00","2025-06-12","2025-06-12 10:40:00",1.36666666666667,"2025-06-12",NA
"2025-06-12","Morning","9:18 AM","10:40 AM","Frog","Bufonidae","margaritifera","Rhinella","Terrafirme","South American Common Toad","FG324","YRS","NAPO-03","Napo-Kinkajou-Chorongo","G","2025-06-12 09:18:00","2025-06-12","2025-06-12 10:40:00",1.36666666666667,"2025-06-12",NA
"2025-06-12","Morning","9:18 AM","10:40 AM","Frog","Craugastoridae","quixensis","Oreobates","Varzea","Common Big-headed Frog","FG325","YRS","NAPO-04","Napo-Kinkajou-Chorongo","G","2025-06-12 09:18:00","2025-06-12","2025-06-12 10:40:00",1.36666666666667,"2025-06-12",NA
"2025-06-12","Morning","9:18 AM","10:40 AM","Frog","Dendrobatidae","ventrimaculata","Ranitomeya","Varzea","Reticulated Poison Frog","FG326","YRS","NAPO-04","Napo-Kinkajou-Chorongo","G","2025-06-12 09:18:00","2025-06-12","2025-06-12 10:40:00",1.36666666666667,"2025-06-12",NA
"2025-06-12","Morning","9:18 AM","10:40 AM","Lizard","Alopoglossidae","atriventris","Alopoglossus","Terrafirme","Keel-bellied Shade Lizard","LZ69","YRS","KINK-01","Napo-Kinkajou-Chorongo","G","2025-06-12 09:18:00","2025-06-12","2025-06-12 10:40:00",1.36666666666667,"2025-06-12",NA
"2025-06-12","Morning","9:18 AM","10:40 AM","Frog","Bufonidae","margaritifera","Rhinella","Terrafirme","South American Common Toad","FG327","YRS","KINK-01","Napo-Kinkajou-Chorongo","G","2025-06-12 09:18:00","2025-06-12","2025-06-12 10:40:00",1.36666666666667,"2025-06-12",NA
"2025-06-12","Morning","9:18 AM","10:40 AM","Frog","Craugastoridae","martiae","Pristimantis","Terrafirme","Marty's Rain Frog","FG328","YRS","KINK-01","Napo-Kinkajou-Chorongo","G","2025-06-12 09:18:00","2025-06-12","2025-06-12 10:40:00",1.36666666666667,"2025-06-12",NA
"2025-06-12","Morning","9:18 AM","10:40 AM","Frog","Bufonidae","margaritifera","Rhinella","Terrafirme","South American Common Toad","FG329","YRS","YCHO-02","Napo-Kinkajou-Chorongo","G","2025-06-12 09:18:00","2025-06-12","2025-06-12 10:40:00",1.36666666666667,"2025-06-12",NA
"2025-06-12","Night","8:01 PM","10:53 PM","Frog","Craugastoridae","quixensis","Oreobates","Varzea","Common Big-headed Frog","FG330","YRS","GAWA-01","Gawape-Chorongo-Kinkajou-Napo-Tucan-Garza","G","2025-06-12 20:01:00","2025-06-12","2025-06-12 22:53:00",2.86666666666667,"2025-06-12",272
"2025-06-12","Night","8:01 PM","10:53 PM","Frog","Leptodactylidae","petersi","Engystomops","Terrafirme","Painted Forest Toadlet","FG331","YRS","GAWA-02","Gawape-Chorongo-Kinkajou-Napo-Tucan-Garza","G","2025-06-12 20:01:00","2025-06-12","2025-06-12 22:53:00",2.86666666666667,"2025-06-12",650
"2025-06-12","Night","8:01 PM","10:53 PM","Frog","Hylidae","yasuni","Osteocephalus","Varzea","Yasuni Spiny-backed Treefrog","FG332","YRS","GAWA-02","Gawape-Chorongo-Kinkajou-Napo-Tucan-Garza","U","2025-06-12 20:01:00","2025-06-12","2025-06-12 22:53:00",2.86666666666667,"2025-06-12",650
"2025-06-12","Night","8:01 PM","10:53 PM","Frog","Leptodactylidae","andreae","Adenomera","Varzea","Cocha Chirping Frog","FG333","YRS","GAWA-02","Gawape-Chorongo-Kinkajou-Napo-Tucan-Garza","U","2025-06-12 20:01:00","2025-06-12","2025-06-12 22:53:00",2.86666666666667,"2025-06-12",650
"2025-06-12","Night","8:01 PM","10:53 PM","Frog","Hylidae","yasuni","Osteocephalus","Varzea","Yasuni Spiny-backed Treefrog","FG334","YRS","GAWA-02","Gawape-Chorongo-Kinkajou-Napo-Tucan-Garza","U","2025-06-12 20:01:00","2025-06-12","2025-06-12 22:53:00",2.86666666666667,"2025-06-12",650
"2025-06-12","Night","8:01 PM","10:53 PM","Frog","Ranidae","palmipes","Lithobates","Varzea","Amazon River Frog","FG335","YRS","GAWA-03","Gawape-Chorongo-Kinkajou-Napo-Tucan-Garza","G","2025-06-12 20:01:00","2025-06-12","2025-06-12 22:53:00",2.86666666666667,"2025-06-12",692
"2025-06-12","Night","8:01 PM","10:53 PM","Frog","Ranidae","palmipes","Lithobates","Varzea","Amazon River Frog","FG336","YRS","GAWA-03","Gawape-Chorongo-Kinkajou-Napo-Tucan-Garza","G","2025-06-12 20:01:00","2025-06-12","2025-06-12 22:53:00",2.86666666666667,"2025-06-12",692
"2025-06-12","Night","8:01 PM","10:53 PM","Frog","Hylidae","calcarata","Boana","Varzea","Convict Treefrog","FG337","YRS","GAWA-03","Gawape-Chorongo-Kinkajou-Napo-Tucan-Garza","U","2025-06-12 20:01:00","2025-06-12","2025-06-12 22:53:00",2.86666666666667,"2025-06-12",692
"2025-06-12","Night","8:01 PM","10:53 PM","Frog","Hylidae","taurinus","Osteocephalus","Varzea","Manaus Spiny-backed Treefrog","FG338","YRS","GAWA-03","Gawape-Chorongo-Kinkajou-Napo-Tucan-Garza","U","2025-06-12 20:01:00","2025-06-12","2025-06-12 22:53:00",2.86666666666667,"2025-06-12",692
"2025-06-12","Night","8:01 PM","10:53 PM","Frog","Hylidae","yasuni","Osteocephalus","Varzea","Yasuni Spiny-backed Treefrog","FG339","YRS","GAWA-03","Gawape-Chorongo-Kinkajou-Napo-Tucan-Garza","U","2025-06-12 20:01:00","2025-06-12","2025-06-12 22:53:00",2.86666666666667,"2025-06-12",692
"2025-06-12","Night","8:01 PM","10:53 PM","Frog","Craugastoridae",NA,"Pristimantis","Varzea","Rain and Robber Frogs","FG340","YRS","GAWA-03","Gawape-Chorongo-Kinkajou-Napo-Tucan-Garza","G","2025-06-12 20:01:00","2025-06-12","2025-06-12 22:53:00",2.86666666666667,"2025-06-12",692
"2025-06-12","Night","8:01 PM","10:53 PM","Salamander","Plethodontidae","altamazonica","Bolitoglossa","Terrafirme","Amazon Climbing Salamander","SL28","YRS","YCHO-02","Gawape-Chorongo-Kinkajou-Napo-Tucan-Garza","U","2025-06-12 20:01:00","2025-06-12","2025-06-12 22:53:00",2.86666666666667,"2025-06-12",691
"2025-06-12","Night","8:01 PM","10:53 PM","Frog","Hylidae","yasuni","Osteocephalus","Terrafirme","Yasuni Spiny-backed Treefrog","FG341","YRS","NAPO-05","Gawape-Chorongo-Kinkajou-Napo-Tucan-Garza","U","2025-06-12 20:01:00","2025-06-12","2025-06-12 22:53:00",2.86666666666667,"2025-06-12",243
"2025-06-12","Night","8:01 PM","10:53 PM","Frog","Craugastoridae","quixensis","Oreobates","Terrafirme","Common Big-headed Frog","FG342","YRS","NAPO-05","Gawape-Chorongo-Kinkajou-Napo-Tucan-Garza","G","2025-06-12 20:01:00","2025-06-12","2025-06-12 22:53:00",2.86666666666667,"2025-06-12",243
"2025-06-12","Night","8:01 PM","10:53 PM","Frog","Hylidae","yasuni","Osteocephalus","Terrafirme","Yasuni Spiny-backed Treefrog","FG343","YRS","TUCA-01","Gawape-Chorongo-Kinkajou-Napo-Tucan-Garza","U","2025-06-12 20:01:00","2025-06-12","2025-06-12 22:53:00",2.86666666666667,"2025-06-12",240
"2025-06-12","Night","8:01 PM","10:53 PM","Frog","Craugastoridae","quixensis","Oreobates","Terrafirme","Common Big-headed Frog","FG344","YRS","TUCA-01","Gawape-Chorongo-Kinkajou-Napo-Tucan-Garza","G","2025-06-12 20:01:00","2025-06-12","2025-06-12 22:53:00",2.86666666666667,"2025-06-12",240
"2025-06-14","Night","8:04 PM","10:40 PM","Frog","Hylidae","tarsius","Phyllomedusa","Varzea","Tarsier Leaf Frog","FG345","YRS","TINA-02","Botanico-Tinamou-Napo-Bariso-Timatai-Napo-Pantano-Botanico-Gran Ficus","U","2025-06-14 20:04:00","2025-06-14","2025-06-14 22:40:00",2.6,"2025-06-14",509
"2025-06-14","Night","8:04 PM","10:40 PM","Salamander","Plethodontidae","altamazonica","Bolitoglossa","Terrafirme","Amazon Climbing Salamander","SL29","YRS","TINA-02","Botanico-Tinamou-Napo-Bariso-Timatai-Napo-Pantano-Botanico-Gran Ficus","U","2025-06-14 20:04:00","2025-06-14","2025-06-14 22:40:00",2.6,"2025-06-14",509
"2025-06-14","Night","8:04 PM","10:40 PM","Frog","Hylidae","lanciformis","Boana","Varzea","Basin Tree Frog","FG346","YRS","BOTA-03","Botanico-Tinamou-Napo-Bariso-Timatai-Napo-Pantano-Botanico-Gran Ficus","U","2025-06-14 20:04:00","2025-06-14","2025-06-14 22:40:00",2.6,"2025-06-14",250
"2025-06-15","Night","8:34 PM","11:24 PM","Lizard","Hoplocercidae","laticeps","Enyalioides","Varzea","Broad-headed Wood Lizard","LZ70","YRS","TORR-01","Torre-Forest Plot Perimeter-Forest Plot Interior-Forest Plot Perimeter","U","2025-06-15 20:34:00","2025-06-15","2025-06-15 23:24:00",2.83333333333333,"2025-06-15",900
"2025-06-15","Night","8:34 PM","11:24 PM","Salamander","Plethodontidae","altamazonica","Bolitoglossa","Terrafirme","Amazon Climbing Salamander","SL30","YRS","TORR-01","Torre-Forest Plot Perimeter-Forest Plot Interior-Forest Plot Perimeter","U","2025-06-15 20:34:00","2025-06-15","2025-06-15 23:24:00",2.83333333333333,"2025-06-15",900
"2025-06-15","Night","8:34 PM","11:24 PM","Frog","Microhylidae","bassleri","Chiasmocleis","Terrafirme","Bassler's Humming Frog","FG347","YRS","FPIN-01","Torre-Forest Plot Perimeter-Forest Plot Interior-Forest Plot Perimeter","G","2025-06-15 20:34:00","2025-06-15","2025-06-15 23:24:00",2.83333333333333,"2025-06-15",1053
"2025-06-15","Night","8:34 PM","11:24 PM","Salamander","Plethodontidae","altamazonica","Bolitoglossa","Varzea","Amazon Climbing Salamander","SL31","YRS","FPIN-01","Torre-Forest Plot Perimeter-Forest Plot Interior-Forest Plot Perimeter","U","2025-06-15 20:34:00","2025-06-15","2025-06-15 23:24:00",2.83333333333333,"2025-06-15",1053
"2025-06-15","Night","8:34 PM","11:24 PM","Frog","Hylidae","taurinus","Osteocephalus","Varzea","Manaus Spiny-backed Treefrog","FG348","YRS","FPIN-01","Torre-Forest Plot Perimeter-Forest Plot Interior-Forest Plot Perimeter","U","2025-06-15 20:34:00","2025-06-15","2025-06-15 23:24:00",2.83333333333333,"2025-06-15",1053
"2025-06-15","Night","8:34 PM","11:24 PM","Frog","Hylidae",NA,"Osteocephalus","Varzea","Broad-headed Treefrogs","FG349","YRS","FPIN-01","Torre-Forest Plot Perimeter-Forest Plot Interior-Forest Plot Perimeter","U","2025-06-15 20:34:00","2025-06-15","2025-06-15 23:24:00",2.83333333333333,"2025-06-15",1053
"2025-06-15","Night","8:34 PM","11:24 PM","Frog","Dendrobatidae","bilinguis","Ameerega","Terrafirme","Ecuador Poison Frog","FG350","YRS","FPIN-01","Torre-Forest Plot Perimeter-Forest Plot Interior-Forest Plot Perimeter","U","2025-06-15 20:34:00","2025-06-15","2025-06-15 23:24:00",2.83333333333333,"2025-06-15",1053
"2025-06-15","Night","8:34 PM","11:24 PM","Salamander","Plethodontidae","altamazonica","Bolitoglossa","Terrafirme","Amazon Climbing Salamander","SL32","YRS","FPPE-05","Torre-Forest Plot Perimeter-Forest Plot Interior-Forest Plot Perimeter","U","2025-06-15 20:34:00","2025-06-15","2025-06-15 23:24:00",2.83333333333333,"2025-06-15",291
"2025-06-15","Night","8:34 PM","11:24 PM","Salamander","Plethodontidae","altamazonica","Bolitoglossa","Terrafirme","Amazon Climbing Salamander","SL33","YRS","FPPE-05","Torre-Forest Plot Perimeter-Forest Plot Interior-Forest Plot Perimeter","U","2025-06-15 20:34:00","2025-06-15","2025-06-15 23:24:00",2.83333333333333,"2025-06-15",291
"2025-06-15","Night","8:34 PM","11:24 PM","Salamander","Plethodontidae","altamazonica","Bolitoglossa","Terrafirme","Amazon Climbing Salamander","SL34","YRS","FPPE-05","Torre-Forest Plot Perimeter-Forest Plot Interior-Forest Plot Perimeter","U","2025-06-15 20:34:00","2025-06-15","2025-06-15 23:24:00",2.83333333333333,"2025-06-15",291
"2025-06-15","Night","8:34 PM","11:24 PM","Frog","Hylidae","taurinus","Osteocephalus","Varzea","Manaus Spiny-backed Treefrog","FG351","YRS","FPPE-05","Torre-Forest Plot Perimeter-Forest Plot Interior-Forest Plot Perimeter","U","2025-06-15 20:34:00","2025-06-15","2025-06-15 23:24:00",2.83333333333333,"2025-06-15",291
"2025-06-15","Night","8:34 PM","11:24 PM","Lizard","Hoplocercidae","laticeps","Enyalioides","Varzea","Broad-headed Wood Lizard","LZ71","YRS","FPPE-05","Torre-Forest Plot Perimeter-Forest Plot Interior-Forest Plot Perimeter","U","2025-06-15 20:34:00","2025-06-15","2025-06-15 23:24:00",2.83333333333333,"2025-06-15",291
"2025-06-15","Night","8:34 PM","11:24 PM","Frog","Hylidae","geographicans","Boana","Terrafirme","Map Treefrog","FG352","YRS","FPPE-05","Torre-Forest Plot Perimeter-Forest Plot Interior-Forest Plot Perimeter","U","2025-06-15 20:34:00","2025-06-15","2025-06-15 23:24:00",2.83333333333333,"2025-06-15",291
"2025-06-16","Afternoon","2:18 PM","3:16 PM","Lizard","Alopoglossidae","atriventris","Alopoglossus","Terrafirme","Keel-bellied Shade Lizard","LZ72","YRS","CEIB-02","Ceiba-Peru-Renacuajo-Mirador","G","2025-06-16 14:18:00","2025-06-16","2025-06-16 15:16:00",0.966666666666667,"2025-06-16",463
"2025-06-16","Afternoon","2:18 PM","3:16 PM","Frog","Bufonidae","margaritifera","Rhinella","Terrafirme","South American Common Toad","FG353","YRS","RENA-01","Ceiba-Peru-Renacuajo-Mirador","G","2025-06-16 14:18:00","2025-06-16","2025-06-16 15:16:00",0.966666666666667,"2025-06-16",272
"2025-06-17","Night","8:17 PM","11:35 PM","Frog","Hylidae","nympha","Boana","Varzea","Nymph Tree Frog","FG354","YRS","FPPE-04","Forest Plot Perimeter","U","2025-06-17 20:17:00","2025-06-17","2025-06-17 23:35:00",3.3,"2025-06-17",662
"2025-06-17","Night","8:17 PM","11:35 PM","Salamander","Plethodontidae","altamazonica","Bolitoglossa","Terrafirme","Amazon Climbing Salamander","SL35","YRS","FPPE-05","Forest Plot Perimeter","U","2025-06-17 20:17:00","2025-06-17","2025-06-17 23:35:00",3.3,"2025-06-17",291
"2025-06-17","Night","8:17 PM","11:35 PM","Frog","Craugastoridae","quixensis","Oreobates","Terrafirme","Common Big-headed Frog","FG355","YRS","FPPE-02","Forest Plot Perimeter","G","2025-06-17 20:17:00","2025-06-17","2025-06-17 23:35:00",3.3,"2025-06-17",2520
"2025-06-17","Night","8:17 PM","11:35 PM","Salamander","Plethodontidae","altamazonica","Bolitoglossa","Terrafirme","Amazon Climbing Salamander","SL36","YRS","FPPE-02","Forest Plot Perimeter","U","2025-06-17 20:17:00","2025-06-17","2025-06-17 23:35:00",3.3,"2025-06-17",2520
"2025-06-17","Night","8:17 PM","11:35 PM","Salamander","Plethodontidae","altamazonica","Bolitoglossa","Terrafirme","Amazon Climbing Salamander","SL37","YRS","FPPE-02","Forest Plot Perimeter","U","2025-06-17 20:17:00","2025-06-17","2025-06-17 23:35:00",3.3,"2025-06-17",2520
"2025-06-17","Night","8:17 PM","11:35 PM","Frog","Hylidae","yasuni","Osteocephalus","Terrafirme","Yasuni Spiny-backed Treefrog","FG356","YRS","FPPE-02","Forest Plot Perimeter","U","2025-06-17 20:17:00","2025-06-17","2025-06-17 23:35:00",3.3,"2025-06-17",2520
"2025-06-17","Night","8:17 PM","11:35 PM","Frog","Hylidae","yasuni","Osteocephalus","Terrafirme","Yasuni Spiny-backed Treefrog","FG357","YRS","FPPE-02","Forest Plot Perimeter","U","2025-06-17 20:17:00","2025-06-17","2025-06-17 23:35:00",3.3,"2025-06-17",2520
"2025-06-17","Night","8:17 PM","11:35 PM","Frog","Hylidae","yasuni","Osteocephalus","Terrafirme","Yasuni Spiny-backed Treefrog","FG358","YRS","FPPE-02","Forest Plot Perimeter","U","2025-06-17 20:17:00","2025-06-17","2025-06-17 23:35:00",3.3,"2025-06-17",2520
"2025-06-18","Night","8:47 PM","10:56 PM","Salamander","Plethodontidae","altamazonica","Bolitoglossa","Terrafirme","Amazon Climbing Salamander","SL38","YRS","MIRA-04","Mirador","U","2025-06-18 20:47:00","2025-06-18","2025-06-18 22:56:00",2.15,"2025-06-18",760
"2025-06-18","Night","8:47 PM","10:56 PM","Frog","Hylidae",NA,"Boana","Varzea","Gladiator Treefrogs","FG359","YRS","MIRA-04","Mirador","U","2025-06-18 20:47:00","2025-06-18","2025-06-18 22:56:00",2.15,"2025-06-18",760
"2025-06-18","Night","8:47 PM","10:56 PM","Lizard","Alopoglossidae","atriventris","Alopoglossus","Varzea","Keel-bellied Shade Lizard","LZ73","YRS","MIRA-04","Mirador","G","2025-06-18 20:47:00","2025-06-18","2025-06-18 22:56:00",2.15,"2025-06-18",760
"2025-06-18","Night","8:47 PM","10:56 PM","Frog","Dendrobatidae","bilinguis","Ameerega","Varzea","Ecuador Poison Frog","FG360","YRS","MIRA-04","Mirador","G","2025-06-18 20:47:00","2025-06-18","2025-06-18 22:56:00",2.15,"2025-06-18",760
"2025-06-18","Night","8:47 PM","10:56 PM","Frog","Dendrobatidae","bilinguis","Ameerega","Terrafirme","Ecuador Poison Frog","FG361","YRS","MIRA-04","Mirador","U","2025-06-18 20:47:00","2025-06-18","2025-06-18 22:56:00",2.15,"2025-06-18",760
"2025-06-18","Night","8:47 PM","10:56 PM","Frog","Hylidae",NA,"Osteocephalus","Varzea","Broad-headed Treefrogs","FG362","YRS","MIRA-02","Mirador","C","2025-06-18 20:47:00","2025-06-18","2025-06-18 22:56:00",2.15,"2025-06-18",592
"2025-06-18","Night","8:47 PM","10:56 PM","Frog","Hylidae","vaillantii","Phyllomedusa","Varzea","White-lined Leaf Frog","FG363","YRS","MIRA-02","Mirador","U","2025-06-18 20:47:00","2025-06-18","2025-06-18 22:56:00",2.15,"2025-06-18",592
"2025-06-18","Night","8:47 PM","10:56 PM","Frog","Hylidae",NA,"Osteocephalus","Varzea","Broad-headed Treefrogs","FG364","YRS","MIRA-02","Mirador","U","2025-06-18 20:47:00","2025-06-18","2025-06-18 22:56:00",2.15,"2025-06-18",592
"2025-06-18","Night","8:47 PM","10:56 PM","Frog","Hylidae","yasuni","Osteocephalus","Terrafirme","Yasuni Spiny-backed Treefrog","FG365","YRS","MIRA-02","Mirador","U","2025-06-18 20:47:00","2025-06-18","2025-06-18 22:56:00",2.15,"2025-06-18",592
"2025-06-18","Night","8:47 PM","10:56 PM","Frog","Microhylidae","bassleri","Chiasmocleis","Terrafirme","Bassler's Humming Frog","FG366","YRS","MIRA-02","Mirador","G","2025-06-18 20:47:00","2025-06-18","2025-06-18 22:56:00",2.15,"2025-06-18",592
"2025-06-18","Night","8:47 PM","10:56 PM","Frog","Bufonidae","margaritifera","Rhinella","Terrafirme","South American Common Toad","FG367","YRS","MIRA-02","Mirador","U","2025-06-18 20:47:00","2025-06-18","2025-06-18 22:56:00",2.15,"2025-06-18",592
"2025-06-18","Night","8:47 PM","10:56 PM","Frog","Microhylidae","bassleri","Chiasmocleis","Terrafirme","Bassler's Humming Frog","FG368","YRS","MIRA-01","Mirador","G","2025-06-18 20:47:00","2025-06-18","2025-06-18 22:56:00",2.15,"2025-06-18",550
"2025-06-18","Night","8:47 PM","10:56 PM","Frog","Hylidae","lanciformis","Boana","Terrafirme","Basin Tree Frog","FG369","YRS","MIRA-01","Mirador","U","2025-06-18 20:47:00","2025-06-18","2025-06-18 22:56:00",2.15,"2025-06-18",550
"2025-06-18","Night","8:47 PM","10:56 PM","Frog","Microhylidae","bassleri","Chiasmocleis","Terrafirme","Bassler's Humming Frog","FG370","YRS","MIRA-01","Mirador","G","2025-06-18 20:47:00","2025-06-18","2025-06-18 22:56:00",2.15,"2025-06-18",550
"2025-06-20","Night","8:23 PM","11:07 PM","Frog","Bufonidae","margaritifera","Rhinella","Terrafirme","South American Common Toad","FG371","TBS","GUAC-01","Guacamayo-Puma-Harpia-Chorongo","U","2025-06-20 20:23:00","2025-06-20","2025-06-20 23:07:00",2.73333333333333,"2025-06-20",230
"2025-06-20","Night","8:23 PM","11:07 PM","Frog","Craugastoridae","kichwarum","Pristimantis","Terrafirme","Jatun Sacha Rain Frog","FG372","TBS","GUAC-01","Guacamayo-Puma-Harpia-Chorongo","G","2025-06-20 20:23:00","2025-06-20","2025-06-20 23:07:00",2.73333333333333,"2025-06-20",230
"2025-06-20","Night","8:23 PM","11:07 PM","Frog","Craugastoridae","kichwarum","Pristimantis","Terrafirme","Jatun Sacha Rain Frog","FG373","TBS","PUMA-01","Guacamayo-Puma-Harpia-Chorongo","U","2025-06-20 20:23:00","2025-06-20","2025-06-20 23:07:00",2.73333333333333,"2025-06-20",750
"2025-06-20","Night","8:23 PM","11:07 PM","Lizard","Anolidae","fuscoauratus","Anolis","Terrafirme","Brown-eared Anole","LZ74","TBS","PUMA-01","Guacamayo-Puma-Harpia-Chorongo","U","2025-06-20 20:23:00","2025-06-20","2025-06-20 23:07:00",2.73333333333333,"2025-06-20",750
"2025-06-20","Night","8:23 PM","11:07 PM","Lizard","Anolidae","fuscoauratus","Anolis","Terrafirme","Brown-eared Anole","LZ75","TBS","PUMA-01","Guacamayo-Puma-Harpia-Chorongo","U","2025-06-20 20:23:00","2025-06-20","2025-06-20 23:07:00",2.73333333333333,"2025-06-20",750
"2025-06-20","Night","8:23 PM","11:07 PM","Frog","Hylidae","vaillantii","Phyllomedusa","Terrafirme","White-lined Leaf Frog","FG374","TBS","PUMA-01","Guacamayo-Puma-Harpia-Chorongo","U","2025-06-20 20:23:00","2025-06-20","2025-06-20 23:07:00",2.73333333333333,"2025-06-20",750
"2025-06-20","Night","8:23 PM","11:07 PM","Frog","Hylidae","vaillantii","Phyllomedusa","Terrafirme","White-lined Leaf Frog","FG375","TBS","PUMA-02","Guacamayo-Puma-Harpia-Chorongo","U","2025-06-20 20:23:00","2025-06-20","2025-06-20 23:07:00",2.73333333333333,"2025-06-20",388
"2025-06-20","Night","8:23 PM","11:07 PM","Lizard","Tropiduridae","plica","Plica","Terrafirme","Collared Treerunner","LZ76","TBS","PUMA-02","Guacamayo-Puma-Harpia-Chorongo","U","2025-06-20 20:23:00","2025-06-20","2025-06-20 23:07:00",2.73333333333333,"2025-06-20",388
"2025-06-20","Night","8:23 PM","11:07 PM","Frog","Craugastoridae","kichwarum","Pristimantis","Terrafirme","Jatun Sacha Rain Frog","FG376","TBS","PUMA-02","Guacamayo-Puma-Harpia-Chorongo","U","2025-06-20 20:23:00","2025-06-20","2025-06-20 23:07:00",2.73333333333333,"2025-06-20",388
"2025-06-20","Night","8:23 PM","11:07 PM","Lizard","Anolidae","fuscoauratus","Anolis","Terrafirme","Brown-eared Anole","LZ77","TBS","HARP-05","Guacamayo-Puma-Harpia-Chorongo","U","2025-06-20 20:23:00","2025-06-20","2025-06-20 23:07:00",2.73333333333333,"2025-06-20",740
"2025-06-20","Night","8:23 PM","11:07 PM","Frog","Bufonidae","margaritifera","Rhinella","Terrafirme","South American Common Toad","FG377","TBS","HARP-05","Guacamayo-Puma-Harpia-Chorongo","U","2025-06-20 20:23:00","2025-06-20","2025-06-20 23:07:00",2.73333333333333,"2025-06-20",740
"2025-06-21","Afternoon","3:46 PM","4:59 PM","Frog","Bufonidae","margaritifera","Rhinella","Varzea","South American Common Toad","FG378","TBS","GUAC-02","Guacamayo-Danta-Lago","G","2025-06-21 15:46:00","2025-06-21","2025-06-21 16:59:00",1.21666666666667,"2025-06-21",301
"2025-06-21","Afternoon","3:46 PM","4:59 PM","Frog","Bufonidae","margaritifera","Rhinella","Varzea","South American Common Toad","FG379","TBS","DANT-01","Guacamayo-Danta-Lago","G","2025-06-21 15:46:00","2025-06-21","2025-06-21 16:59:00",1.21666666666667,"2025-06-21",591
"2025-06-21","Afternoon","3:46 PM","4:59 PM","Frog","Bufonidae","margaritifera","Rhinella","Varzea","South American Common Toad","FG380","TBS","LAGO-01","Guacamayo-Danta-Lago","G","2025-06-21 15:46:00","2025-06-21","2025-06-21 16:59:00",1.21666666666667,"2025-06-21",719
"2025-06-21","Night","8:43 PM","11:53 PM","Frog","Leptodactylidae","petersi","Engystomops","Varzea","Painted Forest Toadlet","FG381","TBS","PARA-01","Parahuaco","G","2025-06-21 20:43:00","2025-06-21","2025-06-21 23:53:00",3.16666666666667,"2025-06-21",3522
"2025-06-21","Night","8:43 PM","11:53 PM","Lizard","Hoplocercidae","laticeps","Enyalioides","Varzea","Broad-headed Wood Lizard","LZ78","TBS","PARA-01","Parahuaco","U","2025-06-21 20:43:00","2025-06-21","2025-06-21 23:53:00",3.16666666666667,"2025-06-21",3522
"2025-06-21","Night","8:43 PM","11:53 PM","Lizard","Hoplocercidae","laticeps","Enyalioides","Varzea","Broad-headed Wood Lizard","LZ79","TBS","PARA-01","Parahuaco","U","2025-06-21 20:43:00","2025-06-21","2025-06-21 23:53:00",3.16666666666667,"2025-06-21",3522
"2025-06-21","Night","8:43 PM","11:53 PM","Frog","Craugastoridae","quixensis","Oreobates","Varzea","Common Big-headed Frog","FG382","TBS","PARA-01","Parahuaco","G","2025-06-21 20:43:00","2025-06-21","2025-06-21 23:53:00",3.16666666666667,"2025-06-21",3522
"2025-06-21","Night","8:43 PM","11:53 PM","Frog","Craugastoridae","quixensis","Oreobates","Varzea","Common Big-headed Frog","FG383","TBS","PARA-01","Parahuaco","G","2025-06-21 20:43:00","2025-06-21","2025-06-21 23:53:00",3.16666666666667,"2025-06-21",3522
"2025-06-21","Night","8:43 PM","11:53 PM","Lizard","Hoplocercidae","laticeps","Enyalioides","Terrafirme","Broad-headed Wood Lizard","LZ80","TBS","PARA-01","Parahuaco","U","2025-06-21 20:43:00","2025-06-21","2025-06-21 23:53:00",3.16666666666667,"2025-06-21",3522
"2025-06-21","Night","8:43 PM","11:53 PM","Frog","Craugastoridae","kichwarum","Pristimantis","Varzea","Jatun Sacha Rain Frog","FG384","TBS","PARA-01","Parahuaco","U","2025-06-21 20:43:00","2025-06-21","2025-06-21 23:53:00",3.16666666666667,"2025-06-21",3522
"2025-06-21","Night","8:43 PM","11:53 PM","Frog","Dendrobatidae","hahneli","Ameerega","Varzea","Pale-striped Poison Frog","FG385","TBS","PARA-01","Parahuaco","G","2025-06-21 20:43:00","2025-06-21","2025-06-21 23:53:00",3.16666666666667,"2025-06-21",3522
"2025-06-21","Night","8:43 PM","11:53 PM","Frog","Leptodactylidae","andreae","Adenomera","Varzea","Cocha Chirping Frog","FG386","TBS","PARA-01","Parahuaco","G","2025-06-21 20:43:00","2025-06-21","2025-06-21 23:53:00",3.16666666666667,"2025-06-21",3522
"2025-06-21","Night","8:43 PM","11:53 PM","Lizard","Anolidae","scypheus","Anolis","Varzea","Yellow-tongued Anole","LZ81","TBS","PARA-01","Parahuaco","U","2025-06-21 20:43:00","2025-06-21","2025-06-21 23:53:00",3.16666666666667,"2025-06-21",3522
"2025-06-21","Night","8:43 PM","11:53 PM","Lizard","Anolidae","scypheus","Anolis","Varzea","Yellow-tongued Anole","LZ82","TBS","PARA-01","Parahuaco","U","2025-06-21 20:43:00","2025-06-21","2025-06-21 23:53:00",3.16666666666667,"2025-06-21",3522
"2025-06-21","Night","8:43 PM","11:53 PM","Frog","Craugastoridae","kichwarum","Pristimantis","Varzea","Jatun Sacha Rain Frog","FG387","TBS","PARA-01","Parahuaco","U","2025-06-21 20:43:00","2025-06-21","2025-06-21 23:53:00",3.16666666666667,"2025-06-21",3522
"2025-06-21","Night","8:43 PM","11:53 PM","Frog","Bufonidae","margaritifera","Rhinella","Varzea","South American Common Toad","FG388","TBS","PARA-01","Parahuaco","G","2025-06-21 20:43:00","2025-06-21","2025-06-21 23:53:00",3.16666666666667,"2025-06-21",3522
"2025-06-21","Night","8:43 PM","11:53 PM","Frog","Bufonidae","margaritifera","Rhinella","Varzea","South American Common Toad","FG389","TBS","PARA-01","Parahuaco","G","2025-06-21 20:43:00","2025-06-21","2025-06-21 23:53:00",3.16666666666667,"2025-06-21",3522
"2025-06-21","Night","8:43 PM","11:53 PM","Frog","Bufonidae","margaritifera","Rhinella","Varzea","South American Common Toad","FG390","TBS","PARA-01","Parahuaco","G","2025-06-21 20:43:00","2025-06-21","2025-06-21 23:53:00",3.16666666666667,"2025-06-21",3522
"2025-06-21","Night","8:43 PM","11:53 PM","Frog","Hylidae","yasuni","Osteocephalus","Varzea","Yasuni Spiny-backed Treefrog","FG391","TBS","PARA-01","Parahuaco","U","2025-06-21 20:43:00","2025-06-21","2025-06-21 23:53:00",3.16666666666667,"2025-06-21",3522
"2025-06-21","Night","8:43 PM","11:53 PM","Frog","Hylidae",NA,"Osteocephalus","Varzea","Broad-headed Treefrogs","FG392","TBS","PARA-01","Parahuaco","U","2025-06-21 20:43:00","2025-06-21","2025-06-21 23:53:00",3.16666666666667,"2025-06-21",3522
"2025-06-21","Night","8:43 PM","11:53 PM","Frog","Leptodactylidae","andreae","Adenomera","Varzea","Cocha Chirping Frog","FG393","TBS","PARA-01","Parahuaco","G","2025-06-21 20:43:00","2025-06-21","2025-06-21 23:53:00",3.16666666666667,"2025-06-21",3522
"2025-06-21","Night","8:43 PM","11:53 PM","Frog","Leptodactylidae","petersi","Engystomops","Varzea","Painted Forest Toadlet","FG394","TBS","PARA-01","Parahuaco","G","2025-06-21 20:43:00","2025-06-21","2025-06-21 23:53:00",3.16666666666667,"2025-06-21",3522
"2025-06-21","Night","8:43 PM","11:53 PM","Frog","Craugastoridae","quixensis","Oreobates","Varzea","Common Big-headed Frog","FG395","TBS","PARA-01","Parahuaco","G","2025-06-21 20:43:00","2025-06-21","2025-06-21 23:53:00",3.16666666666667,"2025-06-21",3522
"2025-06-21","Night","8:43 PM","11:53 PM","Frog","Craugastoridae","quixensis","Oreobates","Varzea","Common Big-headed Frog","FG396","TBS","PARA-01","Parahuaco","G","2025-06-21 20:43:00","2025-06-21","2025-06-21 23:53:00",3.16666666666667,"2025-06-21",3522
"2025-06-21","Night","8:43 PM","11:53 PM","Lizard","Anolidae","fuscoauratus","Anolis","Varzea","Brown-eared Anole","LZ83","TBS","PARA-01","Parahuaco","U","2025-06-21 20:43:00","2025-06-21","2025-06-21 23:53:00",3.16666666666667,"2025-06-21",3522
"2025-06-23","Afternoon","2:52 PM","5:22 PM","Frog","Bufonidae","margaritifera","Rhinella","Terrafirme","South American Common Toad","FG397","TBS","HARP-05","Harpia-Mata Mata","G","2025-06-23 14:52:00","2025-06-23","2025-06-23 17:22:00",2.5,"2025-06-23",740
"2025-06-23","Afternoon","2:52 PM","5:22 PM","Frog","Bufonidae","margaritifera","Rhinella","Terrafirme","South American Common Toad","FG398","TBS","HARP-05","Harpia-Mata Mata","G","2025-06-23 14:52:00","2025-06-23","2025-06-23 17:22:00",2.5,"2025-06-23",740
"2025-06-23","Afternoon","2:52 PM","5:22 PM","Frog","Craugastoridae",NA,NA,"Terrafirme","Fleshbelly Frogs","FG399","TBS","HARP-05","Harpia-Mata Mata","G","2025-06-23 14:52:00","2025-06-23","2025-06-23 17:22:00",2.5,"2025-06-23",740
"2025-06-23","Afternoon","2:52 PM","5:22 PM","Frog","Craugastoridae","conspicillatus","Pristimantis","Terrafirme","Chirping Robber Frog","FG400","TBS","HARP-05","Harpia-Mata Mata","U","2025-06-23 14:52:00","2025-06-23","2025-06-23 17:22:00",2.5,"2025-06-23",740
"2025-06-23","Afternoon","2:52 PM","5:22 PM","Frog","Bufonidae","margaritifera","Rhinella","Varzea","South American Common Toad","FG401","TBS","HARP-04","Harpia-Mata Mata","G","2025-06-23 14:52:00","2025-06-23","2025-06-23 17:22:00",2.5,"2025-06-23",511
"2025-06-23","Afternoon","2:52 PM","5:22 PM","Frog","Aromobatidae","femoralis","Allobates","Varzea","Spotted-thighed Poison Frog","FG402","TBS","HARP-04","Harpia-Mata Mata","G","2025-06-23 14:52:00","2025-06-23","2025-06-23 17:22:00",2.5,"2025-06-23",511
"2025-06-23","Afternoon","2:52 PM","5:22 PM","Frog","Dendrobatidae","bilinguis","Ameerega","Varzea","Ecuador Poison Frog","FG403","TBS","HARP-04","Harpia-Mata Mata","G","2025-06-23 14:52:00","2025-06-23","2025-06-23 17:22:00",2.5,"2025-06-23",511
"2025-06-23","Afternoon","2:52 PM","5:22 PM","Lizard","Hoplocercidae","laticeps","Enyalioides","Varzea","Broad-headed Wood Lizard","LZ84","TBS","HARP-04","Harpia-Mata Mata","U","2025-06-23 14:52:00","2025-06-23","2025-06-23 17:22:00",2.5,"2025-06-23",511
"2025-06-23","Afternoon","2:52 PM","5:22 PM","Frog","Leptodactylidae","andreae","Adenomera","Varzea","Cocha Chirping Frog","FG404","TBS","HARP-03","Harpia-Mata Mata","G","2025-06-23 14:52:00","2025-06-23","2025-06-23 17:22:00",2.5,"2025-06-23",940
"2025-06-23","Afternoon","2:52 PM","5:22 PM","Frog","Dendrobatidae","bilinguis","Ameerega","Varzea","Ecuador Poison Frog","FG405","TBS","HARP-03","Harpia-Mata Mata","G","2025-06-23 14:52:00","2025-06-23","2025-06-23 17:22:00",2.5,"2025-06-23",940
"2025-06-23","Afternoon","2:52 PM","5:22 PM","Frog","Dendrobatidae","bilinguis","Ameerega","Terrafirme","Ecuador Poison Frog","FG406","TBS","HARP-03","Harpia-Mata Mata","G","2025-06-23 14:52:00","2025-06-23","2025-06-23 17:22:00",2.5,"2025-06-23",940
"2025-06-23","Afternoon","2:52 PM","5:22 PM","Lizard","Anolidae","scypheus","Anolis","Terrafirme","Yellow-tongued Anole","LZ85","TBS","HARP-03","Harpia-Mata Mata","U","2025-06-23 14:52:00","2025-06-23","2025-06-23 17:22:00",2.5,"2025-06-23",940
"2025-06-23","Afternoon","2:52 PM","5:22 PM","Frog","Dendrobatidae","bilinguis","Ameerega","Varzea","Ecuador Poison Frog","FG407","TBS","MATA-01","Harpia-Mata Mata","G","2025-06-23 14:52:00","2025-06-23","2025-06-23 17:22:00",2.5,"2025-06-23",1030
"2025-06-23","Night","8:12 PM","11:04 PM","Frog","Dendrobatidae","hahneli","Ameerega","Terrafirme","Pale-striped Poison Frog","FG408","TBS","PUMA-01","Puma-Puma Plot","G","2025-06-23 20:12:00","2025-06-23","2025-06-23 23:04:00",2.86666666666667,"2025-06-23",750
"2025-06-23","Night","8:12 PM","11:04 PM","Frog","Craugastoridae","quixensis","Oreobates","Terrafirme","Common Big-headed Frog","FG409","TBS","PUPL-01","Puma-Puma Plot","G","2025-06-23 20:12:00","2025-06-23","2025-06-23 23:04:00",2.86666666666667,"2025-06-23",270
"2025-06-23","Night","8:12 PM","11:04 PM","Frog","Craugastoridae","quixensis","Oreobates","Terrafirme","Common Big-headed Frog","FG410","TBS","PUPL-02","Puma-Puma Plot","G","2025-06-23 20:12:00","2025-06-23","2025-06-23 23:04:00",2.86666666666667,"2025-06-23",652
"2025-06-23","Night","8:12 PM","11:04 PM","Frog","Craugastoridae","quixensis","Oreobates","Terrafirme","Common Big-headed Frog","FG411","TBS","PUPL-02","Puma-Puma Plot","G","2025-06-23 20:12:00","2025-06-23","2025-06-23 23:04:00",2.86666666666667,"2025-06-23",652
"2025-06-23","Night","8:12 PM","11:04 PM","Salamander","Plethodontidae","altamazonica","Bolitoglossa","Terrafirme","Amazon Climbing Salamander","SL39","TBS","PUPL-02","Puma-Puma Plot","U","2025-06-23 20:12:00","2025-06-23","2025-06-23 23:04:00",2.86666666666667,"2025-06-23",652
"2025-06-23","Night","8:12 PM","11:04 PM","Frog","Craugastoridae","quixensis","Oreobates","Varzea","Common Big-headed Frog","FG412","TBS","PUPL-02","Puma-Puma Plot","G","2025-06-23 20:12:00","2025-06-23","2025-06-23 23:04:00",2.86666666666667,"2025-06-23",652
"2025-06-23","Night","8:12 PM","11:04 PM","Frog","Hylidae",NA,"Osteocephalus","Varzea","Broad-headed Treefrogs","FG413","TBS","PUPL-04","Puma-Puma Plot","U","2025-06-23 20:12:00","2025-06-23","2025-06-23 23:04:00",2.86666666666667,"2025-06-23",411
"2025-06-23","Night","8:12 PM","11:04 PM","Lizard","Sphaerodactylidae","concinnatus","Gonatodes","Terrafirme","O'Shaughnessy's Gecko","LZ86","TBS","PUPL-04","Puma-Puma Plot","U","2025-06-23 20:12:00","2025-06-23","2025-06-23 23:04:00",2.86666666666667,"2025-06-23",411
"2025-06-23","Night","8:12 PM","11:04 PM","Frog","Craugastoridae",NA,"Pristimantis","Varzea","Rain and Robber Frogs","FG414","TBS","PUPL-07","Puma-Puma Plot","G","2025-06-23 20:12:00","2025-06-23","2025-06-23 23:04:00",2.86666666666667,"2025-06-23",143
"2025-06-23","Night","8:12 PM","11:04 PM","Frog","Craugastoridae","kichwarum","Pristimantis","Varzea","Jatun Sacha Rain Frog","FG415","TBS","PUPL-08","Puma-Puma Plot","U","2025-06-23 20:12:00","2025-06-23","2025-06-23 23:04:00",2.86666666666667,"2025-06-23",139
"2025-06-25","Night","8:00 PM","10:22 PM","Frog","Hylidae","appendiculata","Boana","Varzea","Canelos Treefrog","FG416","TBS","HAPL-01","Harpia Plot-Harpia","U","2025-06-25 20:00:00","2025-06-25","2025-06-25 22:22:00",2.36666666666667,"2025-06-25",2220
"2025-06-25","Night","8:00 PM","10:22 PM","Frog","Craugastoridae",NA,"Pristimantis","Varzea","Rain and Robber Frogs","FG417","TBS","HAPL-01","Harpia Plot-Harpia","U","2025-06-25 20:00:00","2025-06-25","2025-06-25 22:22:00",2.36666666666667,"2025-06-25",2220
"2025-06-25","Night","8:00 PM","10:22 PM","Frog","Hylidae","lanciformis","Boana","Varzea","Basin Tree Frog","FG418","TBS","HAPL-01","Harpia Plot-Harpia","U","2025-06-25 20:00:00","2025-06-25","2025-06-25 22:22:00",2.36666666666667,"2025-06-25",2220
"2025-06-25","Night","8:00 PM","10:22 PM","Frog","Craugastoridae",NA,"Pristimantis","Terrafirme","Rain and Robber Frogs","FG419","TBS","HAPL-01","Harpia Plot-Harpia","U","2025-06-25 20:00:00","2025-06-25","2025-06-25 22:22:00",2.36666666666667,"2025-06-25",2220
"2025-06-25","Night","8:00 PM","10:22 PM","Frog","Dendrobatidae","bilinguis","Ameerega","Terrafirme","Ecuador Poison Frog","FG420","TBS","HAPL-01","Harpia Plot-Harpia","U","2025-06-25 20:00:00","2025-06-25","2025-06-25 22:22:00",2.36666666666667,"2025-06-25",2220
"2025-06-25","Night","8:00 PM","10:22 PM","Frog","Craugastoridae",NA,"Pristimantis","Terrafirme","Rain and Robber Frogs","FG421","TBS","HAPL-01","Harpia Plot-Harpia","U","2025-06-25 20:00:00","2025-06-25","2025-06-25 22:22:00",2.36666666666667,"2025-06-25",2220
"2025-06-25","Night","8:00 PM","10:22 PM","Frog","Hylidae","appendiculata","Boana","Varzea","Canelos Treefrog","FG422","TBS","HAPL-01","Harpia Plot-Harpia","U","2025-06-25 20:00:00","2025-06-25","2025-06-25 22:22:00",2.36666666666667,"2025-06-25",2220
"2025-06-25","Night","8:00 PM","10:22 PM","Frog","Bufonidae","margaritifera","Rhinella","Varzea","South American Common Toad","FG423","TBS","HAPL-01","Harpia Plot-Harpia","U","2025-06-25 20:00:00","2025-06-25","2025-06-25 22:22:00",2.36666666666667,"2025-06-25",2220
"2025-06-25","Night","8:00 PM","10:22 PM","Frog","Leptodactylidae",NA,"Leptodactylus","Varzea","Neotropical Grass Frogs","FG424","TBS","HAPL-01","Harpia Plot-Harpia","U","2025-06-25 20:00:00","2025-06-25","2025-06-25 22:22:00",2.36666666666667,"2025-06-25",2220
"2025-06-25","Night","8:00 PM","10:22 PM","Frog","Hylidae","appendiculata","Boana","Varzea","Canelos Treefrog","FG425","TBS","HAPL-01","Harpia Plot-Harpia","U","2025-06-25 20:00:00","2025-06-25","2025-06-25 22:22:00",2.36666666666667,"2025-06-25",2220
"2025-06-25","Night","8:00 PM","10:22 PM","Frog","Bufonidae","margaritifera","Rhinella","Terrafirme","South American Common Toad","FG426","TBS","HAPL-01","Harpia Plot-Harpia","U","2025-06-25 20:00:00","2025-06-25","2025-06-25 22:22:00",2.36666666666667,"2025-06-25",2220
"2025-06-25","Night","8:00 PM","10:22 PM","Frog","Bufonidae","margaritifera","Rhinella","Terrafirme","South American Common Toad","FG427","TBS","HARP-01","Harpia Plot-Harpia","U","2025-06-25 20:00:00","2025-06-25","2025-06-25 22:22:00",2.36666666666667,"2025-06-25",483
"2025-06-25","Night","8:00 PM","10:22 PM","Lizard","Anolidae","scypheus","Anolis","Terrafirme","Yellow-tongued Anole","LZ87","TBS","HARP-01","Harpia Plot-Harpia","U","2025-06-25 20:00:00","2025-06-25","2025-06-25 22:22:00",2.36666666666667,"2025-06-25",483
"2025-06-26","Afternoon","2:10 PM","3:49 PM","Lizard","Teiidae","pelviceps","Kentropyx","Varzea","Forest Whiptail","LZ88","TBS","GUAC-04","Guacamayo","G","2025-06-26 14:10:00","2025-06-26","2025-06-26 15:49:00",1.65,"2025-06-26",1912
"2025-06-26","Afternoon","2:10 PM","3:49 PM","Lizard","Anolidae","scypheus","Anolis","Terrafirme","Yellow-tongued Anole","LZ89","TBS","GUAC-04","Guacamayo","G","2025-06-26 14:10:00","2025-06-26","2025-06-26 15:49:00",1.65,"2025-06-26",1912
"2025-06-26","Afternoon","2:10 PM","3:49 PM","Frog","Ranidae","palmipes","Lithobates","Terrafirme","Amazon River Frog","FG428","TBS","GUAC-04","Guacamayo","G","2025-06-26 14:10:00","2025-06-26","2025-06-26 15:49:00",1.65,"2025-06-26",1912
"2025-06-26","Afternoon","2:10 PM","3:49 PM","Frog","Leptodactylidae","andreae","Adenomera","Terrafirme","Cocha Chirping Frog","FG429","TBS","GUAC-04","Guacamayo","G","2025-06-26 14:10:00","2025-06-26","2025-06-26 15:49:00",1.65,"2025-06-26",1912
"2025-06-26","Afternoon","2:10 PM","3:49 PM","Frog","Bufonidae","margaritifera","Rhinella","Varzea","South American Common Toad","FG430","TBS","GUAC-04","Guacamayo","G","2025-06-26 14:10:00","2025-06-26","2025-06-26 15:49:00",1.65,"2025-06-26",1912
"2025-06-26","Afternoon","2:10 PM","3:49 PM","Frog","Bufonidae","margaritifera","Rhinella","Varzea","South American Common Toad","FG431","TBS","GUAC-04","Guacamayo","G","2025-06-26 14:10:00","2025-06-26","2025-06-26 15:49:00",1.65,"2025-06-26",1912
"2025-06-26","Afternoon","2:10 PM","3:49 PM","Frog","Dendrobatidae","bilinguis","Ameerega","Varzea","Ecuador Poison Frog","FG432","TBS","GUAC-04","Guacamayo","G","2025-06-26 14:10:00","2025-06-26","2025-06-26 15:49:00",1.65,"2025-06-26",1912
"2025-06-26","Afternoon","2:10 PM","3:49 PM","Frog","Dendrobatidae","bilinguis","Ameerega","Varzea","Ecuador Poison Frog","FG433","TBS","GUAC-04","Guacamayo","G","2025-06-26 14:10:00","2025-06-26","2025-06-26 15:49:00",1.65,"2025-06-26",1912
"2025-06-26","Afternoon","2:10 PM","3:49 PM","Frog","Dendrobatidae","bilinguis","Ameerega","Varzea","Ecuador Poison Frog","FG434","TBS","GUAC-04","Guacamayo","G","2025-06-26 14:10:00","2025-06-26","2025-06-26 15:49:00",1.65,"2025-06-26",1912
"2025-06-26","Night","8:01 PM","10:51 PM","Lizard","Hoplocercidae","laticeps","Enyalioides","Terrafirme","Broad-headed Wood Lizard","LZ90","TBS","MAPO-01","Matapalo-Murcielago-Puentes-Murcielago Pond-Matapalo-Chichico-Numa","U","2025-06-26 20:01:00","2025-06-26","2025-06-26 22:51:00",2.83333333333333,"2025-06-26",53
"2025-06-26","Night","8:01 PM","10:51 PM","Lizard","Anolidae","fuscoauratus","Anolis","Terrafirme","Brown-eared Anole","LZ91","TBS","MAPO-03","Matapalo-Murcielago-Puentes-Murcielago Pond-Matapalo-Chichico-Numa","U","2025-06-26 20:01:00","2025-06-26","2025-06-26 22:51:00",2.83333333333333,"2025-06-26",388
"2025-06-26","Night","8:01 PM","10:51 PM","Frog","Craugastoridae","quixensis","Oreobates","Terrafirme","Common Big-headed Frog","FG434","TBS","MAPO-03","Matapalo-Murcielago-Puentes-Murcielago Pond-Matapalo-Chichico-Numa","G","2025-06-26 20:01:00","2025-06-26","2025-06-26 22:51:00",2.83333333333333,"2025-06-26",388
"2025-06-26","Night","8:01 PM","10:51 PM","Frog","Bufonidae","margaritifera","Rhinella","Terrafirme","South American Common Toad","FG435","TBS","MAPO-03","Matapalo-Murcielago-Puentes-Murcielago Pond-Matapalo-Chichico-Numa","U","2025-06-26 20:01:00","2025-06-26","2025-06-26 22:51:00",2.83333333333333,"2025-06-26",388
"2025-06-26","Night","8:01 PM","10:51 PM","Frog","Craugastoridae","quixensis","Oreobates","Terrafirme","Common Big-headed Frog","FG436","TBS","MURC-01","Matapalo-Murcielago-Puentes-Murcielago Pond-Matapalo-Chichico-Numa","G","2025-06-26 20:01:00","2025-06-26","2025-06-26 22:51:00",2.83333333333333,"2025-06-26",156
"2025-06-26","Night","8:01 PM","10:51 PM","Lizard","Anolidae","scypheus","Anolis","Terrafirme","Yellow-tongued Anole","LZ92","TBS","MURC-01","Matapalo-Murcielago-Puentes-Murcielago Pond-Matapalo-Chichico-Numa","U","2025-06-26 20:01:00","2025-06-26","2025-06-26 22:51:00",2.83333333333333,"2025-06-26",156
"2025-06-26","Night","8:01 PM","10:51 PM","Frog","Hylidae","calcarata","Boana","Varzea","Convict Treefrog","FG437","TBS","MUPO-01","Matapalo-Murcielago-Puentes-Murcielago Pond-Matapalo-Chichico-Numa","U","2025-06-26 20:01:00","2025-06-26","2025-06-26 22:51:00",2.83333333333333,"2025-06-26",410
"2025-06-26","Night","8:01 PM","10:51 PM","Lizard","Sphaerodactylidae","concinnatus","Gonatodes","Varzea","O'Shaughnessy's Gecko","LZ93","TBS","MUPO-01","Matapalo-Murcielago-Puentes-Murcielago Pond-Matapalo-Chichico-Numa","U","2025-06-26 20:01:00","2025-06-26","2025-06-26 22:51:00",2.83333333333333,"2025-06-26",410
"2025-06-26","Night","8:01 PM","10:51 PM","Lizard","Anolidae","trachyderma","Anolis","Terrafirme","Common Forest Anole","LZ94","TBS","MAPO-04","Matapalo-Murcielago-Puentes-Murcielago Pond-Matapalo-Chichico-Numa","U","2025-06-26 20:01:00","2025-06-26","2025-06-26 22:51:00",2.83333333333333,"2025-06-26",387
"2025-06-26","Night","8:01 PM","10:51 PM","Lizard","Anolidae","scypheus","Anolis","Terrafirme","Yellow-tongued Anole","LZ95","TBS","MAPO-04","Matapalo-Murcielago-Puentes-Murcielago Pond-Matapalo-Chichico-Numa","U","2025-06-26 20:01:00","2025-06-26","2025-06-26 22:51:00",2.83333333333333,"2025-06-26",387
"2025-06-26","Night","8:01 PM","10:51 PM","Lizard","Anolidae","scypheus","Anolis","Terrafirme","Yellow-tongued Anole","LZ96","TBS","MAPO-04","Matapalo-Murcielago-Puentes-Murcielago Pond-Matapalo-Chichico-Numa","U","2025-06-26 20:01:00","2025-06-26","2025-06-26 22:51:00",2.83333333333333,"2025-06-26",387
"2025-06-26","Night","8:01 PM","10:51 PM","Frog","Craugastoridae","quixensis","Oreobates","Terrafirme","Common Big-headed Frog","FG438","TBS","MAPO-05","Matapalo-Murcielago-Puentes-Murcielago Pond-Matapalo-Chichico-Numa","G","2025-06-26 20:01:00","2025-06-26","2025-06-26 22:51:00",2.83333333333333,"2025-06-26",250
"2025-06-26","Night","8:01 PM","10:51 PM","Lizard","Anolidae","punctatus","Anolis","Varzea","Amazon Green Anole","LZ97","TBS","MAPO-05","Matapalo-Murcielago-Puentes-Murcielago Pond-Matapalo-Chichico-Numa","U","2025-06-26 20:01:00","2025-06-26","2025-06-26 22:51:00",2.83333333333333,"2025-06-26",250
"2025-06-26","Night","8:01 PM","10:51 PM","Lizard","Anolidae","scypheus","Anolis","Varzea","Yellow-tongued Anole","LZ98","TBS","MAPO-05","Matapalo-Murcielago-Puentes-Murcielago Pond-Matapalo-Chichico-Numa","U","2025-06-26 20:01:00","2025-06-26","2025-06-26 22:51:00",2.83333333333333,"2025-06-26",250
"2025-06-26","Night","8:01 PM","10:51 PM","Lizard","Anolidae","fuscoauratus","Anolis","Varzea","Brown-eared Anole","LZ99","TBS","NUMA-02","Matapalo-Murcielago-Puentes-Murcielago Pond-Matapalo-Chichico-Numa","U","2025-06-26 20:01:00","2025-06-26","2025-06-26 22:51:00",2.83333333333333,"2025-06-26",268
"2025-06-26","Night","8:01 PM","10:51 PM","Lizard","Hoplocercidae","laticeps","Enyalioides","Varzea","Broad-headed Wood Lizard","LZ100","TBS","NUMA-02","Matapalo-Murcielago-Puentes-Murcielago Pond-Matapalo-Chichico-Numa","U","2025-06-26 20:01:00","2025-06-26","2025-06-26 22:51:00",2.83333333333333,"2025-06-26",268
"2025-06-26","Night","8:01 PM","10:51 PM","Frog","Craugastoridae","quixensis","Oreobates","Varzea","Common Big-headed Frog","FG439","TBS","NUMA-02","Matapalo-Murcielago-Puentes-Murcielago Pond-Matapalo-Chichico-Numa","G","2025-06-26 20:01:00","2025-06-26","2025-06-26 22:51:00",2.83333333333333,"2025-06-26",268
"2025-06-26","Night","8:01 PM","10:51 PM","Frog","Hylidae",NA,NA,"Varzea","Tree Frogs and Allies","FG440","TBS","NUMA-02","Matapalo-Murcielago-Puentes-Murcielago Pond-Matapalo-Chichico-Numa","U","2025-06-26 20:01:00","2025-06-26","2025-06-26 22:51:00",2.83333333333333,"2025-06-26",268
"2025-06-27","Night","8:10 PM","10:04 PM","Salamander","Plethodontidae","altamazonica","Bolitoglossa","Varzea","Amazon Climbing Salamander","SL40","TBS","DANT-01","Guacamayo-Danta-Lago","U","2025-06-27 20:10:00","2025-06-27","2025-06-27 22:04:00",1.9,"2025-06-27",591
"2025-06-27","Night","8:10 PM","10:04 PM","Frog","Craugastoridae",NA,"Pristimantis","Terrafirme","Rain and Robber Frogs","FG441","TBS","DANT-01","Guacamayo-Danta-Lago","U","2025-06-27 20:10:00","2025-06-27","2025-06-27 22:04:00",1.9,"2025-06-27",591
"2025-06-27","Night","8:10 PM","10:04 PM","Lizard","Hoplocercidae","laticeps","Enyalioides","Terrafirme","Broad-headed Wood Lizard","LZ101","TBS","DANT-01","Guacamayo-Danta-Lago","U","2025-06-27 20:10:00","2025-06-27","2025-06-27 22:04:00",1.9,"2025-06-27",591
"2025-06-27","Night","8:10 PM","10:04 PM","Frog","Bufonidae","margaritifera","Rhinella","Terrafirme","South American Common Toad","FG442","TBS","DANT-01","Guacamayo-Danta-Lago","U","2025-06-27 20:10:00","2025-06-27","2025-06-27 22:04:00",1.9,"2025-06-27",591
"2025-06-27","Night","8:10 PM","10:04 PM","Lizard","Anolidae","scypheus","Anolis","Varzea","Yellow-tongued Anole","LZ102","TBS","DANT-01","Guacamayo-Danta-Lago","U","2025-06-27 20:10:00","2025-06-27","2025-06-27 22:04:00",1.9,"2025-06-27",591
"2025-06-27","Night","8:10 PM","10:04 PM","Lizard","Anolidae","trachyderma","Anolis","Varzea","Common Forest Anole","LZ103","TBS","DANT-01","Guacamayo-Danta-Lago","U","2025-06-27 20:10:00","2025-06-27","2025-06-27 22:04:00",1.9,"2025-06-27",591
"2025-06-27","Night","8:10 PM","10:04 PM","Frog","Craugastoridae",NA,"Pristimantis","Varzea","Rain and Robber Frogs","FG443","TBS","LAGO-01","Guacamayo-Danta-Lago","U","2025-06-27 20:10:00","2025-06-27","2025-06-27 22:04:00",1.9,"2025-06-27",719
"2025-06-27","Night","8:10 PM","10:04 PM","Lizard","Anolidae","fuscoauratus","Anolis","Varzea","Brown-eared Anole","LZ104","TBS","LAGO-01","Guacamayo-Danta-Lago","U","2025-06-27 20:10:00","2025-06-27","2025-06-27 22:04:00",1.9,"2025-06-27",719
"2025-06-27","Night","8:10 PM","10:04 PM","Frog","Leptodactylidae",NA,"Leptodactylus","Varzea","Neotropical Grass Frogs","FG444","TBS","LAGO-01","Guacamayo-Danta-Lago","G","2025-06-27 20:10:00","2025-06-27","2025-06-27 22:04:00",1.9,"2025-06-27",719
"2025-06-28","Night","8:17 PM","10:36 PM","Frog","Bufonidae","margaritifera","Rhinella","Varzea","South American Common Toad","FG445","TBS","GUAC-03","Guacamayo-Puma-Harpia-Chorongo","U","2025-06-28 20:17:00","2025-06-28","2025-06-28 22:36:00",2.31666666666667,"2025-06-28",279
"2025-06-28","Night","8:17 PM","10:36 PM","Frog","Microhylidae","bassleri","Chiasmocleis","Varzea","Bassler's Humming Frog","FG446","TBS","GUAC-03","Guacamayo-Puma-Harpia-Chorongo","U","2025-06-28 20:17:00","2025-06-28","2025-06-28 22:36:00",2.31666666666667,"2025-06-28",279
"2025-06-28","Night","8:17 PM","10:36 PM","Frog","Craugastoridae","kichwarum","Pristimantis","Terrafirme","Jatun Sacha Rain Frog","FG447","TBS","GUAC-03","Guacamayo-Puma-Harpia-Chorongo","U","2025-06-28 20:17:00","2025-06-28","2025-06-28 22:36:00",2.31666666666667,"2025-06-28",279
"2025-06-28","Night","8:17 PM","10:36 PM","Frog","Bufonidae","margaritifera","Rhinella","Terrafirme","South American Common Toad","FG448","TBS","PUMA-01","Guacamayo-Puma-Harpia-Chorongo","U","2025-06-28 20:17:00","2025-06-28","2025-06-28 22:36:00",2.31666666666667,"2025-06-28",750
"2025-06-28","Night","8:17 PM","10:36 PM","Lizard","Sphaerodactylidae","concinnatus","Gonatodes","Terrafirme","O'Shaughnessy's Gecko","LZ105","TBS","PUMA-01","Guacamayo-Puma-Harpia-Chorongo","U","2025-06-28 20:17:00","2025-06-28","2025-06-28 22:36:00",2.31666666666667,"2025-06-28",750
"2025-06-28","Night","8:17 PM","10:36 PM","Frog","Hylidae",NA,"Boana","Terrafirme","Gladiator Treefrogs","FG449","TBS","PUMA-01","Guacamayo-Puma-Harpia-Chorongo","U","2025-06-28 20:17:00","2025-06-28","2025-06-28 22:36:00",2.31666666666667,"2025-06-28",750
"2025-06-28","Night","8:17 PM","10:36 PM","Lizard","Anolidae",NA,NA,"Terrafirme","Anoles","LZ106","TBS","PUMA-02","Guacamayo-Puma-Harpia-Chorongo","U","2025-06-28 20:17:00","2025-06-28","2025-06-28 22:36:00",2.31666666666667,"2025-06-28",388
"2025-06-28","Night","8:17 PM","10:36 PM","Salamander","Plethodontidae","altamazonica","Bolitoglossa","Terrafirme","Amazon Climbing Salamander","SL41","TBS","HARP-05","Guacamayo-Puma-Harpia-Chorongo","U","2025-06-28 20:17:00","2025-06-28","2025-06-28 22:36:00",2.31666666666667,"2025-06-28",740
"2025-06-29","Night","8:08 PM","11:03 PM","Frog","Hylidae","geographicans","Boana","Terrafirme","Map Treefrog","FG450","TBS","MAPO-02","Matapalo-Numa/Matapalo Connector-Numa-Chichico-Matapalo-Numa","U","2025-06-29 20:08:00","2025-06-29","2025-06-29 23:03:00",2.91666666666667,"2025-06-29",170
"2025-06-29","Night","8:08 PM","11:03 PM","Frog","Bufonidae","margaritifera","Rhinella","Varzea","South American Common Toad","FG451","TBS","MANU-01","Matapalo-Numa/Matapalo Connector-Numa-Chichico-Matapalo-Numa","U","2025-06-29 20:08:00","2025-06-29","2025-06-29 23:03:00",2.91666666666667,"2025-06-29",194
"2025-06-29","Night","8:08 PM","11:03 PM","Frog","Hylidae","yasuni","Osteocephalus","Varzea","Yasuni Spiny-backed Treefrog","FG452","TBS","NUMA-02","Matapalo-Numa/Matapalo Connector-Numa-Chichico-Matapalo-Numa","U","2025-06-29 20:08:00","2025-06-29","2025-06-29 23:03:00",2.91666666666667,"2025-06-29",268
"2025-06-29","Night","8:08 PM","11:03 PM","Frog","Bufonidae","margaritifera","Rhinella","Varzea","South American Common Toad","FG453","TBS","NUMA-02","Matapalo-Numa/Matapalo Connector-Numa-Chichico-Matapalo-Numa","U","2025-06-29 20:08:00","2025-06-29","2025-06-29 23:03:00",2.91666666666667,"2025-06-29",268
"2025-06-29","Night","8:08 PM","11:03 PM","Lizard","Anolidae","trachyderma","Anolis","Varzea","Common Forest Anole","LZ107","TBS","CHIO-02","Matapalo-Numa/Matapalo Connector-Numa-Chichico-Matapalo-Numa","U","2025-06-29 20:08:00","2025-06-29","2025-06-29 23:03:00",2.91666666666667,"2025-06-29",1000
"2025-06-29","Night","8:08 PM","11:03 PM","Salamander","Plethodontidae","peruviana","Bolitoglossa","Varzea","Peruvian Climbing Salamander","SL42","TBS","CHIO-02","Matapalo-Numa/Matapalo Connector-Numa-Chichico-Matapalo-Numa","U","2025-06-29 20:08:00","2025-06-29","2025-06-29 23:03:00",2.91666666666667,"2025-06-29",1000
"2025-06-29","Night","8:08 PM","11:03 PM","Lizard","Hoplocercidae","laticeps","Enyalioides","Varzea","Broad-headed Wood Lizard","LZ108","TBS","CHIO-02","Matapalo-Numa/Matapalo Connector-Numa-Chichico-Matapalo-Numa","U","2025-06-29 20:08:00","2025-06-29","2025-06-29 23:03:00",2.91666666666667,"2025-06-29",1000
"2025-06-29","Night","8:08 PM","11:03 PM","Frog","Bufonidae","margaritifera","Rhinella","Varzea","South American Common Toad","FG454","TBS","CHIO-02","Matapalo-Numa/Matapalo Connector-Numa-Chichico-Matapalo-Numa","U","2025-06-29 20:08:00","2025-06-29","2025-06-29 23:03:00",2.91666666666667,"2025-06-29",1000
"2025-06-29","Night","8:08 PM","11:03 PM","Lizard","Hoplocercidae","laticeps","Enyalioides","Varzea","Broad-headed Wood Lizard","LZ109","TBS","CHIO-02","Matapalo-Numa/Matapalo Connector-Numa-Chichico-Matapalo-Numa","U","2025-06-29 20:08:00","2025-06-29","2025-06-29 23:03:00",2.91666666666667,"2025-06-29",1000
"2025-06-29","Night","8:08 PM","11:03 PM","Lizard","Anolidae","fuscoauratus","Anolis","Varzea","Brown-eared Anole","LZ110","TBS","CHIO-02","Matapalo-Numa/Matapalo Connector-Numa-Chichico-Matapalo-Numa","U","2025-06-29 20:08:00","2025-06-29","2025-06-29 23:03:00",2.91666666666667,"2025-06-29",1000
"2025-06-29","Night","8:08 PM","11:03 PM","Lizard","Anolidae","fuscoauratus","Anolis","Varzea","Brown-eared Anole","LZ111","TBS","CHIO-02","Matapalo-Numa/Matapalo Connector-Numa-Chichico-Matapalo-Numa","U","2025-06-29 20:08:00","2025-06-29","2025-06-29 23:03:00",2.91666666666667,"2025-06-29",1000
"2025-06-29","Night","8:08 PM","11:03 PM","Frog","Craugastoridae","quixensis","Oreobates","Varzea","Common Big-headed Frog","FG455","TBS","CHIO-01","Matapalo-Numa/Matapalo Connector-Numa-Chichico-Matapalo-Numa","G","2025-06-29 20:08:00","2025-06-29","2025-06-29 23:03:00",2.91666666666667,"2025-06-29",609
"2025-06-29","Night","8:08 PM","11:03 PM","Frog","Bufonidae","guttatus","Rhaebo","Varzea","Smooth-sided Toad","FG456","TBS","CHIO-01","Matapalo-Numa/Matapalo Connector-Numa-Chichico-Matapalo-Numa","G","2025-06-29 20:08:00","2025-06-29","2025-06-29 23:03:00",2.91666666666667,"2025-06-29",609
"2025-06-29","Night","8:08 PM","11:03 PM","Frog","Leptodactylidae",NA,"Leptodactylus","Varzea","Neotropical Grass Frogs","FG457","TBS","CHIO-01","Matapalo-Numa/Matapalo Connector-Numa-Chichico-Matapalo-Numa","G","2025-06-29 20:08:00","2025-06-29","2025-06-29 23:03:00",2.91666666666667,"2025-06-29",609
"2025-06-29","Night","8:08 PM","11:03 PM","Frog","Craugastoridae","quixensis","Oreobates","Varzea","Common Big-headed Frog","FG458","TBS","CHIO-01","Matapalo-Numa/Matapalo Connector-Numa-Chichico-Matapalo-Numa","G","2025-06-29 20:08:00","2025-06-29","2025-06-29 23:03:00",2.91666666666667,"2025-06-29",609
"2025-06-29","Night","8:08 PM","11:03 PM","Frog","Leptodactylidae",NA,"Leptodactylus","Varzea","Neotropical Grass Frogs","FG459","TBS","CHIO-01","Matapalo-Numa/Matapalo Connector-Numa-Chichico-Matapalo-Numa","G","2025-06-29 20:08:00","2025-06-29","2025-06-29 23:03:00",2.91666666666667,"2025-06-29",609
"2025-06-29","Night","8:08 PM","11:03 PM","Frog","Leptodactylidae","pentadactylus","Leptodactylus","Varzea","Smoky Jungle Frog","FG460","TBS","CHIO-01","Matapalo-Numa/Matapalo Connector-Numa-Chichico-Matapalo-Numa","G","2025-06-29 20:08:00","2025-06-29","2025-06-29 23:03:00",2.91666666666667,"2025-06-29",609
"2025-06-29","Night","8:08 PM","11:03 PM","Lizard","Anolidae","fuscoauratus","Anolis","Terrafirme","Brown-eared Anole","LZ112","TBS","MAPO-06","Matapalo-Numa/Matapalo Connector-Numa-Chichico-Matapalo-Numa","U","2025-06-29 20:08:00","2025-06-29","2025-06-29 23:03:00",2.91666666666667,"2025-06-29",359
"2025-06-29","Night","8:08 PM","11:03 PM","Frog","Craugastoridae","quixensis","Oreobates","Terrafirme","Common Big-headed Frog","FG461","TBS","MAPO-06","Matapalo-Numa/Matapalo Connector-Numa-Chichico-Matapalo-Numa","G","2025-06-29 20:08:00","2025-06-29","2025-06-29 23:03:00",2.91666666666667,"2025-06-29",359
"2025-06-29","Night","8:08 PM","11:03 PM","Frog","Leptodactylidae","pentadactylus","Leptodactylus","Varzea","Smoky Jungle Frog","FG462","TBS","NUMA-01","Matapalo-Numa/Matapalo Connector-Numa-Chichico-Matapalo-Numa","G","2025-06-29 20:08:00","2025-06-29","2025-06-29 23:03:00",2.91666666666667,"2025-06-29",290
"2025-06-30","Afternoon","2:34 PM","3:37 PM","Lizard","Anolidae","scypheus","Anolis","Terrafirme","Yellow-tongued Anole","LZ113","TBS","HARP-02","Harpia","G","2025-06-30 14:34:00","2025-06-30","2025-06-30 15:37:00",1.05,"2025-06-30",1744
"2025-06-30","Afternoon","2:34 PM","3:37 PM","Frog","Bufonidae","margaritifera","Rhinella","Terrafirme","South American Common Toad","FG463","TBS","HARP-02","Harpia","G","2025-06-30 14:34:00","2025-06-30","2025-06-30 15:37:00",1.05,"2025-06-30",1744
"2025-06-30","Afternoon","2:34 PM","3:37 PM","Frog","Craugastoridae",NA,"Pristimantis","Terrafirme","Rain and Robber Frogs","FG464","TBS","HARP-02","Harpia","U","2025-06-30 14:34:00","2025-06-30","2025-06-30 15:37:00",1.05,"2025-06-30",1744
"2025-06-30","Afternoon","2:34 PM","3:37 PM","Lizard","Alopoglossidae","atriventris","Alopoglossus","Varzea","Keel-bellied Shade Lizard","LZ114","TBS","HARP-02","Harpia","G","2025-06-30 14:34:00","2025-06-30","2025-06-30 15:37:00",1.05,"2025-06-30",1744
"2025-06-30","Afternoon","2:34 PM","3:37 PM","Frog","Bufonidae","margaritifera","Rhinella","Terrafirme","South American Common Toad","FG465","TBS","HARP-02","Harpia","G","2025-06-30 14:34:00","2025-06-30","2025-06-30 15:37:00",1.05,"2025-06-30",1744
"2025-06-30","Afternoon","2:34 PM","3:37 PM","Frog","Dendrobatidae","bilinguis","Ameerega","Terrafirme","Ecuador Poison Frog","FG466","TBS","HARP-02","Harpia","G","2025-06-30 14:34:00","2025-06-30","2025-06-30 15:37:00",1.05,"2025-06-30",1744
"2025-06-30","Afternoon","2:34 PM","3:37 PM","Lizard","Gymnophthalmidae","parietalis","Loxopholis","Terrafirme","Common Root Teju","LZ115","TBS","HARP-02","Harpia","G","2025-06-30 14:34:00","2025-06-30","2025-06-30 15:37:00",1.05,"2025-06-30",1744
"2025-06-30","Night","8:12 PM","11:15 PM","Lizard","Anolidae","fuscoauratus","Anolis","Terrafirme","Brown-eared Anole","LZ116","TBS","PUMA-01","Puma-Puma Plot","U","2025-06-30 20:12:00","2025-06-30","2025-06-30 23:15:00",3.05,"2025-06-30",750
"2025-06-30","Night","8:12 PM","11:15 PM","Frog","Leptodactylidae",NA,"Leptodactylus","Terrafirme","Neotropical Grass Frogs","FG467","TBS","PUMA-01","Puma-Puma Plot","G","2025-06-30 20:12:00","2025-06-30","2025-06-30 23:15:00",3.05,"2025-06-30",750
"2025-06-30","Night","8:12 PM","11:15 PM","Frog","Craugastoridae",NA,"Pristimantis","Varzea","Rain and Robber Frogs","FG468","TBS","PUPL-01","Puma-Puma Plot","U","2025-06-30 20:12:00","2025-06-30","2025-06-30 23:15:00",3.05,"2025-06-30",270
"2025-06-30","Night","8:12 PM","11:15 PM","Lizard","Anolidae","scypheus","Anolis","Varzea","Yellow-tongued Anole","LZ117","TBS","PUPL-02","Puma-Puma Plot","U","2025-06-30 20:12:00","2025-06-30","2025-06-30 23:15:00",3.05,"2025-06-30",652
"2025-06-30","Night","8:12 PM","11:15 PM","Lizard","Hoplocercidae","laticeps","Enyalioides","Terrafirme","Broad-headed Wood Lizard","LZ118","TBS","PUPL-02","Puma-Puma Plot","U","2025-06-30 20:12:00","2025-06-30","2025-06-30 23:15:00",3.05,"2025-06-30",652
"2025-06-30","Night","8:12 PM","11:15 PM","Frog","Aromobatidae","femoralis","Allobates","Varzea","Spotted-thighed Poison Frog","FG469","TBS","PUPL-02","Puma-Puma Plot","G","2025-06-30 20:12:00","2025-06-30","2025-06-30 23:15:00",3.05,"2025-06-30",652
"2025-06-30","Night","8:12 PM","11:15 PM","Frog","Leptodactylidae","andreae","Adenomera","Varzea","Cocha Chirping Frog","FG470","TBS","PUPL-05","Puma-Puma Plot","G","2025-06-30 20:12:00","2025-06-30","2025-06-30 23:15:00",3.05,"2025-06-30",105
"2025-06-30","Night","8:12 PM","11:15 PM","Lizard","Anolidae","fuscoauratus","Anolis","Varzea","Brown-eared Anole","LZ119","TBS","PUPL-05","Puma-Puma Plot","U","2025-06-30 20:12:00","2025-06-30","2025-06-30 23:15:00",3.05,"2025-06-30",105
"2025-06-30","Night","8:12 PM","11:15 PM","Frog","Craugastoridae","quixensis","Oreobates","Varzea","Common Big-headed Frog","FG471","TBS","PUPL-06","Puma-Puma Plot","G","2025-06-30 20:12:00","2025-06-30","2025-06-30 23:15:00",3.05,"2025-06-30",139
"2025-06-30","Night","8:12 PM","11:15 PM","Frog","Hylidae","calcarata","Boana","Varzea","Convict Treefrog","FG472","TBS","PUPL-10","Puma-Puma Plot","U","2025-06-30 20:12:00","2025-06-30","2025-06-30 23:15:00",3.05,"2025-06-30",248
"2025-06-30","Night","8:12 PM","11:15 PM","Frog","Craugastoridae","quixensis","Oreobates","Varzea","Common Big-headed Frog","FG473","TBS","PUPL-10","Puma-Puma Plot","G","2025-06-30 20:12:00","2025-06-30","2025-06-30 23:15:00",3.05,"2025-06-30",248
"2025-07-01","Afternoon","2:34 PM","3:48 PM","Frog","Dendrobatidae","bilinguis","Ameerega","Terrafirme","Ecuador Poison Frog","FG474","TBS","MAPO-04","Matapalo-Chichico-Numa","G","2025-07-01 14:34:00","2025-07-01","2025-07-01 15:48:00",1.23333333333333,"2025-07-01",387
"2025-07-01","Afternoon","2:34 PM","3:48 PM","Frog","Dendrobatidae","bilinguis","Ameerega","Varzea","Ecuador Poison Frog","FG475","TBS","MAPO-04","Matapalo-Chichico-Numa","U","2025-07-01 14:34:00","2025-07-01","2025-07-01 15:48:00",1.23333333333333,"2025-07-01",387
"2025-07-01","Afternoon","2:34 PM","3:48 PM","Frog","Bufonidae","margaritifera","Rhinella","Varzea","South American Common Toad","FG476","TBS","MAPO-05","Matapalo-Chichico-Numa","G","2025-07-01 14:34:00","2025-07-01","2025-07-01 15:48:00",1.23333333333333,"2025-07-01",250
"2025-07-01","Afternoon","2:34 PM","3:48 PM","Frog","Bufonidae","margaritifera","Rhinella","Varzea","South American Common Toad","FG477","TBS","NUMA-01","Matapalo-Chichico-Numa","G","2025-07-01 14:34:00","2025-07-01","2025-07-01 15:48:00",1.23333333333333,"2025-07-01",290
"2025-07-01","Night","8:48 PM","11:22 PM","Lizard","Anolidae","fuscoauratus","Anolis","Terrafirme","Brown-eared Anole","LZ120","TBS","HAPL-01","Harpia Plot-Harpia","U","2025-07-01 20:48:00","2025-07-01","2025-07-01 23:22:00",2.56666666666667,"2025-07-01",2220
"2025-07-01","Night","8:48 PM","11:22 PM","Frog","Leptodactylidae",NA,"Leptodactylus","Varzea","Neotropical Grass Frogs","FG478","TBS","HAPL-01","Harpia Plot-Harpia","G","2025-07-01 20:48:00","2025-07-01","2025-07-01 23:22:00",2.56666666666667,"2025-07-01",2220
"2025-07-01","Night","8:48 PM","11:22 PM","Frog","Hylidae",NA,"Boana","Varzea","Gladiator Treefrogs","FG479","TBS","HAPL-01","Harpia Plot-Harpia","U","2025-07-01 20:48:00","2025-07-01","2025-07-01 23:22:00",2.56666666666667,"2025-07-01",2220
"2025-07-01","Night","8:48 PM","11:22 PM","Frog","Bufonidae","margaritifera","Rhinella","Varzea","South American Common Toad","FG480","TBS","HAPL-01","Harpia Plot-Harpia","U","2025-07-01 20:48:00","2025-07-01","2025-07-01 23:22:00",2.56666666666667,"2025-07-01",2220
"2025-07-01","Night","8:48 PM","11:22 PM","Frog","Craugastoridae",NA,"Pristimantis","Terrafirme","Rain and Robber Frogs","FG481","TBS","HAPL-01","Harpia Plot-Harpia","U","2025-07-01 20:48:00","2025-07-01","2025-07-01 23:22:00",2.56666666666667,"2025-07-01",2220
"2025-07-01","Night","8:48 PM","11:22 PM","Frog","Craugastoridae","quixensis","Oreobates","Varzea","Common Big-headed Frog","FG482","TBS","HAPL-01","Harpia Plot-Harpia","G","2025-07-01 20:48:00","2025-07-01","2025-07-01 23:22:00",2.56666666666667,"2025-07-01",2220
"2025-07-01","Night","8:48 PM","11:22 PM","Lizard","Anolidae","fuscoauratus","Anolis","Varzea","Brown-eared Anole","LZ121","TBS","HAPL-01","Harpia Plot-Harpia","U","2025-07-01 20:48:00","2025-07-01","2025-07-01 23:22:00",2.56666666666667,"2025-07-01",2220
"2025-07-01","Night","8:48 PM","11:22 PM","Frog","Leptodactylidae","petersi","Engystomops","Terrafirme","Painted Forest Toadlet","FG483","TBS","HAPL-01","Harpia Plot-Harpia","U","2025-07-01 20:48:00","2025-07-01","2025-07-01 23:22:00",2.56666666666667,"2025-07-01",2220
"2025-07-01","Night","8:48 PM","11:22 PM","Frog","Leptodactylidae","petersi","Engystomops","Terrafirme","Painted Forest Toadlet","FG484","TBS","HAPL-01","Harpia Plot-Harpia","G","2025-07-01 20:48:00","2025-07-01","2025-07-01 23:22:00",2.56666666666667,"2025-07-01",2220
"2025-07-01","Night","8:48 PM","11:22 PM","Frog","Hylidae","lanciformis","Boana","Terrafirme","Basin Tree Frog","FG485","TBS","HAPL-01","Harpia Plot-Harpia","U","2025-07-01 20:48:00","2025-07-01","2025-07-01 23:22:00",2.56666666666667,"2025-07-01",2220
"2025-07-01","Night","8:48 PM","11:22 PM","Frog","Bufonidae","guttatus","Rhaebo","Terrafirme","Smooth-sided Toad","FG486","TBS","HAPL-01","Harpia Plot-Harpia","G","2025-07-01 20:48:00","2025-07-01","2025-07-01 23:22:00",2.56666666666667,"2025-07-01",2220
"2025-07-01","Night","8:48 PM","11:22 PM","Frog","Leptodactylidae","petersi","Engystomops","Terrafirme","Painted Forest Toadlet","FG487","TBS","HAPL-01","Harpia Plot-Harpia","G","2025-07-01 20:48:00","2025-07-01","2025-07-01 23:22:00",2.56666666666667,"2025-07-01",2220
"2025-07-01","Night","8:48 PM","11:22 PM","Frog","Bufonidae","margaritifera","Rhinella","Terrafirme","South American Common Toad","FG488","TBS","HAPL-01","Harpia Plot-Harpia","G","2025-07-01 20:48:00","2025-07-01","2025-07-01 23:22:00",2.56666666666667,"2025-07-01",2220
"2025-07-01","Night","8:48 PM","11:22 PM","Lizard","Alopoglossidae","atriventris","Alopoglossus","Varzea","Keel-bellied Shade Lizard","LZ122","TBS","HAPL-01","Harpia Plot-Harpia","G","2025-07-01 20:48:00","2025-07-01","2025-07-01 23:22:00",2.56666666666667,"2025-07-01",2220
"2025-07-01","Night","8:48 PM","11:22 PM","Frog","Bufonidae","margaritifera","Rhinella","Varzea","South American Common Toad","FG489","TBS","HAPL-01","Harpia Plot-Harpia","U","2025-07-01 20:48:00","2025-07-01","2025-07-01 23:22:00",2.56666666666667,"2025-07-01",2220
"2025-07-01","Night","8:48 PM","11:22 PM","Frog","Bufonidae","margaritifera","Rhinella","Terrafirme","South American Common Toad","FG490","TBS","HARP-01","Harpia Plot-Harpia","G","2025-07-01 20:48:00","2025-07-01","2025-07-01 23:22:00",2.56666666666667,"2025-07-01",483
"2025-07-01","Night","8:48 PM","11:22 PM","Frog","Craugastoridae","quixensis","Oreobates","Terrafirme","Common Big-headed Frog","FG491","TBS","HARP-01","Harpia Plot-Harpia","G","2025-07-01 20:48:00","2025-07-01","2025-07-01 23:22:00",2.56666666666667,"2025-07-01",483
"2025-07-02","Night","8:06 PM","10:53 PM","Frog","Hylidae","yasuni","Osteocephalus","Varzea","Yasuni Spiny-backed Treefrog","FG492","TBS","ANAC-01","Anaconda-Lago","U","2025-07-02 20:06:00","2025-07-02","2025-07-02 22:53:00",2.78333333333333,"2025-07-02",388
"2025-07-02","Night","8:06 PM","10:53 PM","Frog","Craugastoridae","quixensis","Oreobates","Varzea","Common Big-headed Frog","FG493","TBS","ANAC-01","Anaconda-Lago","G","2025-07-02 20:06:00","2025-07-02","2025-07-02 22:53:00",2.78333333333333,"2025-07-02",388
"2025-07-02","Night","8:06 PM","10:53 PM","Frog","Craugastoridae","quixensis","Oreobates","Varzea","Common Big-headed Frog","FG494","TBS","ANAC-01","Anaconda-Lago","G","2025-07-02 20:06:00","2025-07-02","2025-07-02 22:53:00",2.78333333333333,"2025-07-02",388
"2025-07-02","Night","8:06 PM","10:53 PM","Salamander","Plethodontidae","altamazonica","Bolitoglossa","Varzea","Amazon Climbing Salamander","SL43","TBS","ANAC-01","Anaconda-Lago","U","2025-07-02 20:06:00","2025-07-02","2025-07-02 22:53:00",2.78333333333333,"2025-07-02",388
"2025-07-02","Night","8:06 PM","10:53 PM","Frog","Bufonidae","margaritifera","Rhinella","Varzea","South American Common Toad","FG495","TBS","LAGO-02","Anaconda-Lago","U","2025-07-02 20:06:00","2025-07-02","2025-07-02 22:53:00",2.78333333333333,"2025-07-02",1450
"2025-07-02","Night","8:06 PM","10:53 PM","Frog","Bufonidae","margaritifera","Rhinella","Varzea","South American Common Toad","FG496","TBS","LAGO-02","Anaconda-Lago","U","2025-07-02 20:06:00","2025-07-02","2025-07-02 22:53:00",2.78333333333333,"2025-07-02",1450
"2025-07-02","Night","8:06 PM","10:53 PM","Lizard","Anolidae","fuscoauratus","Anolis","Varzea","Brown-eared Anole","LZ123","TBS","LAGO-02","Anaconda-Lago","U","2025-07-02 20:06:00","2025-07-02","2025-07-02 22:53:00",2.78333333333333,"2025-07-02",1450
"2025-07-02","Night","8:06 PM","10:53 PM","Lizard","Anolidae","scypheus","Anolis","Varzea","Yellow-tongued Anole","LZ124","TBS","LAGO-02","Anaconda-Lago","U","2025-07-02 20:06:00","2025-07-02","2025-07-02 22:53:00",2.78333333333333,"2025-07-02",1450
"2025-07-02","Night","8:06 PM","10:53 PM","Lizard","Hoplocercidae","laticeps","Enyalioides","Varzea","Broad-headed Wood Lizard","LZ125","TBS","LAGO-02","Anaconda-Lago","U","2025-07-02 20:06:00","2025-07-02","2025-07-02 22:53:00",2.78333333333333,"2025-07-02",1450
"2025-07-02","Night","8:06 PM","10:53 PM","Lizard","Anolidae","scypheus","Anolis","Varzea","Yellow-tongued Anole","LZ126","TBS","LAGO-02","Anaconda-Lago","U","2025-07-02 20:06:00","2025-07-02","2025-07-02 22:53:00",2.78333333333333,"2025-07-02",1450
"2025-07-02","Night","8:06 PM","10:53 PM","Frog","Bufonidae","margaritifera","Rhinella","Varzea","South American Common Toad","FG497","TBS","LAGO-02","Anaconda-Lago","U","2025-07-02 20:06:00","2025-07-02","2025-07-02 22:53:00",2.78333333333333,"2025-07-02",1450
"2025-07-02","Night","8:06 PM","10:53 PM","Lizard","Anolidae",NA,NA,"Varzea","Anoles","LZ127","TBS","LAGO-02","Anaconda-Lago","U","2025-07-02 20:06:00","2025-07-02","2025-07-02 22:53:00",2.78333333333333,"2025-07-02",1450
"2025-07-02","Night","8:06 PM","10:53 PM","Frog","Craugastoridae","quixensis","Oreobates","Varzea","Common Big-headed Frog","FG498","TBS","LAGO-02","Anaconda-Lago","G","2025-07-02 20:06:00","2025-07-02","2025-07-02 22:53:00",2.78333333333333,"2025-07-02",1450
"2025-07-02","Night","8:06 PM","10:53 PM","Frog","Hylidae","yasuni","Osteocephalus","Varzea","Yasuni Spiny-backed Treefrog","FG499","TBS","LAGO-02","Anaconda-Lago","U","2025-07-02 20:06:00","2025-07-02","2025-07-02 22:53:00",2.78333333333333,"2025-07-02",1450
"2025-07-02","Night","8:06 PM","10:53 PM","Frog","Hylidae","yasuni","Osteocephalus","Varzea","Yasuni Spiny-backed Treefrog","FG500","TBS","LAGO-02","Anaconda-Lago","U","2025-07-02 20:06:00","2025-07-02","2025-07-02 22:53:00",2.78333333333333,"2025-07-02",1450
"2025-07-02","Night","8:06 PM","10:53 PM","Lizard","Anolidae","fuscoauratus","Anolis","Varzea","Brown-eared Anole","LZ128","TBS","LAGO-01","Anaconda-Lago","U","2025-07-02 20:06:00","2025-07-02","2025-07-02 22:53:00",2.78333333333333,"2025-07-02",719
"2025-07-02","Night","8:06 PM","10:53 PM","Frog","Bufonidae","margaritifera","Rhinella","Varzea","South American Common Toad","FG501","TBS","LAGO-01","Anaconda-Lago","U","2025-07-02 20:06:00","2025-07-02","2025-07-02 22:53:00",2.78333333333333,"2025-07-02",719
"2025-07-02","Night","8:06 PM","10:53 PM","Lizard","Hoplocercidae","laticeps","Enyalioides","Varzea","Broad-headed Wood Lizard","LZ129","TBS","LAGO-01","Anaconda-Lago","U","2025-07-02 20:06:00","2025-07-02","2025-07-02 22:53:00",2.78333333333333,"2025-07-02",719
"2025-07-02","Night","8:06 PM","10:53 PM","Frog","Leptodactylidae","pentadactylus","Leptodactylus","Varzea","Smoky Jungle Frog","FG502","TBS","LAGO-01","Anaconda-Lago","G","2025-07-02 20:06:00","2025-07-02","2025-07-02 22:53:00",2.78333333333333,"2025-07-02",719
"2025-07-02","Night","8:06 PM","10:53 PM","Lizard","Anolidae","fuscoauratus","Anolis","Varzea","Brown-eared Anole","LZ130","TBS","LAGO-01","Anaconda-Lago","U","2025-07-02 20:06:00","2025-07-02","2025-07-02 22:53:00",2.78333333333333,"2025-07-02",719
"2025-07-02","Night","8:06 PM","10:53 PM","Lizard","Anolidae","scypheus","Anolis","Varzea","Yellow-tongued Anole","LZ131","TBS","LAGO-01","Anaconda-Lago","U","2025-07-02 20:06:00","2025-07-02","2025-07-02 22:53:00",2.78333333333333,"2025-07-02",719
"2025-07-02","Night","8:06 PM","10:53 PM","Frog","Hylidae",NA,"Boana","Varzea","Gladiator Treefrogs","FG503","TBS","LAGO-01","Anaconda-Lago","U","2025-07-02 20:06:00","2025-07-02","2025-07-02 22:53:00",2.78333333333333,"2025-07-02",719
"2025-07-02","Night","8:06 PM","10:53 PM","Frog","Hylidae",NA,"Boana","Varzea","Gladiator Treefrogs","FG504","TBS","LAGO-01","Anaconda-Lago","U","2025-07-02 20:06:00","2025-07-02","2025-07-02 22:53:00",2.78333333333333,"2025-07-02",719
"2025-07-04","Night","8:21 PM","11:39 PM","Lizard","Anolidae","scypheus","Anolis","Terrafirme","Yellow-tongued Anole","LZ132","YRS","FPPE-05","Forest Plot Perimeter","U","2025-07-04 20:21:00","2025-07-04","2025-07-04 23:39:00",3.3,"2025-07-04",291
"2025-07-04","Night","8:21 PM","11:39 PM","Salamander","Plethodontidae","altamazonica","Bolitoglossa","Terrafirme","Amazon Climbing Salamander","SL44","YRS","FPPE-05","Forest Plot Perimeter","U","2025-07-04 20:21:00","2025-07-04","2025-07-04 23:39:00",3.3,"2025-07-04",291
"2025-07-04","Night","8:21 PM","11:39 PM","Lizard","Anolidae","scypheus","Anolis","Terrafirme","Yellow-tongued Anole","LZ133","YRS","FPPE-05","Forest Plot Perimeter","U","2025-07-04 20:21:00","2025-07-04","2025-07-04 23:39:00",3.3,"2025-07-04",291
"2025-07-04","Night","8:21 PM","11:39 PM","Frog","Dendrobatidae","bilinguis","Ameerega","Terrafirme","Ecuador Poison Frog","FG505","YRS","FPPE-05","Forest Plot Perimeter","U","2025-07-04 20:21:00","2025-07-04","2025-07-04 23:39:00",3.3,"2025-07-04",291
"2025-07-04","Night","8:21 PM","11:39 PM","Frog","Leptodactylidae","andreae","Adenomera","Terrafirme","Cocha Chirping Frog","FG506","YRS","FPPE-05","Forest Plot Perimeter","G","2025-07-04 20:21:00","2025-07-04","2025-07-04 23:39:00",3.3,"2025-07-04",291
"2025-07-04","Night","8:21 PM","11:39 PM","Salamander","Plethodontidae","altamazonica","Bolitoglossa","Varzea","Amazon Climbing Salamander","SL45","YRS","FPPE-05","Forest Plot Perimeter","U","2025-07-04 20:21:00","2025-07-04","2025-07-04 23:39:00",3.3,"2025-07-04",291
"2025-07-04","Night","8:21 PM","11:39 PM","Salamander","Plethodontidae","altamazonica","Bolitoglossa","Varzea","Amazon Climbing Salamander","SL46","YRS","FPPE-05","Forest Plot Perimeter","U","2025-07-04 20:21:00","2025-07-04","2025-07-04 23:39:00",3.3,"2025-07-04",291
"2025-07-04","Night","8:21 PM","11:39 PM","Lizard","Anolidae","fuscoauratus","Anolis","Varzea","Brown-eared Anole","LZ134","YRS","FPPE-05","Forest Plot Perimeter","U","2025-07-04 20:21:00","2025-07-04","2025-07-04 23:39:00",3.3,"2025-07-04",291
"2025-07-04","Night","8:21 PM","11:39 PM","Salamander","Plethodontidae","altamazonica","Bolitoglossa","Varzea","Amazon Climbing Salamander","SL47","YRS","FPPE-05","Forest Plot Perimeter","U","2025-07-04 20:21:00","2025-07-04","2025-07-04 23:39:00",3.3,"2025-07-04",291
"2025-07-04","Night","8:21 PM","11:39 PM","Frog","Bufonidae","margaritifera","Rhinella","Varzea","South American Common Toad","FG507","YRS","FPPE-05","Forest Plot Perimeter","U","2025-07-04 20:21:00","2025-07-04","2025-07-04 23:39:00",3.3,"2025-07-04",291
"2025-07-04","Night","8:21 PM","11:39 PM","Frog","Bufonidae","margaritifera","Rhinella","Varzea","South American Common Toad","FG508","YRS","FPPE-05","Forest Plot Perimeter","U","2025-07-04 20:21:00","2025-07-04","2025-07-04 23:39:00",3.3,"2025-07-04",291
"2025-07-04","Night","8:21 PM","11:39 PM","Salamander","Plethodontidae","altamazonica","Bolitoglossa","Varzea","Amazon Climbing Salamander","SL48","YRS","FPPE-05","Forest Plot Perimeter","U","2025-07-04 20:21:00","2025-07-04","2025-07-04 23:39:00",3.3,"2025-07-04",291
"2025-07-04","Night","8:21 PM","11:39 PM","Lizard","Anolidae","scypheus","Anolis","Varzea","Yellow-tongued Anole","LZ135","YRS","FPPE-05","Forest Plot Perimeter","U","2025-07-04 20:21:00","2025-07-04","2025-07-04 23:39:00",3.3,"2025-07-04",291
"2025-07-04","Night","8:21 PM","11:39 PM","Salamander","Plethodontidae","peruviana","Bolitoglossa","Varzea","Peruvian Climbing Salamander","SL49","YRS","FPPE-05","Forest Plot Perimeter","U","2025-07-04 20:21:00","2025-07-04","2025-07-04 23:39:00",3.3,"2025-07-04",291
"2025-07-04","Night","8:21 PM","11:39 PM","Frog","Craugastoridae","quixensis","Oreobates","Terrafirme","Common Big-headed Frog","FG509","YRS","FPPE-05","Forest Plot Perimeter","G","2025-07-04 20:21:00","2025-07-04","2025-07-04 23:39:00",3.3,"2025-07-04",291
"2025-07-04","Night","8:21 PM","11:39 PM","Frog","Hylidae",NA,"Osteocephalus","Terrafirme","Broad-headed Treefrogs","FG510","YRS","FPPE-05","Forest Plot Perimeter","U","2025-07-04 20:21:00","2025-07-04","2025-07-04 23:39:00",3.3,"2025-07-04",291
"2025-07-04","Night","8:21 PM","11:39 PM","Frog","Hylidae","appendiculata","Boana","Varzea","Canelos Treefrog","FG511","YRS","FPPE-05","Forest Plot Perimeter","G","2025-07-04 20:21:00","2025-07-04","2025-07-04 23:39:00",3.3,"2025-07-04",291
"2025-07-04","Night","8:21 PM","11:39 PM","Salamander","Plethodontidae","altamazonica","Bolitoglossa","Varzea","Amazon Climbing Salamander","SL50","YRS","FPPE-05","Forest Plot Perimeter","U","2025-07-04 20:21:00","2025-07-04","2025-07-04 23:39:00",3.3,"2025-07-04",291
"2025-07-04","Night","8:21 PM","11:39 PM","Salamander","Plethodontidae","altamazonica","Bolitoglossa","Terrafirme","Amazon Climbing Salamander","SL51","YRS","FPPE-05","Forest Plot Perimeter","U","2025-07-04 20:21:00","2025-07-04","2025-07-04 23:39:00",3.3,"2025-07-04",291
"2025-07-04","Night","8:21 PM","11:39 PM","Frog","Hylidae",NA,"Osteocephalus","Terrafirme","Broad-headed Treefrogs","FG512","YRS","FPPE-05","Forest Plot Perimeter","U","2025-07-04 20:21:00","2025-07-04","2025-07-04 23:39:00",3.3,"2025-07-04",291
"2025-07-04","Night","8:21 PM","11:39 PM","Frog","Hylidae","appendiculata","Boana","Varzea","Canelos Treefrog","FG513","YRS","FPPE-05","Forest Plot Perimeter","U","2025-07-04 20:21:00","2025-07-04","2025-07-04 23:39:00",3.3,"2025-07-04",291
"2025-07-04","Night","8:21 PM","11:39 PM","Frog","Bufonidae","margaritifera","Rhinella","Varzea","South American Common Toad","FG514","YRS","FPPE-05","Forest Plot Perimeter","U","2025-07-04 20:21:00","2025-07-04","2025-07-04 23:39:00",3.3,"2025-07-04",291
"2025-07-04","Night","8:21 PM","11:39 PM","Salamander","Plethodontidae","peruviana","Bolitoglossa","Terrafirme","Peruvian Climbing Salamander","SL52","YRS","FPPE-05","Forest Plot Perimeter","U","2025-07-04 20:21:00","2025-07-04","2025-07-04 23:39:00",3.3,"2025-07-04",291
"2025-07-04","Night","8:21 PM","11:39 PM","Frog","Hylidae",NA,"Boana","Varzea","Gladiator Treefrogs","FG515","YRS","FPPE-05","Forest Plot Perimeter","U","2025-07-04 20:21:00","2025-07-04","2025-07-04 23:39:00",3.3,"2025-07-04",291
"2025-07-04","Night","8:21 PM","11:39 PM","Frog","Hylidae","cannatellai","Osteocephalus","Varzea","Cannatella's Spiny-backed Frog","FG516","YRS","FPPE-05","Forest Plot Perimeter","U","2025-07-04 20:21:00","2025-07-04","2025-07-04 23:39:00",3.3,"2025-07-04",291
"2025-07-04","Night","8:21 PM","11:39 PM","Salamander","Plethodontidae","altamazonica","Bolitoglossa","Varzea","Amazon Climbing Salamander","SL53","YRS","FPPE-05","Forest Plot Perimeter","U","2025-07-04 20:21:00","2025-07-04","2025-07-04 23:39:00",3.3,"2025-07-04",291
"2025-07-05","Afternoon","2:45 PM","4:12 PM","Frog","Aromobatidae","femoralis","Allobates","Terrafirme","Spotted-thighed Poison Frog","FG517","YRS","YCHO-01","Chorongo-Kinkajou-Napo-Tucan","U","2025-07-05 14:45:00","2025-07-05","2025-07-05 16:12:00",1.45,"2025-07-05",1230
"2025-07-05","Afternoon","2:45 PM","4:12 PM","Frog","Aromobatidae","femoralis","Allobates","Terrafirme","Spotted-thighed Poison Frog","FG518","YRS","YCHO-01","Chorongo-Kinkajou-Napo-Tucan","G","2025-07-05 14:45:00","2025-07-05","2025-07-05 16:12:00",1.45,"2025-07-05",1230
"2025-07-05","Afternoon","2:45 PM","4:12 PM","Frog","Dendrobatidae","hahneli","Ameerega","Terrafirme","Pale-striped Poison Frog","FG519","YRS","YCHO-01","Chorongo-Kinkajou-Napo-Tucan","G","2025-07-05 14:45:00","2025-07-05","2025-07-05 16:12:00",1.45,"2025-07-05",1230
"2025-07-05","Afternoon","2:45 PM","4:12 PM","Lizard","Teiidae","pelviceps","Kentropyx","Terrafirme","Forest Whiptail","LZ136","YRS","YCHO-01","Chorongo-Kinkajou-Napo-Tucan","G","2025-07-05 14:45:00","2025-07-05","2025-07-05 16:12:00",1.45,"2025-07-05",1230
"2025-07-05","Night","8:26 PM","11:30 PM","Frog","Hylidae","geographicans","Boana","Terrafirme","Map Treefrog","FG520","YRS","COCA-01","Coca-Ceiba-Peru-Tiputini-Peru","U","2025-07-05 20:26:00","2025-07-05","2025-07-05 23:30:00",3.06666666666667,"2025-07-05",301
"2025-07-05","Night","8:26 PM","11:30 PM","Frog","Dendrobatidae","bilinguis","Ameerega","Terrafirme","Ecuador Poison Frog","FG521","YRS","COCA-01","Coca-Ceiba-Peru-Tiputini-Peru","U","2025-07-05 20:26:00","2025-07-05","2025-07-05 23:30:00",3.06666666666667,"2025-07-05",301
"2025-07-05","Night","8:26 PM","11:30 PM","Lizard","Anolidae","scypheus","Anolis","Terrafirme","Yellow-tongued Anole","LZ137","YRS","CEIB-02","Coca-Ceiba-Peru-Tiputini-Peru","U","2025-07-05 20:26:00","2025-07-05","2025-07-05 23:30:00",3.06666666666667,"2025-07-05",463
"2025-07-05","Night","8:26 PM","11:30 PM","Frog","Hylidae","appendiculata","Boana","Terrafirme","Canelos Treefrog","FG522","YRS","CEIB-02","Coca-Ceiba-Peru-Tiputini-Peru","U","2025-07-05 20:26:00","2025-07-05","2025-07-05 23:30:00",3.06666666666667,"2025-07-05",463
"2025-07-05","Night","8:26 PM","11:30 PM","Salamander","Plethodontidae","altamazonica","Bolitoglossa","Varzea","Amazon Climbing Salamander","SL54","YRS","CEIB-02","Coca-Ceiba-Peru-Tiputini-Peru","U","2025-07-05 20:26:00","2025-07-05","2025-07-05 23:30:00",3.06666666666667,"2025-07-05",463
"2025-07-05","Night","8:26 PM","11:30 PM","Frog","Hylidae","appendiculata","Boana","Terrafirme","Canelos Treefrog","FG523","YRS","CEIB-02","Coca-Ceiba-Peru-Tiputini-Peru","U","2025-07-05 20:26:00","2025-07-05","2025-07-05 23:30:00",3.06666666666667,"2025-07-05",463
"2025-07-05","Night","8:26 PM","11:30 PM","Lizard","Anolidae","scypheus","Anolis","Terrafirme","Yellow-tongued Anole","LZ138","YRS","CEIB-02","Coca-Ceiba-Peru-Tiputini-Peru","U","2025-07-05 20:26:00","2025-07-05","2025-07-05 23:30:00",3.06666666666667,"2025-07-05",463
"2025-07-05","Night","8:26 PM","11:30 PM","Frog","Dendrobatidae","ventrimaculata","Ranitomeya","Terrafirme","Reticulated Poison Frog","FG524","YRS","CEIB-02","Coca-Ceiba-Peru-Tiputini-Peru","U","2025-07-05 20:26:00","2025-07-05","2025-07-05 23:30:00",3.06666666666667,"2025-07-05",463
"2025-07-05","Night","8:26 PM","11:30 PM","Salamander","Plethodontidae","altamazonica","Bolitoglossa","Terrafirme","Amazon Climbing Salamander","SL55","YRS","CEIB-02","Coca-Ceiba-Peru-Tiputini-Peru","U","2025-07-05 20:26:00","2025-07-05","2025-07-05 23:30:00",3.06666666666667,"2025-07-05",463
"2025-07-05","Night","8:26 PM","11:30 PM","Salamander","Plethodontidae","altamazonica","Bolitoglossa","Terrafirme","Amazon Climbing Salamander","SL56","YRS","PERU-01","Coca-Ceiba-Peru-Tiputini-Peru","U","2025-07-05 20:26:00","2025-07-05","2025-07-05 23:30:00",3.06666666666667,"2025-07-05",250
"2025-07-05","Night","8:26 PM","11:30 PM","Salamander","Plethodontidae","altamazonica","Bolitoglossa","Terrafirme","Amazon Climbing Salamander","SL57","YRS","PERU-02","Coca-Ceiba-Peru-Tiputini-Peru","U","2025-07-05 20:26:00","2025-07-05","2025-07-05 23:30:00",3.06666666666667,"2025-07-05",738
"2025-07-05","Night","8:26 PM","11:30 PM","Frog","Hylidae",NA,"Boana","Terrafirme","Gladiator Treefrogs","FG525","YRS","PERU-02","Coca-Ceiba-Peru-Tiputini-Peru","U","2025-07-05 20:26:00","2025-07-05","2025-07-05 23:30:00",3.06666666666667,"2025-07-05",738
"2025-07-05","Night","8:26 PM","11:30 PM","Lizard","Gymnophthalmidae","parietalis","Loxopholis","Terrafirme","Common Root Teju","LZ139","YRS","PERU-02","Coca-Ceiba-Peru-Tiputini-Peru","G","2025-07-05 20:26:00","2025-07-05","2025-07-05 23:30:00",3.06666666666667,"2025-07-05",738
"2025-07-05","Night","8:26 PM","11:30 PM","Frog","Hylidae",NA,NA,"Varzea","Tree Frogs and Allies","FG526","YRS","PERU-02","Coca-Ceiba-Peru-Tiputini-Peru","U","2025-07-05 20:26:00","2025-07-05","2025-07-05 23:30:00",3.06666666666667,"2025-07-05",738
"2025-07-05","Night","8:26 PM","11:30 PM","Frog",NA,NA,NA,"Varzea","","FG527","YRS","PERU-02","Coca-Ceiba-Peru-Tiputini-Peru","G","2025-07-05 20:26:00","2025-07-05","2025-07-05 23:30:00",3.06666666666667,"2025-07-05",738
"2025-07-05","Night","8:26 PM","11:30 PM","Frog","Craugastoridae","quixensis","Oreobates","Terrafirme","Common Big-headed Frog","FG528","YRS","PERU-02","Coca-Ceiba-Peru-Tiputini-Peru","G","2025-07-05 20:26:00","2025-07-05","2025-07-05 23:30:00",3.06666666666667,"2025-07-05",738
"2025-07-05","Night","8:26 PM","11:30 PM","Frog","Hylidae","cannatellai","Osteocephalus","Terrafirme","Cannatella's Spiny-backed Frog","FG529","YRS","PERU-03","Coca-Ceiba-Peru-Tiputini-Peru","U","2025-07-05 20:26:00","2025-07-05","2025-07-05 23:30:00",3.06666666666667,"2025-07-05",175
"2025-07-05","Night","8:26 PM","11:30 PM","Frog","Hylidae","taurinus","Osteocephalus","Terrafirme","Manaus Spiny-backed Treefrog","FG530","YRS","PERU-03","Coca-Ceiba-Peru-Tiputini-Peru","U","2025-07-05 20:26:00","2025-07-05","2025-07-05 23:30:00",3.06666666666667,"2025-07-05",175
"2025-07-05","Night","8:26 PM","11:30 PM","Lizard","Hoplocercidae","laticeps","Enyalioides","Terrafirme","Broad-headed Wood Lizard","LZ140","YRS","PERU-03","Coca-Ceiba-Peru-Tiputini-Peru","U","2025-07-05 20:26:00","2025-07-05","2025-07-05 23:30:00",3.06666666666667,"2025-07-05",175
"2025-07-05","Night","8:26 PM","11:30 PM","Frog","Bufonidae","margaritifera","Rhinella","Varzea","South American Common Toad","FG531","YRS","PERU-03","Coca-Ceiba-Peru-Tiputini-Peru","U","2025-07-05 20:26:00","2025-07-05","2025-07-05 23:30:00",3.06666666666667,"2025-07-05",175
"2025-07-05","Night","8:26 PM","11:30 PM","Frog","Hylidae","cannatellai","Osteocephalus","Terrafirme","Cannatella's Spiny-backed Frog","FG532","YRS","PERU-04","Coca-Ceiba-Peru-Tiputini-Peru","U","2025-07-05 20:26:00","2025-07-05","2025-07-05 23:30:00",3.06666666666667,"2025-07-05",259
"2025-07-05","Night","8:26 PM","11:30 PM","Frog","Dendrobatidae","bilinguis","Ameerega","Terrafirme","Ecuador Poison Frog","FG533","YRS","PERU-04","Coca-Ceiba-Peru-Tiputini-Peru","U","2025-07-05 20:26:00","2025-07-05","2025-07-05 23:30:00",3.06666666666667,"2025-07-05",259
"2025-07-05","Night","8:26 PM","11:30 PM","Frog","Hylidae","garbei","Scinax","Terrafirme","Eirunepe Snouted Tree Frog","FG534","YRS","PERU-05","Coca-Ceiba-Peru-Tiputini-Peru","G","2025-07-05 20:26:00","2025-07-05","2025-07-05 23:30:00",3.06666666666667,"2025-07-05",301
"2025-07-05","Night","8:26 PM","11:30 PM","Frog","Dendrobatidae","hahneli","Ameerega","Varzea","Pale-striped Poison Frog","FG535","YRS","PERU-05","Coca-Ceiba-Peru-Tiputini-Peru","G","2025-07-05 20:26:00","2025-07-05","2025-07-05 23:30:00",3.06666666666667,"2025-07-05",301
"2025-07-06","Night","8:13 PM","10:38 PM","Frog","Hylidae",NA,"Osteocephalus","Terrafirme","Broad-headed Treefrogs","FG536","YRS","TORR-01","Chorongo-Kinkajou-Napo-Tucan-Garza-Napo","U","2025-07-06 20:13:00","2025-07-06","2025-07-06 22:38:00",2.41666666666667,"2025-07-06",900
"2025-07-06","Night","8:13 PM","10:38 PM","Lizard","Gymnophthalmidae","parietalis","Loxopholis","Terrafirme","Common Root Teju","LZ141","YRS","TORR-01","Chorongo-Kinkajou-Napo-Tucan-Garza-Napo","G","2025-07-06 20:13:00","2025-07-06","2025-07-06 22:38:00",2.41666666666667,"2025-07-06",900
"2025-07-06","Night","8:13 PM","10:38 PM","Frog","Craugastoridae","kichwarum","Pristimantis","Terrafirme","Jatun Sacha Rain Frog","FG537","YRS","TORR-01","Chorongo-Kinkajou-Napo-Tucan-Garza-Napo","U","2025-07-06 20:13:00","2025-07-06","2025-07-06 22:38:00",2.41666666666667,"2025-07-06",900
"2025-07-06","Night","8:13 PM","10:38 PM","Frog","Dendrobatidae","bilinguis","Ameerega","Terrafirme","Ecuador Poison Frog","FG538","YRS","TORR-01","Chorongo-Kinkajou-Napo-Tucan-Garza-Napo","G","2025-07-06 20:13:00","2025-07-06","2025-07-06 22:38:00",2.41666666666667,"2025-07-06",900
"2025-07-06","Night","8:13 PM","10:38 PM","Frog","Dendrobatidae","bilinguis","Ameerega","Terrafirme","Ecuador Poison Frog","FG539","YRS","TORR-01","Chorongo-Kinkajou-Napo-Tucan-Garza-Napo","G","2025-07-06 20:13:00","2025-07-06","2025-07-06 22:38:00",2.41666666666667,"2025-07-06",900
"2025-07-06","Night","8:13 PM","10:38 PM","Frog","Dendrobatidae","ventrimaculata","Ranitomeya","Terrafirme","Reticulated Poison Frog","FG540","YRS","TORR-01","Chorongo-Kinkajou-Napo-Tucan-Garza-Napo","U","2025-07-06 20:13:00","2025-07-06","2025-07-06 22:38:00",2.41666666666667,"2025-07-06",900
"2025-07-06","Night","8:13 PM","10:38 PM","Frog","Hylidae","treefrog","weird","Terrafirme","","FG541","YRS","TORR-01","Chorongo-Kinkajou-Napo-Tucan-Garza-Napo","U","2025-07-06 20:13:00","2025-07-06","2025-07-06 22:38:00",2.41666666666667,"2025-07-06",900
"2025-07-06","Night","8:13 PM","10:38 PM","Salamander","Plethodontidae","altamazonica","Bolitoglossa","Terrafirme","Amazon Climbing Salamander","SL58","YRS","TORR-01","Chorongo-Kinkajou-Napo-Tucan-Garza-Napo","U","2025-07-06 20:13:00","2025-07-06","2025-07-06 22:38:00",2.41666666666667,"2025-07-06",900
"2025-07-06","Night","8:13 PM","10:38 PM","Frog","Bufonidae","margaritifera","Rhinella","Terrafirme","South American Common Toad","FG542","YRS","TORR-01","Chorongo-Kinkajou-Napo-Tucan-Garza-Napo","U","2025-07-06 20:13:00","2025-07-06","2025-07-06 22:38:00",2.41666666666667,"2025-07-06",900
"2025-07-06","Night","8:13 PM","10:38 PM","Frog","Hylidae","taurinus","Osteocephalus","Terrafirme","Manaus Spiny-backed Treefrog","FG543","YRS","TORR-01","Chorongo-Kinkajou-Napo-Tucan-Garza-Napo","U","2025-07-06 20:13:00","2025-07-06","2025-07-06 22:38:00",2.41666666666667,"2025-07-06",900
"2025-07-06","Night","8:13 PM","10:38 PM","Frog","Leptodactylidae","petersi","Engystomops","Varzea","Painted Forest Toadlet","FG544","YRS","TORR-01","Chorongo-Kinkajou-Napo-Tucan-Garza-Napo","G","2025-07-06 20:13:00","2025-07-06","2025-07-06 22:38:00",2.41666666666667,"2025-07-06",900
"2025-07-07","Night","8:26 PM","11:02 PM","Frog","Bufonidae","margaritifera","Rhinella","Terrafirme","South American Common Toad","FG545","YRS","TORR-01","Torre-Forest Plot Perimeter-Forest Plot Interior-Forest Plot Perimeter","U","2025-07-07 20:26:00","2025-07-07","2025-07-07 23:02:00",2.6,"2025-07-07",900
"2025-07-07","Night","8:26 PM","11:02 PM","Salamander","Plethodontidae","altamazonica","Bolitoglossa","Terrafirme","Amazon Climbing Salamander","SL59","YRS","TORR-01","Torre-Forest Plot Perimeter-Forest Plot Interior-Forest Plot Perimeter","U","2025-07-07 20:26:00","2025-07-07","2025-07-07 23:02:00",2.6,"2025-07-07",900
"2025-07-07","Night","8:26 PM","11:02 PM","Salamander","Plethodontidae","altamazonica","Bolitoglossa","Terrafirme","Amazon Climbing Salamander","SL60","YRS","TORR-01","Torre-Forest Plot Perimeter-Forest Plot Interior-Forest Plot Perimeter","U","2025-07-07 20:26:00","2025-07-07","2025-07-07 23:02:00",2.6,"2025-07-07",900
"2025-07-07","Night","8:26 PM","11:02 PM","Frog","Dendrobatidae","ventrimaculata","Ranitomeya","Terrafirme","Reticulated Poison Frog","FG546","YRS","TORR-01","Torre-Forest Plot Perimeter-Forest Plot Interior-Forest Plot Perimeter","U","2025-07-07 20:26:00","2025-07-07","2025-07-07 23:02:00",2.6,"2025-07-07",900
"2025-07-07","Night","8:26 PM","11:02 PM","Frog","Dendrobatidae","ventrimaculata","Ranitomeya","Terrafirme","Reticulated Poison Frog","FG547","YRS","TORR-01","Torre-Forest Plot Perimeter-Forest Plot Interior-Forest Plot Perimeter","U","2025-07-07 20:26:00","2025-07-07","2025-07-07 23:02:00",2.6,"2025-07-07",900
"2025-07-07","Night","8:26 PM","11:02 PM","Lizard","Sphaerodactylidae","concinnatus","Gonatodes","Terrafirme","O'Shaughnessy's Gecko","LZ142","YRS","TORR-01","Torre-Forest Plot Perimeter-Forest Plot Interior-Forest Plot Perimeter","U","2025-07-07 20:26:00","2025-07-07","2025-07-07 23:02:00",2.6,"2025-07-07",900
"2025-07-07","Night","8:26 PM","11:02 PM","Frog","Hylidae","cannatellai","Osteocephalus","Terrafirme","Cannatella's Spiny-backed Frog","FG548","YRS","TORR-01","Torre-Forest Plot Perimeter-Forest Plot Interior-Forest Plot Perimeter","U","2025-07-07 20:26:00","2025-07-07","2025-07-07 23:02:00",2.6,"2025-07-07",900
"2025-07-07","Night","8:26 PM","11:02 PM","Frog","Hylidae","cannatellai","Osteocephalus","Terrafirme","Cannatella's Spiny-backed Frog","FG549","YRS","TORR-01","Torre-Forest Plot Perimeter-Forest Plot Interior-Forest Plot Perimeter","U","2025-07-07 20:26:00","2025-07-07","2025-07-07 23:02:00",2.6,"2025-07-07",900
"2025-07-07","Night","8:26 PM","11:02 PM","Salamander","Plethodontidae","altamazonica","Bolitoglossa","Terrafirme","Amazon Climbing Salamander","SL61","YRS","TORR-01","Torre-Forest Plot Perimeter-Forest Plot Interior-Forest Plot Perimeter","U","2025-07-07 20:26:00","2025-07-07","2025-07-07 23:02:00",2.6,"2025-07-07",900
"2025-07-07","Night","8:26 PM","11:02 PM","Frog","Dendrobatidae","bilinguis","Ameerega","Terrafirme","Ecuador Poison Frog","FG550","YRS","TORR-01","Torre-Forest Plot Perimeter-Forest Plot Interior-Forest Plot Perimeter","U","2025-07-07 20:26:00","2025-07-07","2025-07-07 23:02:00",2.6,"2025-07-07",900
"2025-07-07","Night","8:26 PM","11:02 PM","Frog","Hylidae",NA,"Osteocephalus","Terrafirme","Broad-headed Treefrogs","FG551","YRS","TORR-01","Torre-Forest Plot Perimeter-Forest Plot Interior-Forest Plot Perimeter","U","2025-07-07 20:26:00","2025-07-07","2025-07-07 23:02:00",2.6,"2025-07-07",900
"2025-07-07","Night","8:26 PM","11:02 PM","Salamander","Plethodontidae","altamazonica","Bolitoglossa","Terrafirme","Amazon Climbing Salamander","SL62","YRS","TORR-01","Torre-Forest Plot Perimeter-Forest Plot Interior-Forest Plot Perimeter","U","2025-07-07 20:26:00","2025-07-07","2025-07-07 23:02:00",2.6,"2025-07-07",900
"2025-07-07","Night","8:26 PM","11:02 PM","Salamander","Plethodontidae","altamazonica","Bolitoglossa","Terrafirme","Amazon Climbing Salamander","SL63","YRS","TORR-01","Torre-Forest Plot Perimeter-Forest Plot Interior-Forest Plot Perimeter","U","2025-07-07 20:26:00","2025-07-07","2025-07-07 23:02:00",2.6,"2025-07-07",900
"2025-07-07","Night","8:26 PM","11:02 PM","Salamander","Plethodontidae","altamazonica","Bolitoglossa","Terrafirme","Amazon Climbing Salamander","SL64","YRS","TORR-01","Torre-Forest Plot Perimeter-Forest Plot Interior-Forest Plot Perimeter","U","2025-07-07 20:26:00","2025-07-07","2025-07-07 23:02:00",2.6,"2025-07-07",900
"2025-07-07","Night","8:26 PM","11:02 PM","Salamander","Plethodontidae","peruviana","Bolitoglossa","Terrafirme","Peruvian Climbing Salamander","SL65","YRS","TORR-01","Torre-Forest Plot Perimeter-Forest Plot Interior-Forest Plot Perimeter","U","2025-07-07 20:26:00","2025-07-07","2025-07-07 23:02:00",2.6,"2025-07-07",900
"2025-07-07","Night","8:26 PM","11:02 PM","Salamander","Plethodontidae","peruviana","Bolitoglossa","Terrafirme","Peruvian Climbing Salamander","SL66","YRS","FPPE-03","Torre-Forest Plot Perimeter-Forest Plot Interior-Forest Plot Perimeter","U","2025-07-07 20:26:00","2025-07-07","2025-07-07 23:02:00",2.6,"2025-07-07",88
"2025-07-07","Night","8:26 PM","11:02 PM","Salamander","Plethodontidae","altamazonica","Bolitoglossa","Terrafirme","Amazon Climbing Salamander","SL67","YRS","FPPE-03","Torre-Forest Plot Perimeter-Forest Plot Interior-Forest Plot Perimeter","U","2025-07-07 20:26:00","2025-07-07","2025-07-07 23:02:00",2.6,"2025-07-07",88
"2025-07-07","Night","8:26 PM","11:02 PM","Frog","Craugastoridae","kichwarum","Pristimantis","Terrafirme","Jatun Sacha Rain Frog","FG552","YRS","FPIN-01","Torre-Forest Plot Perimeter-Forest Plot Interior-Forest Plot Perimeter","U","2025-07-07 20:26:00","2025-07-07","2025-07-07 23:02:00",2.6,"2025-07-07",1053
"2025-07-07","Night","8:26 PM","11:02 PM","Lizard","Alopoglossidae","atriventris","Alopoglossus","Varzea","Keel-bellied Shade Lizard","LZ143","YRS","FPIN-01","Torre-Forest Plot Perimeter-Forest Plot Interior-Forest Plot Perimeter","G","2025-07-07 20:26:00","2025-07-07","2025-07-07 23:02:00",2.6,"2025-07-07",1053
"2025-07-07","Night","8:26 PM","11:02 PM","Salamander","Plethodontidae","altamazonica","Bolitoglossa","Varzea","Amazon Climbing Salamander","SL68","YRS","FPIN-01","Torre-Forest Plot Perimeter-Forest Plot Interior-Forest Plot Perimeter","U","2025-07-07 20:26:00","2025-07-07","2025-07-07 23:02:00",2.6,"2025-07-07",1053
"2025-07-07","Night","8:26 PM","11:02 PM","Frog","Dendrobatidae","bilinguis","Ameerega","Terrafirme","Ecuador Poison Frog","FG553","YRS","FPIN-01","Torre-Forest Plot Perimeter-Forest Plot Interior-Forest Plot Perimeter","U","2025-07-07 20:26:00","2025-07-07","2025-07-07 23:02:00",2.6,"2025-07-07",1053
"2025-07-07","Night","8:26 PM","11:02 PM","Salamander","Plethodontidae","altamazonica","Bolitoglossa","Terrafirme","Amazon Climbing Salamander","SL69","YRS","FPPE-05","Torre-Forest Plot Perimeter-Forest Plot Interior-Forest Plot Perimeter","U","2025-07-07 20:26:00","2025-07-07","2025-07-07 23:02:00",2.6,"2025-07-07",291
"2025-07-07","Night","8:26 PM","11:02 PM","Salamander","Plethodontidae","peruviana","Bolitoglossa","Terrafirme","Peruvian Climbing Salamander","SL70","YRS","FPPE-01","Torre-Forest Plot Perimeter-Forest Plot Interior-Forest Plot Perimeter","U","2025-07-07 20:26:00","2025-07-07","2025-07-07 23:02:00",2.6,"2025-07-07",171
"2025-07-08","Afternoon","2:32 PM","4:40 PM","Frog","Bufonidae","margaritifera","Rhinella","Terrafirme","South American Common Toad","FG554","YRS","COCA-01","Coca-Ceiba-Peru-Renacuajo-Peru","G","2025-07-08 14:32:00","2025-07-08","2025-07-08 16:40:00",2.13333333333333,"2025-07-08",301
"2025-07-08","Afternoon","2:32 PM","4:40 PM","Frog","Bufonidae","margaritifera","Rhinella","Terrafirme","South American Common Toad","FG555","YRS","COCA-01","Coca-Ceiba-Peru-Renacuajo-Peru","G","2025-07-08 14:32:00","2025-07-08","2025-07-08 16:40:00",2.13333333333333,"2025-07-08",301
"2025-07-08","Afternoon","2:32 PM","4:40 PM","Frog","Aromobatidae","femoralis","Allobates","Terrafirme","Spotted-thighed Poison Frog","FG556","YRS","COCA-01","Coca-Ceiba-Peru-Renacuajo-Peru","G","2025-07-08 14:32:00","2025-07-08","2025-07-08 16:40:00",2.13333333333333,"2025-07-08",301
"2025-07-08","Afternoon","2:32 PM","4:40 PM","Frog","Bufonidae","margaritifera","Rhinella","Terrafirme","South American Common Toad","FG557","YRS","COCA-01","Coca-Ceiba-Peru-Renacuajo-Peru","G","2025-07-08 14:32:00","2025-07-08","2025-07-08 16:40:00",2.13333333333333,"2025-07-08",301
"2025-07-08","Afternoon","2:32 PM","4:40 PM","Frog","Bufonidae","margaritifera","Rhinella","Terrafirme","South American Common Toad","FG558","YRS","COCA-01","Coca-Ceiba-Peru-Renacuajo-Peru","G","2025-07-08 14:32:00","2025-07-08","2025-07-08 16:40:00",2.13333333333333,"2025-07-08",301
"2025-07-08","Afternoon","2:32 PM","4:40 PM","Frog","Bufonidae","margaritifera","Rhinella","Terrafirme","South American Common Toad","FG559","YRS","COCA-01","Coca-Ceiba-Peru-Renacuajo-Peru","G","2025-07-08 14:32:00","2025-07-08","2025-07-08 16:40:00",2.13333333333333,"2025-07-08",301
"2025-07-08","Afternoon","2:32 PM","4:40 PM","Frog","Dendrobatidae","bilinguis","Ameerega","Terrafirme","Ecuador Poison Frog","FG560","YRS","CEIB-02","Coca-Ceiba-Peru-Renacuajo-Peru","G","2025-07-08 14:32:00","2025-07-08","2025-07-08 16:40:00",2.13333333333333,"2025-07-08",463
"2025-07-08","Afternoon","2:32 PM","4:40 PM","Lizard","Anolidae","scypheus","Anolis","Terrafirme","Yellow-tongued Anole","LZ144","YRS","PERU-01","Coca-Ceiba-Peru-Renacuajo-Peru","G","2025-07-08 14:32:00","2025-07-08","2025-07-08 16:40:00",2.13333333333333,"2025-07-08",250
"2025-07-08","Afternoon","2:32 PM","4:40 PM","Frog","Craugastoridae","conspicillatus","Pristimantis","Terrafirme","Chirping Robber Frog","FG561","YRS","RENA-01","Coca-Ceiba-Peru-Renacuajo-Peru","G","2025-07-08 14:32:00","2025-07-08","2025-07-08 16:40:00",2.13333333333333,"2025-07-08",272
"2025-07-08","Afternoon","2:32 PM","4:40 PM","Frog","Dendrobatidae","bilinguis","Ameerega","Terrafirme","Ecuador Poison Frog","FG562","YRS","RENA-01","Coca-Ceiba-Peru-Renacuajo-Peru","G","2025-07-08 14:32:00","2025-07-08","2025-07-08 16:40:00",2.13333333333333,"2025-07-08",272
"2025-07-08","Afternoon","2:32 PM","4:40 PM","Lizard","Gymnophthalmidae","parietalis","Loxopholis","Terrafirme","Common Root Teju","LZ145","YRS","RENA-01","Coca-Ceiba-Peru-Renacuajo-Peru","G","2025-07-08 14:32:00","2025-07-08","2025-07-08 16:40:00",2.13333333333333,"2025-07-08",272
"2025-07-08","Afternoon","2:32 PM","4:40 PM","Lizard","Alopoglossidae","atriventris","Alopoglossus","Terrafirme","Keel-bellied Shade Lizard","LZ146","YRS","PERU-02","Coca-Ceiba-Peru-Renacuajo-Peru","G","2025-07-08 14:32:00","2025-07-08","2025-07-08 16:40:00",2.13333333333333,"2025-07-08",738
"2025-07-08","Night","8:18 PM","10:59 PM","Frog","Craugastoridae","kichwarum","Pristimantis","Varzea","Jatun Sacha Rain Frog","FG564","YRS","PANT-01","Pantano-Napo-Bariso-Timatai-Tinamou-Botanico-Gran Ficus-Botanico","U","2025-07-08 20:18:00","2025-07-08","2025-07-08 22:59:00",2.68333333333333,"2025-07-08",103
"2025-07-08","Night","8:18 PM","10:59 PM","Frog","Dendrobatidae","bilinguis","Ameerega","Varzea","Ecuador Poison Frog","FG565","YRS","PANT-01","Pantano-Napo-Bariso-Timatai-Tinamou-Botanico-Gran Ficus-Botanico","U","2025-07-08 20:18:00","2025-07-08","2025-07-08 22:59:00",2.68333333333333,"2025-07-08",103
"2025-07-08","Night","8:18 PM","10:59 PM","Salamander","Plethodontidae","altamazonica","Bolitoglossa","Varzea","Amazon Climbing Salamander","SL71","YRS","PANT-01","Pantano-Napo-Bariso-Timatai-Tinamou-Botanico-Gran Ficus-Botanico","U","2025-07-08 20:18:00","2025-07-08","2025-07-08 22:59:00",2.68333333333333,"2025-07-08",103
"2025-07-08","Night","8:18 PM","10:59 PM","Frog","Hylidae","yasuni","Osteocephalus","Varzea","Yasuni Spiny-backed Treefrog","FG566","YRS","NAPO-02","Pantano-Napo-Bariso-Timatai-Tinamou-Botanico-Gran Ficus-Botanico","U","2025-07-08 20:18:00","2025-07-08","2025-07-08 22:59:00",2.68333333333333,"2025-07-08",419
"2025-07-08","Night","8:18 PM","10:59 PM","Frog","Bufonidae","margaritifera","Rhinella","Terrafirme","South American Common Toad","FG567","YRS","NAPO-02","Pantano-Napo-Bariso-Timatai-Tinamou-Botanico-Gran Ficus-Botanico","U","2025-07-08 20:18:00","2025-07-08","2025-07-08 22:59:00",2.68333333333333,"2025-07-08",419
"2025-07-08","Night","8:18 PM","10:59 PM","Frog","Hylidae",NA,"Osteocephalus","Terrafirme","Broad-headed Treefrogs","FG568","YRS","NAPO-02","Pantano-Napo-Bariso-Timatai-Tinamou-Botanico-Gran Ficus-Botanico","U","2025-07-08 20:18:00","2025-07-08","2025-07-08 22:59:00",2.68333333333333,"2025-07-08",419
"2025-07-08","Night","8:18 PM","10:59 PM","Frog","Hylidae",NA,"Boana","Terrafirme","Gladiator Treefrogs","FG569","YRS","NAPO-02","Pantano-Napo-Bariso-Timatai-Tinamou-Botanico-Gran Ficus-Botanico","U","2025-07-08 20:18:00","2025-07-08","2025-07-08 22:59:00",2.68333333333333,"2025-07-08",419
"2025-07-08","Night","8:18 PM","10:59 PM","Frog","Hylidae","yasuni","Osteocephalus","Terrafirme","Yasuni Spiny-backed Treefrog","FG570","YRS","NAPO-03","Pantano-Napo-Bariso-Timatai-Tinamou-Botanico-Gran Ficus-Botanico","G","2025-07-08 20:18:00","2025-07-08","2025-07-08 22:59:00",2.68333333333333,"2025-07-08",157
"2025-07-08","Night","8:18 PM","10:59 PM","Frog","Dendrobatidae","hahneli","Ameerega","Terrafirme","Pale-striped Poison Frog","FG571","YRS","NAPO-03","Pantano-Napo-Bariso-Timatai-Tinamou-Botanico-Gran Ficus-Botanico","G","2025-07-08 20:18:00","2025-07-08","2025-07-08 22:59:00",2.68333333333333,"2025-07-08",157
"2025-07-08","Night","8:18 PM","10:59 PM","Frog","Bufonidae","margaritifera","Rhinella","Terrafirme","South American Common Toad","FG572","YRS","NAPO-03","Pantano-Napo-Bariso-Timatai-Tinamou-Botanico-Gran Ficus-Botanico","U","2025-07-08 20:18:00","2025-07-08","2025-07-08 22:59:00",2.68333333333333,"2025-07-08",157
"2025-07-08","Night","8:18 PM","10:59 PM","Frog","Hylidae","yasuni","Osteocephalus","Terrafirme","Yasuni Spiny-backed Treefrog","FG573","YRS","TINA-02","Pantano-Napo-Bariso-Timatai-Tinamou-Botanico-Gran Ficus-Botanico","U","2025-07-08 20:18:00","2025-07-08","2025-07-08 22:59:00",2.68333333333333,"2025-07-08",509
"2025-07-08","Night","8:18 PM","10:59 PM","Frog","Dendrobatidae","bilinguis","Ameerega","Terrafirme","Ecuador Poison Frog","FG574","YRS","BOTA-02","Pantano-Napo-Bariso-Timatai-Tinamou-Botanico-Gran Ficus-Botanico","U","2025-07-08 20:18:00","2025-07-08","2025-07-08 22:59:00",2.68333333333333,"2025-07-08",69
"2025-07-08","Night","8:18 PM","10:59 PM","Frog","Bufonidae","margaritifera","Rhinella","Terrafirme","South American Common Toad","FG575","YRS","BOTA-02","Pantano-Napo-Bariso-Timatai-Tinamou-Botanico-Gran Ficus-Botanico","U","2025-07-08 20:18:00","2025-07-08","2025-07-08 22:59:00",2.68333333333333,"2025-07-08",69
"2025-07-08","Night","8:18 PM","10:59 PM","Lizard","Anolidae","scypheus","Anolis","Terrafirme","Yellow-tongued Anole","LZ147","YRS","GRFI-01","Pantano-Napo-Bariso-Timatai-Tinamou-Botanico-Gran Ficus-Botanico","U","2025-07-08 20:18:00","2025-07-08","2025-07-08 22:59:00",2.68333333333333,"2025-07-08",96
"2025-07-08","Night","8:18 PM","10:59 PM","Salamander","Plethodontidae","altamazonica","Bolitoglossa","Terrafirme","Amazon Climbing Salamander","SL72","YRS","GRFI-01","Pantano-Napo-Bariso-Timatai-Tinamou-Botanico-Gran Ficus-Botanico","U","2025-07-08 20:18:00","2025-07-08","2025-07-08 22:59:00",2.68333333333333,"2025-07-08",96
"2025-07-11","Night","8:14 PM","10:40 PM","Frog","Leptodactylidae","andreae","Adenomera","Varzea","Cocha Chirping Frog","FG576","YRS","GAWA-01","Gawape-Chorongo-Kinkajou","G","2025-07-11 20:14:00","2025-07-11","2025-07-11 22:40:00",2.43333333333333,"2025-07-11",272
"2025-07-11","Night","8:14 PM","10:40 PM","Frog","Hylidae","yasuni","Osteocephalus","Varzea","Yasuni Spiny-backed Treefrog","FG577","YRS","GAWA-01","Gawape-Chorongo-Kinkajou","U","2025-07-11 20:14:00","2025-07-11","2025-07-11 22:40:00",2.43333333333333,"2025-07-11",272
"2025-07-11","Night","8:14 PM","10:40 PM","Frog","Craugastoridae","quixensis","Oreobates","Varzea","Common Big-headed Frog","FG578","YRS","GAWA-01","Gawape-Chorongo-Kinkajou","G","2025-07-11 20:14:00","2025-07-11","2025-07-11 22:40:00",2.43333333333333,"2025-07-11",272
"2025-07-11","Night","8:14 PM","10:40 PM","Frog","Hylidae",NA,"Osteocephalus","Varzea","Broad-headed Treefrogs","FG579","YRS","GAWA-01","Gawape-Chorongo-Kinkajou","U","2025-07-11 20:14:00","2025-07-11","2025-07-11 22:40:00",2.43333333333333,"2025-07-11",272
"2025-07-11","Night","8:14 PM","10:40 PM","Lizard","Anolidae","fuscoauratus","Anolis","Varzea","Brown-eared Anole","LZ148","YRS","GAWA-01","Gawape-Chorongo-Kinkajou","U","2025-07-11 20:14:00","2025-07-11","2025-07-11 22:40:00",2.43333333333333,"2025-07-11",272
"2025-07-11","Night","8:14 PM","10:40 PM","Frog","Hylidae",NA,"Osteocephalus","Varzea","Broad-headed Treefrogs","FG580","YRS","GAWA-01","Gawape-Chorongo-Kinkajou","U","2025-07-11 20:14:00","2025-07-11","2025-07-11 22:40:00",2.43333333333333,"2025-07-11",272
"2025-07-11","Night","8:14 PM","10:40 PM","Frog",NA,NA,NA,"Varzea","","FG581","YRS","GAWA-02","Gawape-Chorongo-Kinkajou","U","2025-07-11 20:14:00","2025-07-11","2025-07-11 22:40:00",2.43333333333333,"2025-07-11",650
"2025-07-11","Night","8:14 PM","10:40 PM","Frog","Hylidae",NA,"Osteocephalus","Varzea","Broad-headed Treefrogs","FG582","YRS","GAWA-02","Gawape-Chorongo-Kinkajou","U","2025-07-11 20:14:00","2025-07-11","2025-07-11 22:40:00",2.43333333333333,"2025-07-11",650
"2025-07-11","Night","8:14 PM","10:40 PM","Frog","Hylidae",NA,"Osteocephalus","Varzea","Broad-headed Treefrogs","FG583","YRS","GAWA-02","Gawape-Chorongo-Kinkajou","U","2025-07-11 20:14:00","2025-07-11","2025-07-11 22:40:00",2.43333333333333,"2025-07-11",650
"2025-07-11","Night","8:14 PM","10:40 PM","Frog","Hylidae","geographicans","Boana","Varzea","Map Treefrog","FG584","YRS","GAWA-02","Gawape-Chorongo-Kinkajou","U","2025-07-11 20:14:00","2025-07-11","2025-07-11 22:40:00",2.43333333333333,"2025-07-11",650
"2025-07-11","Night","8:14 PM","10:40 PM","Frog","Ranidae","palmipes","Lithobates","Varzea","Amazon River Frog","FG585","YRS","GAWA-03","Gawape-Chorongo-Kinkajou","G","2025-07-11 20:14:00","2025-07-11","2025-07-11 22:40:00",2.43333333333333,"2025-07-11",692
"2025-07-11","Night","8:14 PM","10:40 PM","Frog","Ranidae","palmipes","Lithobates","Varzea","Amazon River Frog","FG586","YRS","GAWA-03","Gawape-Chorongo-Kinkajou","G","2025-07-11 20:14:00","2025-07-11","2025-07-11 22:40:00",2.43333333333333,"2025-07-11",692
"2025-07-11","Night","8:14 PM","10:40 PM","Frog","Ranidae","palmipes","Lithobates","Varzea","Amazon River Frog","FG587","YRS","GAWA-03","Gawape-Chorongo-Kinkajou","G","2025-07-11 20:14:00","2025-07-11","2025-07-11 22:40:00",2.43333333333333,"2025-07-11",692
"2025-07-11","Night","8:14 PM","10:40 PM","Frog","Leptodactylidae","andreae","Adenomera","Varzea","Cocha Chirping Frog","FG588","YRS","GAWA-03","Gawape-Chorongo-Kinkajou","G","2025-07-11 20:14:00","2025-07-11","2025-07-11 22:40:00",2.43333333333333,"2025-07-11",692
"2025-07-11","Night","8:14 PM","10:40 PM","Frog","Leptodactylidae","andreae","Adenomera","Varzea","Cocha Chirping Frog","FG589","YRS","GAWA-03","Gawape-Chorongo-Kinkajou","G","2025-07-11 20:14:00","2025-07-11","2025-07-11 22:40:00",2.43333333333333,"2025-07-11",692
"2025-07-12","Afternoon","2:48 PM","4:20 PM","Frog","Leptodactylidae","perezi","Edalorhina","Terrafirme","Perez's Snouted Frog","FG590","YRS","FPPE-06","Forest Plot Perimeter-Forest Plot Interior-Forest Plot Perimeter","G","2025-07-12 14:48:00","2025-07-12","2025-07-12 16:20:00",1.53333333333333,"2025-07-12",69
"2025-07-12","Afternoon","2:48 PM","4:20 PM","Frog","Dendrobatidae","bilinguis","Ameerega","Terrafirme","Ecuador Poison Frog","FG591","YRS","FPPE-01","Forest Plot Perimeter-Forest Plot Interior-Forest Plot Perimeter","G","2025-07-12 14:48:00","2025-07-12","2025-07-12 16:20:00",1.53333333333333,"2025-07-12",171
"2025-07-13","Night","8:51 PM","10:41 PM","Frog","Bufonidae","margaritifera","Rhinella","Varzea","South American Common Toad","FG592","YRS","BOTA-01","Botanico-Tinamou-Napo-Timatai-Bariso","U","2025-07-13 20:51:00","2025-07-13","2025-07-13 22:41:00",1.83333333333333,"2025-07-13",142
"2025-07-13","Night","8:51 PM","10:41 PM","Frog","Leptodactylidae",NA,"Leptodactylus","Varzea","Neotropical Grass Frogs","FG593","YRS","TINA-02","Botanico-Tinamou-Napo-Timatai-Bariso","G","2025-07-13 20:51:00","2025-07-13","2025-07-13 22:41:00",1.83333333333333,"2025-07-13",509
"2025-07-13","Night","8:51 PM","10:41 PM","Frog","Hylidae",NA,"Osteocephalus","Varzea","Broad-headed Treefrogs","FG594","YRS","TINA-02","Botanico-Tinamou-Napo-Timatai-Bariso","","2025-07-13 20:51:00","2025-07-13","2025-07-13 22:41:00",1.83333333333333,"2025-07-13",509
"2025-07-13","Night","8:51 PM","10:41 PM","Frog","Craugastoridae","kichwarum","Pristimantis","Terrafirme","Jatun Sacha Rain Frog","FG595","YRS","TINA-02","Botanico-Tinamou-Napo-Timatai-Bariso","U","2025-07-13 20:51:00","2025-07-13","2025-07-13 22:41:00",1.83333333333333,"2025-07-13",509
"2025-07-13","Night","8:51 PM","10:41 PM","Frog","Craugastoridae","quixensis","Oreobates","Terrafirme","Common Big-headed Frog","FG596","YRS","TINA-02","Botanico-Tinamou-Napo-Timatai-Bariso","G","2025-07-13 20:51:00","2025-07-13","2025-07-13 22:41:00",1.83333333333333,"2025-07-13",509
"2025-07-13","Night","8:51 PM","10:41 PM","Frog","Dendrobatidae","bilinguis","Ameerega","Terrafirme","Ecuador Poison Frog","FG597","YRS","TINA-02","Botanico-Tinamou-Napo-Timatai-Bariso","G","2025-07-13 20:51:00","2025-07-13","2025-07-13 22:41:00",1.83333333333333,"2025-07-13",509
"2025-07-13","Night","8:51 PM","10:41 PM","Frog","Bufonidae","margaritifera","Rhinella","Terrafirme","South American Common Toad","FG598","YRS","TINA-02","Botanico-Tinamou-Napo-Timatai-Bariso","U","2025-07-13 20:51:00","2025-07-13","2025-07-13 22:41:00",1.83333333333333,"2025-07-13",509
"2025-07-13","Night","8:51 PM","10:41 PM","Frog","Hylidae","appendiculata","Boana","Terrafirme","Canelos Treefrog","FG599","YRS","NAPO-02","Botanico-Tinamou-Napo-Timatai-Bariso","U","2025-07-13 20:51:00","2025-07-13","2025-07-13 22:41:00",1.83333333333333,"2025-07-13",419
"2025-07-13","Night","8:51 PM","10:41 PM","Frog","Craugastoridae","quixensis","Oreobates","Terrafirme","Common Big-headed Frog","FG600","YRS","NAPO-02","Botanico-Tinamou-Napo-Timatai-Bariso","G","2025-07-13 20:51:00","2025-07-13","2025-07-13 22:41:00",1.83333333333333,"2025-07-13",419
"2025-07-13","Night","8:51 PM","10:41 PM","Frog","Craugastoridae",NA,"Pristimantis","Terrafirme","Rain and Robber Frogs","FG601","YRS","NAPO-02","Botanico-Tinamou-Napo-Timatai-Bariso","U","2025-07-13 20:51:00","2025-07-13","2025-07-13 22:41:00",1.83333333333333,"2025-07-13",419
"2025-07-13","Night","8:51 PM","10:41 PM","Frog","Hylidae",NA,NA,"Terrafirme","Tree Frogs and Allies","FG602","YRS","TIMA-01","Botanico-Tinamou-Napo-Timatai-Bariso","U","2025-07-13 20:51:00","2025-07-13","2025-07-13 22:41:00",1.83333333333333,"2025-07-13",128
"2025-07-13","Night","8:51 PM","10:41 PM","Frog","Microhylidae","bassleri","Chiasmocleis","Terrafirme","Bassler's Humming Frog","FG603","YRS","TIMA-01","Botanico-Tinamou-Napo-Timatai-Bariso","G","2025-07-13 20:51:00","2025-07-13","2025-07-13 22:41:00",1.83333333333333,"2025-07-13",128
"2025-07-13","Night","8:51 PM","10:41 PM","Lizard","Anolidae","scypheus","Anolis","Varzea","Yellow-tongued Anole","LZ149","YRS","BARI-01","Botanico-Tinamou-Napo-Timatai-Bariso","U","2025-07-13 20:51:00","2025-07-13","2025-07-13 22:41:00",1.83333333333333,"2025-07-13",340
"2025-07-13","Night","8:51 PM","10:41 PM","Frog","Hylidae",NA,"Osteocephalus","Varzea","Broad-headed Treefrogs","FG604","YRS","BARI-01","Botanico-Tinamou-Napo-Timatai-Bariso","U","2025-07-13 20:51:00","2025-07-13","2025-07-13 22:41:00",1.83333333333333,"2025-07-13",340
"2025-07-14","Afternoon","2:15 PM","4:00 PM","Frog","Craugastoridae",NA,"Pristimantis","Varzea","Rain and Robber Frogs","FG605","YRS","GAWA-01","Gawape-Chorongo","G","2025-07-14 14:15:00","2025-07-14","2025-07-14 16:00:00",1.75,"2025-07-14",272
"2025-07-14","Afternoon","2:15 PM","4:00 PM","Frog","Craugastoridae",NA,"Pristimantis","Varzea","Rain and Robber Frogs","FG606","YRS","GAWA-01","Gawape-Chorongo","G","2025-07-14 14:15:00","2025-07-14","2025-07-14 16:00:00",1.75,"2025-07-14",272
"2025-07-14","Afternoon","2:15 PM","4:00 PM","Frog","Bufonidae","margaritifera","Rhinella","Terrafirme","South American Common Toad","FG607","YRS","GAWA-02","Gawape-Chorongo","G","2025-07-14 14:15:00","2025-07-14","2025-07-14 16:00:00",1.75,"2025-07-14",650
"2025-07-14","Afternoon","2:15 PM","4:00 PM","Frog","Dendrobatidae","ventrimaculata","Ranitomeya","Terrafirme","Reticulated Poison Frog","FG608","YRS","YCHO-02","Gawape-Chorongo","G","2025-07-14 14:15:00","2025-07-14","2025-07-14 16:00:00",1.75,"2025-07-14",691
"2025-07-14","Night","8:34 PM","10:56 PM","Salamander","Plethodontidae","altamazonica","Bolitoglossa","Terrafirme","Amazon Climbing Salamander","SL73","YRS","MIRA-04","Mirador","U","2025-07-14 20:34:00","2025-07-14","2025-07-14 22:56:00",2.36666666666667,"2025-07-14",760
"2025-07-14","Night","8:34 PM","10:56 PM","Frog","Hylidae",NA,NA,"Varzea","Tree Frogs and Allies","FG609","YRS","MIRA-04","Mirador","U","2025-07-14 20:34:00","2025-07-14","2025-07-14 22:56:00",2.36666666666667,"2025-07-14",760
"2025-07-14","Night","8:34 PM","10:56 PM","Frog","Bufonidae","margaritifera","Rhinella","Varzea","South American Common Toad","FG610","YRS","MIRA-03","Mirador","U","2025-07-14 20:34:00","2025-07-14","2025-07-14 22:56:00",2.36666666666667,"2025-07-14",158
"2025-07-14","Night","8:34 PM","10:56 PM","Frog","Bufonidae","margaritifera","Rhinella","Varzea","South American Common Toad","FG611","YRS","MIRA-03","Mirador","U","2025-07-14 20:34:00","2025-07-14","2025-07-14 22:56:00",2.36666666666667,"2025-07-14",158
"2025-07-14","Night","8:34 PM","10:56 PM","Frog","Hylidae",NA,"Boana","Varzea","Gladiator Treefrogs","FG612","YRS","MIRA-03","Mirador","U","2025-07-14 20:34:00","2025-07-14","2025-07-14 22:56:00",2.36666666666667,"2025-07-14",158
"2025-07-14","Night","8:34 PM","10:56 PM","Frog","Microhylidae","bassleri","Chiasmocleis","Terrafirme","Bassler's Humming Frog","FG613","YRS","MIRA-02","Mirador","G","2025-07-14 20:34:00","2025-07-14","2025-07-14 22:56:00",2.36666666666667,"2025-07-14",592
"2025-07-14","Night","8:34 PM","10:56 PM","Frog","Hylidae",NA,"Osteocephalus","Varzea","Broad-headed Treefrogs","FG614","YRS","MIRA-02","Mirador","U","2025-07-14 20:34:00","2025-07-14","2025-07-14 22:56:00",2.36666666666667,"2025-07-14",592
"2025-07-14","Night","8:34 PM","10:56 PM","Salamander","Plethodontidae","altamazonica","Bolitoglossa","Terrafirme","Amazon Climbing Salamander","SL74","YRS","MIRA-02","Mirador","U","2025-07-14 20:34:00","2025-07-14","2025-07-14 22:56:00",2.36666666666667,"2025-07-14",592
"2025-07-14","Night","8:34 PM","10:56 PM","Salamander","Plethodontidae","altamazonica","Bolitoglossa","Terrafirme","Amazon Climbing Salamander","SL75","YRS","MIRA-02","Mirador","U","2025-07-14 20:34:00","2025-07-14","2025-07-14 22:56:00",2.36666666666667,"2025-07-14",592
"2025-07-14","Night","8:34 PM","10:56 PM","Salamander","Plethodontidae","altamazonica","Bolitoglossa","Terrafirme","Amazon Climbing Salamander","SL76","YRS","MIRA-02","Mirador","U","2025-07-14 20:34:00","2025-07-14","2025-07-14 22:56:00",2.36666666666667,"2025-07-14",592
"2025-07-14","Night","8:34 PM","10:56 PM","Lizard","Gymnophthalmidae","parietalis","Loxopholis","Terrafirme","Common Root Teju","LZ150","YRS","MIRA-02","Mirador","G","2025-07-14 20:34:00","2025-07-14","2025-07-14 22:56:00",2.36666666666667,"2025-07-14",592
"2025-07-14","Night","8:34 PM","10:56 PM","Frog","Hylidae",NA,"Boana","Terrafirme","Gladiator Treefrogs","FG615","YRS","MIRA-02","Mirador","U","2025-07-14 20:34:00","2025-07-14","2025-07-14 22:56:00",2.36666666666667,"2025-07-14",592
"2025-07-14","Night","8:34 PM","10:56 PM","Frog","Dendrobatidae","hahneli","Ameerega","Varzea","Pale-striped Poison Frog","FG616","YRS","MIRA-01","Mirador","G","2025-07-14 20:34:00","2025-07-14","2025-07-14 22:56:00",2.36666666666667,"2025-07-14",550
"2025-07-14","Night","8:34 PM","10:56 PM","Frog",NA,NA,NA,"Varzea","","FG617","YRS","MIRA-01","Mirador","U","2025-07-14 20:34:00","2025-07-14","2025-07-14 22:56:00",2.36666666666667,"2025-07-14",550
"2025-07-14","Night","8:34 PM","10:56 PM","Frog","Leptodactylidae","andreae","Adenomera","Varzea","Cocha Chirping Frog","FG618","YRS","MIRA-01","Mirador","G","2025-07-14 20:34:00","2025-07-14","2025-07-14 22:56:00",2.36666666666667,"2025-07-14",550
"2025-07-14","Night","8:34 PM","10:56 PM","Frog","Dendrobatidae","hahneli","Ameerega","Varzea","Pale-striped Poison Frog","FG619","YRS","MIRA-01","Mirador","G","2025-07-14 20:34:00","2025-07-14","2025-07-14 22:56:00",2.36666666666667,"2025-07-14",550
"2025-07-14","Night","8:34 PM","10:56 PM","Lizard","Gymnophthalmidae","parietalis","Loxopholis","Varzea","Common Root Teju","LZ151","YRS","MIRA-01","Mirador","G","2025-07-14 20:34:00","2025-07-14","2025-07-14 22:56:00",2.36666666666667,"2025-07-14",550
"2025-07-14","Night","8:34 PM","10:56 PM","Frog","Hylidae","yasuni","Osteocephalus","Terrafirme","Yasuni Spiny-backed Treefrog","FG620","YRS","MIRA-01","Mirador","U","2025-07-14 20:34:00","2025-07-14","2025-07-14 22:56:00",2.36666666666667,"2025-07-14",550
"2025-07-14","Night","8:34 PM","10:56 PM","Frog","Hylidae","cannatellai","Osteocephalus","Terrafirme","Cannatella's Spiny-backed Frog","FG621","YRS","MIRA-01","Mirador","U","2025-07-14 20:34:00","2025-07-14","2025-07-14 22:56:00",2.36666666666667,"2025-07-14",550
"2025-07-14","Night","8:34 PM","10:56 PM","Salamander","Plethodontidae","altamazonica","Bolitoglossa","Terrafirme","Amazon Climbing Salamander","SL77","YRS","MIRA-01","Mirador","U","2025-07-14 20:34:00","2025-07-14","2025-07-14 22:56:00",2.36666666666667,"2025-07-14",550
"2025-07-14","Night","8:34 PM","10:56 PM","Frog","Bufonidae","margaritifera","Rhinella","Varzea","South American Common Toad","FG622","YRS","MIRA-01","Mirador","U","2025-07-14 20:34:00","2025-07-14","2025-07-14 22:56:00",2.36666666666667,"2025-07-14",550
"2025-07-15","Afternoon","2:24 PM","4:16 PM","Frog","Bufonidae","margaritifera","Rhinella","Terrafirme","South American Common Toad","FG623","YRS","NAPO-04","Napo-Tinamou-Botanico","G","2025-07-15 14:24:00","2025-07-15","2025-07-15 16:16:00",1.86666666666667,"2025-07-15",220
"2025-07-15","Afternoon","2:24 PM","4:16 PM","Frog","Bufonidae","margaritifera","Rhinella","Terrafirme","South American Common Toad","FG624","YRS","NAPO-04","Napo-Tinamou-Botanico","G","2025-07-15 14:24:00","2025-07-15","2025-07-15 16:16:00",1.86666666666667,"2025-07-15",220
"2025-07-15","Afternoon","2:24 PM","4:16 PM","Frog","Dendrobatidae","bilinguis","Ameerega","Terrafirme","Ecuador Poison Frog","FG625","YRS","NAPO-04","Napo-Tinamou-Botanico","G","2025-07-15 14:24:00","2025-07-15","2025-07-15 16:16:00",1.86666666666667,"2025-07-15",220
"2025-07-15","Afternoon","2:24 PM","4:16 PM","Frog","Dendrobatidae","bilinguis","Ameerega","Terrafirme","Ecuador Poison Frog","FG626","YRS","NAPO-04","Napo-Tinamou-Botanico","G","2025-07-15 14:24:00","2025-07-15","2025-07-15 16:16:00",1.86666666666667,"2025-07-15",220
"2025-07-15","Afternoon","2:24 PM","4:16 PM","Frog","Bufonidae","margaritifera","Rhinella","Terrafirme","South American Common Toad","FG627","YRS","NAPO-03","Napo-Tinamou-Botanico","G","2025-07-15 14:24:00","2025-07-15","2025-07-15 16:16:00",1.86666666666667,"2025-07-15",157
"2025-07-15","Afternoon","2:24 PM","4:16 PM","Frog","Bufonidae","margaritifera","Rhinella","Terrafirme","South American Common Toad","FG628","YRS","NAPO-03","Napo-Tinamou-Botanico","G","2025-07-15 14:24:00","2025-07-15","2025-07-15 16:16:00",1.86666666666667,"2025-07-15",157
"2025-07-15","Afternoon","2:24 PM","4:16 PM","Frog","Dendrobatidae","hahneli","Ameerega","Terrafirme","Pale-striped Poison Frog","FG629","YRS","NAPO-03","Napo-Tinamou-Botanico","G","2025-07-15 14:24:00","2025-07-15","2025-07-15 16:16:00",1.86666666666667,"2025-07-15",157
"2025-07-15","Afternoon","2:24 PM","4:16 PM","Frog",NA,NA,NA,"Terrafirme","","FG630","YRS","NAPO-02","Napo-Tinamou-Botanico","G","2025-07-15 14:24:00","2025-07-15","2025-07-15 16:16:00",1.86666666666667,"2025-07-15",419
"2025-07-15","Afternoon","2:24 PM","4:16 PM","Frog","Dendrobatidae","bilinguis","Ameerega","Terrafirme","Ecuador Poison Frog","FG631","YRS","NAPO-02","Napo-Tinamou-Botanico","G","2025-07-15 14:24:00","2025-07-15","2025-07-15 16:16:00",1.86666666666667,"2025-07-15",419
"2025-07-15","Afternoon","2:24 PM","4:16 PM","Frog","Dendrobatidae","bilinguis","Ameerega","Terrafirme","Ecuador Poison Frog","FG632","YRS","NAPO-02","Napo-Tinamou-Botanico","G","2025-07-15 14:24:00","2025-07-15","2025-07-15 16:16:00",1.86666666666667,"2025-07-15",419
"2025-07-15","Afternoon","2:24 PM","4:16 PM","Lizard","Gymnophthalmidae","parietalis","Loxopholis","Terrafirme","Common Root Teju","LZ152","YRS","NAPO-02","Napo-Tinamou-Botanico","G","2025-07-15 14:24:00","2025-07-15","2025-07-15 16:16:00",1.86666666666667,"2025-07-15",419
"2025-07-15","Afternoon","2:24 PM","4:16 PM","Frog","Dendrobatidae","hahneli","Ameerega","Terrafirme","Pale-striped Poison Frog","FG633","YRS","NAPO-01","Napo-Tinamou-Botanico","G","2025-07-15 14:24:00","2025-07-15","2025-07-15 16:16:00",1.86666666666667,"2025-07-15",135
"2025-07-15","Afternoon","2:24 PM","4:16 PM","Frog","Bufonidae","margaritifera","Rhinella","Varzea","South American Common Toad","FG634","YRS","TINA-02","Napo-Tinamou-Botanico","G","2025-07-15 14:24:00","2025-07-15","2025-07-15 16:16:00",1.86666666666667,"2025-07-15",509
"2025-07-15","Afternoon","2:24 PM","4:16 PM","Frog","Dendrobatidae","bilinguis","Ameerega","Terrafirme","Ecuador Poison Frog","FG635","YRS","BOTA-03","Napo-Tinamou-Botanico","G","2025-07-15 14:24:00","2025-07-15","2025-07-15 16:16:00",1.86666666666667,"2025-07-15",250
"2025-07-15","Afternoon","2:24 PM","4:16 PM","Frog","Bufonidae","margaritifera","Rhinella","Terrafirme","South American Common Toad","FG636","YRS","BOTA-01","Napo-Tinamou-Botanico","G","2025-07-15 14:24:00","2025-07-15","2025-07-15 16:16:00",1.86666666666667,"2025-07-15",142
"2025-07-15","Night","8:30 PM","10:12 PM","Salamander","Plethodontidae","altamazonica","Bolitoglossa","Varzea","Amazon Climbing Salamander","SL78","YRS","YCHO-01","Chorongo-Kinkajou-Napo","U","2025-07-15 20:30:00","2025-07-15","2025-07-15 22:12:00",1.7,"2025-07-15",1230
"2025-07-15","Night","8:30 PM","10:12 PM","Frog","Craugastoridae",NA,"Pristimantis","Terrafirme","Rain and Robber Frogs","FG637","YRS","YCHO-01","Chorongo-Kinkajou-Napo","U","2025-07-15 20:30:00","2025-07-15","2025-07-15 22:12:00",1.7,"2025-07-15",1230
"2025-07-15","Night","8:30 PM","10:12 PM","Frog","Microhylidae","bassleri","Chiasmocleis","Terrafirme","Bassler's Humming Frog","FG638","YRS","YCHO-01","Chorongo-Kinkajou-Napo","G","2025-07-15 20:30:00","2025-07-15","2025-07-15 22:12:00",1.7,"2025-07-15",1230
"2025-07-15","Night","8:30 PM","10:12 PM","Salamander","Plethodontidae","altamazonica","Bolitoglossa","Terrafirme","Amazon Climbing Salamander","SL79","YRS","KINK-01","Chorongo-Kinkajou-Napo","U","2025-07-15 20:30:00","2025-07-15","2025-07-15 22:12:00",1.7,"2025-07-15",321
"2025-07-15","Night","8:30 PM","10:12 PM","Frog","Craugastoridae",NA,"Pristimantis","Terrafirme","Rain and Robber Frogs","FG639","YRS","KINK-01","Chorongo-Kinkajou-Napo","U","2025-07-15 20:30:00","2025-07-15","2025-07-15 22:12:00",1.7,"2025-07-15",321
"2025-07-15","Night","8:30 PM","10:12 PM","Frog","Leptodactylidae","petersi","Engystomops","Terrafirme","Painted Forest Toadlet","FG640","YRS","NAPO-05","Chorongo-Kinkajou-Napo","U","2025-07-15 20:30:00","2025-07-15","2025-07-15 22:12:00",1.7,"2025-07-15",243
"2025-07-15","Night","8:30 PM","10:12 PM","Frog","Bufonidae","margaritifera","Rhinella","Terrafirme","South American Common Toad","FG641","YRS","NAPO-06","Chorongo-Kinkajou-Napo","U","2025-07-15 20:30:00","2025-07-15","2025-07-15 22:12:00",1.7,"2025-07-15",290
"2025-07-15","Night","8:30 PM","10:12 PM","Salamander","Plethodontidae","altamazonica","Bolitoglossa","Terrafirme","Amazon Climbing Salamander","SL80","YRS","NAPO-06","Chorongo-Kinkajou-Napo","U","2025-07-15 20:30:00","2025-07-15","2025-07-15 22:12:00",1.7,"2025-07-15",290
"2025-07-15","Night","8:30 PM","10:12 PM","Frog","Bufonidae","margaritifera","Rhinella","Terrafirme","South American Common Toad","FG642","YRS","NAPO-06","Chorongo-Kinkajou-Napo","U","2025-07-15 20:30:00","2025-07-15","2025-07-15 22:12:00",1.7,"2025-07-15",290
"2025-07-15","Night","8:30 PM","10:12 PM","Frog","Bufonidae","margaritifera","Rhinella","Terrafirme","South American Common Toad","FG643","YRS","NAPO-06","Chorongo-Kinkajou-Napo","U","2025-07-15 20:30:00","2025-07-15","2025-07-15 22:12:00",1.7,"2025-07-15",290
"2025-07-15","Night","8:30 PM","10:12 PM","Frog","Leptodactylidae","petersi","Engystomops","Terrafirme","Painted Forest Toadlet","FG644","YRS","NAPO-06","Chorongo-Kinkajou-Napo","U","2025-07-15 20:30:00","2025-07-15","2025-07-15 22:12:00",1.7,"2025-07-15",290
"2025-07-16","Night","8:21 PM","10:24 PM","Frog","Hylidae",NA,"Osteocephalus","Terrafirme","Broad-headed Treefrogs","FG645","YRS","COCA-01","Coca-Ceiba-Peru-Renacuajo-Mirador","U","2025-07-16 20:21:00","2025-07-16","2025-07-16 22:24:00",2.05,"2025-07-16",301
"2025-07-16","Night","8:21 PM","10:24 PM","Frog","Hylidae","yasuni","Osteocephalus","Terrafirme","Yasuni Spiny-backed Treefrog","FG646","YRS","COCA-01","Coca-Ceiba-Peru-Renacuajo-Mirador","U","2025-07-16 20:21:00","2025-07-16","2025-07-16 22:24:00",2.05,"2025-07-16",301
"2025-07-16","Night","8:21 PM","10:24 PM","Frog","Hylidae","appendiculata","Boana","Terrafirme","Canelos Treefrog","FG647","YRS","CEIB-02","Coca-Ceiba-Peru-Renacuajo-Mirador","U","2025-07-16 20:21:00","2025-07-16","2025-07-16 22:24:00",2.05,"2025-07-16",463
"2025-07-16","Night","8:21 PM","10:24 PM","Frog","Hylidae","yasuni","Osteocephalus","Terrafirme","Yasuni Spiny-backed Treefrog","FG648","YRS","CEIB-02","Coca-Ceiba-Peru-Renacuajo-Mirador","U","2025-07-16 20:21:00","2025-07-16","2025-07-16 22:24:00",2.05,"2025-07-16",463
"2025-07-16","Night","8:21 PM","10:24 PM","Frog","Hylidae",NA,NA,"Terrafirme","Tree Frogs and Allies","FG649","YRS","CEIB-02","Coca-Ceiba-Peru-Renacuajo-Mirador","U","2025-07-16 20:21:00","2025-07-16","2025-07-16 22:24:00",2.05,"2025-07-16",463
"2025-07-16","Night","8:21 PM","10:24 PM","Lizard","Phyllodactylidae","solimoensis","Thecadactylus","Terrafirme","Turniptail Gecko","LZ153","YRS","PERU-01","Coca-Ceiba-Peru-Renacuajo-Mirador","U","2025-07-16 20:21:00","2025-07-16","2025-07-16 22:24:00",2.05,"2025-07-16",250
"2025-07-16","Night","8:21 PM","10:24 PM","Salamander","Plethodontidae","altamazonica","Bolitoglossa","Terrafirme","Amazon Climbing Salamander","SL81","YRS","PERU-01","Coca-Ceiba-Peru-Renacuajo-Mirador","U","2025-07-16 20:21:00","2025-07-16","2025-07-16 22:24:00",2.05,"2025-07-16",250
"2025-07-16","Night","8:21 PM","10:24 PM","Salamander","Plethodontidae","altamazonica","Bolitoglossa","Terrafirme","Amazon Climbing Salamander","SL82","YRS","RENA-01","Coca-Ceiba-Peru-Renacuajo-Mirador","U","2025-07-16 20:21:00","2025-07-16","2025-07-16 22:24:00",2.05,"2025-07-16",272
"2025-07-16","Night","8:21 PM","10:24 PM","Frog","Hylidae",NA,"Osteocephalus","Terrafirme","Broad-headed Treefrogs","FG650","YRS","RENA-01","Coca-Ceiba-Peru-Renacuajo-Mirador","U","2025-07-16 20:21:00","2025-07-16","2025-07-16 22:24:00",2.05,"2025-07-16",272
"2025-07-16","Night","8:21 PM","10:24 PM","Frog","Craugastoridae",NA,"Pristimantis","Terrafirme","Rain and Robber Frogs","FG651","YRS","RENA-01","Coca-Ceiba-Peru-Renacuajo-Mirador","U","2025-07-16 20:21:00","2025-07-16","2025-07-16 22:24:00",2.05,"2025-07-16",272
"2025-07-16","Night","8:21 PM","10:24 PM","Frog","Hylidae","yasuni","Osteocephalus","Varzea","Yasuni Spiny-backed Treefrog","FG652","YRS","MIRA-01","Coca-Ceiba-Peru-Renacuajo-Mirador","U","2025-07-16 20:21:00","2025-07-16","2025-07-16 22:24:00",2.05,"2025-07-16",550
"2025-07-16","Night","8:21 PM","10:24 PM","Frog","Microhylidae","bassleri","Chiasmocleis","Varzea","Bassler's Humming Frog","FG653","YRS","MIRA-01","Coca-Ceiba-Peru-Renacuajo-Mirador","G","2025-07-16 20:21:00","2025-07-16","2025-07-16 22:24:00",2.05,"2025-07-16",550
"2025-07-16","Night","8:21 PM","10:24 PM","Lizard","Hoplocercidae","laticeps","Enyalioides","Varzea","Broad-headed Wood Lizard","LZ154","YRS","MIRA-01","Coca-Ceiba-Peru-Renacuajo-Mirador","U","2025-07-16 20:21:00","2025-07-16","2025-07-16 22:24:00",2.05,"2025-07-16",550
"2025-07-16","Night","8:21 PM","10:24 PM","Frog","Microhylidae","bassleri","Chiasmocleis","Terrafirme","Bassler's Humming Frog","FG654","YRS","MIRA-01","Coca-Ceiba-Peru-Renacuajo-Mirador","G","2025-07-16 20:21:00","2025-07-16","2025-07-16 22:24:00",2.05,"2025-07-16",550
"2025-07-16","Night","8:21 PM","10:24 PM","Frog","Hylidae","yasuni","Osteocephalus","Varzea","Yasuni Spiny-backed Treefrog","FG655","YRS","MIRA-01","Coca-Ceiba-Peru-Renacuajo-Mirador","U","2025-07-16 20:21:00","2025-07-16","2025-07-16 22:24:00",2.05,"2025-07-16",550
"2024-06-17","Night","8:04 PM","12:11 AM","Frog","Craugastoridae","quixensis","Oreobates","Terrafirme","Common Big-headed Frog","FG01","TBS","MAPO-02","Matapalo-Murcielago-Matapalo-Chichico-Numa-Matapalo","G","2024-06-17 20:04:00","2024-06-17","2024-06-18 00:11:00",4.11666666666667,"2024-06-17",170
"2024-06-17","Night","8:04 PM","12:11 AM","Frog","Bufonidae","marina","Rhinella","Terrafirme","Cane Toad","FG02","TBS","MAPO-02","Matapalo-Murcielago-Matapalo-Chichico-Numa-Matapalo","G","2024-06-17 20:04:00","2024-06-17","2024-06-18 00:11:00",4.11666666666667,"2024-06-17",170
"2024-06-17","Night","8:04 PM","12:11 AM","Frog","Microhylidae","bassleri","Chiasmocleis","Terrafirme","Bassler's Humming Frog","FG03","TBS","MAPO-03","Matapalo-Murcielago-Matapalo-Chichico-Numa-Matapalo","G","2024-06-17 20:04:00","2024-06-17","2024-06-18 00:11:00",4.11666666666667,"2024-06-17",388
"2024-06-17","Night","8:04 PM","12:11 AM","Frog","Bufonidae","guttatus","Rhaebo","Terrafirme","Smooth-sided Toad","FG04","TBS","MAPO-03","Matapalo-Murcielago-Matapalo-Chichico-Numa-Matapalo","G","2024-06-17 20:04:00","2024-06-17","2024-06-18 00:11:00",4.11666666666667,"2024-06-17",388
"2024-06-17","Night","8:04 PM","12:11 AM","Frog","Bufonidae","guttatus","Rhaebo","Terrafirme","Smooth-sided Toad","FG05","TBS","MURC-02","Matapalo-Murcielago-Matapalo-Chichico-Numa-Matapalo","G","2024-06-17 20:04:00","2024-06-17","2024-06-18 00:11:00",4.11666666666667,"2024-06-17",122
"2024-06-17","Night","8:04 PM","12:11 AM","Frog","Bufonidae","guttatus","Rhaebo","Varzea","Smooth-sided Toad","FG06","TBS","MAPO-04","Matapalo-Murcielago-Matapalo-Chichico-Numa-Matapalo","G","2024-06-17 20:04:00","2024-06-17","2024-06-18 00:11:00",4.11666666666667,"2024-06-17",387
"2024-06-17","Night","8:04 PM","12:11 AM","Frog","Craugastoridae","quixensis","Oreobates","Terrafirme","Common Big-headed Frog","FG07","TBS","MAPO-04","Matapalo-Murcielago-Matapalo-Chichico-Numa-Matapalo","G","2024-06-17 20:04:00","2024-06-17","2024-06-18 00:11:00",4.11666666666667,"2024-06-17",387
"2024-06-17","Night","8:04 PM","12:11 AM","Frog","Bufonidae","margaritifera","Rhinella","Terrafirme","South American Common Toad","FG08","TBS","MAPO-04","Matapalo-Murcielago-Matapalo-Chichico-Numa-Matapalo","U","2024-06-17 20:04:00","2024-06-17","2024-06-18 00:11:00",4.11666666666667,"2024-06-17",387
"2024-06-17","Night","8:04 PM","12:11 AM","Frog","Craugastoridae","quixensis","Oreobates","Terrafirme","Common Big-headed Frog","FG09","TBS","MAPO-05","Matapalo-Murcielago-Matapalo-Chichico-Numa-Matapalo","G","2024-06-17 20:04:00","2024-06-17","2024-06-18 00:11:00",4.11666666666667,"2024-06-17",250
"2024-06-17","Night","8:04 PM","12:11 AM","Frog","Craugastoridae","quixensis","Oreobates","Terrafirme","Common Big-headed Frog","FG10","TBS","MAPO-06","Matapalo-Murcielago-Matapalo-Chichico-Numa-Matapalo","G","2024-06-17 20:04:00","2024-06-17","2024-06-18 00:11:00",4.11666666666667,"2024-06-17",359
"2024-06-17","Night","8:04 PM","12:11 AM","Frog","Craugastoridae","quixensis","Oreobates","Terrafirme","Common Big-headed Frog","FG11","TBS","MAPO-06","Matapalo-Murcielago-Matapalo-Chichico-Numa-Matapalo","G","2024-06-17 20:04:00","2024-06-17","2024-06-18 00:11:00",4.11666666666667,"2024-06-17",359
"2024-06-17","Night","8:04 PM","12:11 AM","Frog","Bufonidae","guttatus","Rhaebo","Terrafirme","Smooth-sided Toad","FG12","TBS","MANU-01","Matapalo-Murcielago-Matapalo-Chichico-Numa-Matapalo","G","2024-06-17 20:04:00","2024-06-17","2024-06-18 00:11:00",4.11666666666667,"2024-06-17",194
"2024-06-17","Night","8:04 PM","12:11 AM","Frog","Bufonidae","margaritifera","Rhinella","Varzea","South American Common Toad","FG13","TBS","MAPO-02","Matapalo-Murcielago-Matapalo-Chichico-Numa-Matapalo","U","2024-06-17 20:04:00","2024-06-17","2024-06-18 00:11:00",4.11666666666667,"2024-06-17",170
"2024-06-19","Night","7:58 PM","10:50 PM","Frog","Hylidae","cruentomma","Scinax","Terrafirme","Manaus Snouted Treefrog","FG14","TBS","GUAC-03","Guacamayo-Puma-Harpia-Chorongo-Guacamayo","U","2024-06-19 19:58:00","2024-06-19","2024-06-19 22:50:00",2.86666666666667,"2024-06-19",279
"2024-06-19","Night","7:58 PM","10:50 PM","Frog","Bufonidae","guttatus","Rhaebo","Terrafirme","Smooth-sided Toad","FG15","TBS","HARP-05","Guacamayo-Puma-Harpia-Chorongo-Guacamayo","G","2024-06-19 19:58:00","2024-06-19","2024-06-19 22:50:00",2.86666666666667,"2024-06-19",740
"2024-06-19","Night","7:58 PM","10:50 PM","Frog","Bufonidae","guttatus","Rhaebo","Terrafirme","Smooth-sided Toad","FG16","TBS","TCHO-01","Guacamayo-Puma-Harpia-Chorongo-Guacamayo","G","2024-06-19 19:58:00","2024-06-19","2024-06-19 22:50:00",2.86666666666667,"2024-06-19",481
"2024-06-19","Night","7:58 PM","10:50 PM","Frog","Leptodactylidae","petersi","Engystomops","Varzea","Painted Forest Toadlet","FG17","TBS","TCHO-01","Guacamayo-Puma-Harpia-Chorongo-Guacamayo","G","2024-06-19 19:58:00","2024-06-19","2024-06-19 22:50:00",2.86666666666667,"2024-06-19",481
"2024-06-19","Night","7:58 PM","10:50 PM","Frog","Centrolenidae","midas","Teratohyla","Varzea","Santa Cecilia Glass Frog","FG18","TBS","TCHO-01","Guacamayo-Puma-Harpia-Chorongo-Guacamayo","U","2024-06-19 19:58:00","2024-06-19","2024-06-19 22:50:00",2.86666666666667,"2024-06-19",481
"2024-06-19","Night","7:58 PM","10:50 PM","Frog","Centrolenidae","midas","Teratohyla","Varzea","Santa Cecilia Glass Frog","FG19","TBS","TCHO-01","Guacamayo-Puma-Harpia-Chorongo-Guacamayo","U","2024-06-19 19:58:00","2024-06-19","2024-06-19 22:50:00",2.86666666666667,"2024-06-19",481
"2024-06-19","Night","7:58 PM","10:50 PM","Frog","Craugastoridae","quixensis","Oreobates","Terrafirme","Common Big-headed Frog","FG20","TBS","GUAC-01","Guacamayo-Puma-Harpia-Chorongo-Guacamayo","G","2024-06-19 19:58:00","2024-06-19","2024-06-19 22:50:00",2.86666666666667,"2024-06-19",230
"2024-06-19","Night","7:58 PM","10:50 PM","Frog","Leptodactylidae","petersi","Engystomops","Terrafirme","Painted Forest Toadlet","FG21","TBS","GUAC-01","Guacamayo-Puma-Harpia-Chorongo-Guacamayo","G","2024-06-19 19:58:00","2024-06-19","2024-06-19 22:50:00",2.86666666666667,"2024-06-19",230
"2024-06-21","Night","8:11 PM","9:36 PM","Frog","Bufonidae","margaritifera","Rhinella","Terrafirme","South American Common Toad","FG22","TBS","MAPO-02","Matapalo-Harpia","G","2024-06-21 20:11:00","2024-06-21","2024-06-21 21:36:00",1.41666666666667,"2024-06-21",170
"2024-06-21","Night","8:11 PM","9:36 PM","Frog","Craugastoridae","kichwarum","Pristimantis","Terrafirme","Jatun Sacha Rain Frog","FG23","TBS","HARP-01","Matapalo-Harpia","G","2024-06-21 20:11:00","2024-06-21","2024-06-21 21:36:00",1.41666666666667,"2024-06-21",483
"2024-06-21","Night","8:11 PM","9:36 PM","Salamander","Plethodontidae","altamazonica","Bolitoglossa","Varzea","Amazon Climbing Salamander","SL01","TBS","HARP-01","Matapalo-Harpia","U","2024-06-21 20:11:00","2024-06-21","2024-06-21 21:36:00",1.41666666666667,"2024-06-21",483
"2024-06-21","Night","8:11 PM","9:36 PM","Frog","Hylidae","calcarata","Boana","Varzea","Convict Tree Frog","FG24","TBS","HARP-01","Matapalo-Harpia","U","2024-06-21 20:11:00","2024-06-21","2024-06-21 21:36:00",1.41666666666667,"2024-06-21",483
"2024-06-22","Night","8:06 PM","10:29 PM","Frog","Hylidae","yasuni","Osteocephalus","Varzea","Yasuni Spiny-backed Treefrog","FG25","TBS","LAGO-02","Anaconda-Lago","U","2024-06-22 20:06:00","2024-06-22","2024-06-22 22:29:00",2.38333333333333,"2024-06-22",1450
"2024-06-22","Night","8:06 PM","10:29 PM","Frog","Hylidae","geographicans","Boana","Varzea","Map Treefrog","FG26","TBS","LAGO-02","Anaconda-Lago","U","2024-06-22 20:06:00","2024-06-22","2024-06-22 22:29:00",2.38333333333333,"2024-06-22",1450
"2024-06-22","Night","8:06 PM","10:29 PM","Frog","Leptodactylidae","pentadactylus","Leptodactylus","Varzea","Smoky Jungle Frog","FG27","TBS","LAGO-02","Anaconda-Lago","G","2024-06-22 20:06:00","2024-06-22","2024-06-22 22:29:00",2.38333333333333,"2024-06-22",1450
"2024-06-22","Night","8:06 PM","10:29 PM","Frog","Hylidae","yasuni","Osteocephalus","Varzea","Yasuni Spiny-backed Treefrog","FG28","TBS","LAGO-02","Anaconda-Lago","U","2024-06-22 20:06:00","2024-06-22","2024-06-22 22:29:00",2.38333333333333,"2024-06-22",1450
"2024-06-22","Night","8:06 PM","10:29 PM","Frog","Hylidae","bifurcus","Dendropsophus","Varzea","Upper Amazon Tree Frog","FG29","TBS","LAGO-01","Anaconda-Lago","U","2024-06-22 20:06:00","2024-06-22","2024-06-22 22:29:00",2.38333333333333,"2024-06-22",719
"2024-06-22","Night","8:06 PM","10:29 PM","Frog","Craugastoridae","conspicillatus","Pristimantis","Varzea","Chirping Robber Frog","FG30","TBS","LAGO-01","Anaconda-Lago","G","2024-06-22 20:06:00","2024-06-22","2024-06-22 22:29:00",2.38333333333333,"2024-06-22",719
"2024-06-23","Night","8:00 PM","10:36 PM","Frog","Bufonidae","margaritifera","Rhinella","Terrafirme","South American Common Toad","FG31","TBS","PUEN-01","Matapalo-Murcielago-Puentes-Murcielago Pond-Puentes-Murcielago-Matapalo","G","2024-06-23 20:00:00","2024-06-23","2024-06-23 22:36:00",2.6,"2024-06-23",144
"2024-06-23","Night","8:00 PM","10:36 PM","Frog","Bufonidae","guttatus","Rhaebo","Varzea","Smooth-sided Toad","FG32","TBS","PUEN-01","Matapalo-Murcielago-Puentes-Murcielago Pond-Puentes-Murcielago-Matapalo","G","2024-06-23 20:00:00","2024-06-23","2024-06-23 22:36:00",2.6,"2024-06-23",144
"2024-06-23","Night","8:00 PM","10:36 PM","Frog","Bufonidae","margaritifera","Rhinella","Varzea","South American Common Toad","FG33","TBS","PUEN-01","Matapalo-Murcielago-Puentes-Murcielago Pond-Puentes-Murcielago-Matapalo","G","2024-06-23 20:00:00","2024-06-23","2024-06-23 22:36:00",2.6,"2024-06-23",144
"2024-06-23","Night","8:00 PM","10:36 PM","Frog","Hylidae","calcarata","Boana","Varzea","Convict Treefrog","FG34","TBS","MUPO-01","Matapalo-Murcielago-Puentes-Murcielago Pond-Puentes-Murcielago-Matapalo","U","2024-06-23 20:00:00","2024-06-23","2024-06-23 22:36:00",2.6,"2024-06-23",410
"2024-06-23","Night","8:00 PM","10:36 PM","Frog","Hylidae","calcarata","Boana","Varzea","Convict Treefrog","FG35","TBS","MUPO-01","Matapalo-Murcielago-Puentes-Murcielago Pond-Puentes-Murcielago-Matapalo","U","2024-06-23 20:00:00","2024-06-23","2024-06-23 22:36:00",2.6,"2024-06-23",410
"2024-06-23","Night","8:00 PM","10:36 PM","Frog","Hylidae","bifurcus","Dendropsophus","Varzea","Upper Amazon Tree Frog","FG36","TBS","MUPO-01","Matapalo-Murcielago-Puentes-Murcielago Pond-Puentes-Murcielago-Matapalo","U","2024-06-23 20:00:00","2024-06-23","2024-06-23 22:36:00",2.6,"2024-06-23",410
"2024-06-23","Night","8:00 PM","10:36 PM","Frog","Hylidae","calcarata","Boana","Varzea","Convict Treefrog","FG37","TBS","MUPO-01","Matapalo-Murcielago-Puentes-Murcielago Pond-Puentes-Murcielago-Matapalo","U","2024-06-23 20:00:00","2024-06-23","2024-06-23 22:36:00",2.6,"2024-06-23",410
"2024-06-23","Night","8:00 PM","10:36 PM","Frog","Hylidae","calcarata","Boana","Varzea","Convict Treefrog","FG38","TBS","MUPO-01","Matapalo-Murcielago-Puentes-Murcielago Pond-Puentes-Murcielago-Matapalo","U","2024-06-23 20:00:00","2024-06-23","2024-06-23 22:36:00",2.6,"2024-06-23",410
"2024-06-23","Night","8:00 PM","10:36 PM","Frog","Hylidae","calcarata","Boana","Varzea","Convict Treefrog","FG39","TBS","MUPO-01","Matapalo-Murcielago-Puentes-Murcielago Pond-Puentes-Murcielago-Matapalo","U","2024-06-23 20:00:00","2024-06-23","2024-06-23 22:36:00",2.6,"2024-06-23",410
"2024-06-23","Night","8:00 PM","10:36 PM","Frog","Hylidae","vaillantii","Phyllomedusa","Varzea","White-lined Leaf Frog","FG40","TBS","MUPO-01","Matapalo-Murcielago-Puentes-Murcielago Pond-Puentes-Murcielago-Matapalo","U","2024-06-23 20:00:00","2024-06-23","2024-06-23 22:36:00",2.6,"2024-06-23",410
"2024-06-23","Night","8:00 PM","10:36 PM","Frog","Hylidae","vaillantii","Phyllomedusa","Varzea","White-lined Leaf Frog","FG41","TBS","MUPO-01","Matapalo-Murcielago-Puentes-Murcielago Pond-Puentes-Murcielago-Matapalo","U","2024-06-23 20:00:00","2024-06-23","2024-06-23 22:36:00",2.6,"2024-06-23",410
"2024-06-23","Night","8:00 PM","10:36 PM","Frog","Hylidae","calcarata","Boana","Varzea","Convict Treefrog","FG42","TBS","MUPO-01","Matapalo-Murcielago-Puentes-Murcielago Pond-Puentes-Murcielago-Matapalo","U","2024-06-23 20:00:00","2024-06-23","2024-06-23 22:36:00",2.6,"2024-06-23",410
"2024-06-23","Night","8:00 PM","10:36 PM","Frog","Hylidae","calcarata","Boana","Varzea","Convict Treefrog","FG43","TBS","MUPO-01","Matapalo-Murcielago-Puentes-Murcielago Pond-Puentes-Murcielago-Matapalo","U","2024-06-23 20:00:00","2024-06-23","2024-06-23 22:36:00",2.6,"2024-06-23",410
"2024-06-23","Night","8:00 PM","10:36 PM","Frog","Hylidae","calcarata","Boana","Varzea","Convict Treefrog","FG44","TBS","MUPO-01","Matapalo-Murcielago-Puentes-Murcielago Pond-Puentes-Murcielago-Matapalo","U","2024-06-23 20:00:00","2024-06-23","2024-06-23 22:36:00",2.6,"2024-06-23",410
"2024-06-23","Night","8:00 PM","10:36 PM","Frog","Hylidae","vaillantii","Phyllomedusa","Varzea","White-lined Leaf Frog","FG45","TBS","MUPO-01","Matapalo-Murcielago-Puentes-Murcielago Pond-Puentes-Murcielago-Matapalo","U","2024-06-23 20:00:00","2024-06-23","2024-06-23 22:36:00",2.6,"2024-06-23",410
"2024-06-23","Night","8:00 PM","10:36 PM","Frog","Hylidae","vaillantii","Phyllomedusa","Varzea","White-lined Leaf Frog","FG46","TBS","MUPO-01","Matapalo-Murcielago-Puentes-Murcielago Pond-Puentes-Murcielago-Matapalo","U","2024-06-23 20:00:00","2024-06-23","2024-06-23 22:36:00",2.6,"2024-06-23",410
"2024-06-23","Night","8:00 PM","10:36 PM","Frog","Hylidae","calcarata","Boana","Varzea","Convict Treefrog","FG47","TBS","MUPO-01","Matapalo-Murcielago-Puentes-Murcielago Pond-Puentes-Murcielago-Matapalo","U","2024-06-23 20:00:00","2024-06-23","2024-06-23 22:36:00",2.6,"2024-06-23",410
"2024-06-23","Night","8:00 PM","10:36 PM","Frog","Craugastoridae","quixensis","Oreobates","Varzea","Common Big-headed Frog","FG48","TBS","MUPO-01","Matapalo-Murcielago-Puentes-Murcielago Pond-Puentes-Murcielago-Matapalo","G","2024-06-23 20:00:00","2024-06-23","2024-06-23 22:36:00",2.6,"2024-06-23",410
"2024-06-23","Night","8:00 PM","10:36 PM","Frog","Hylidae","vaillantii","Phyllomedusa","Varzea","White-lined Leaf Frog","FG49","TBS","MUPO-01","Matapalo-Murcielago-Puentes-Murcielago Pond-Puentes-Murcielago-Matapalo","U","2024-06-23 20:00:00","2024-06-23","2024-06-23 22:36:00",2.6,"2024-06-23",410
"2024-06-23","Night","8:00 PM","10:36 PM","Frog","Hylidae","vaillantii","Phyllomedusa","Varzea","White-lined Leaf Frog","FG50","TBS","MUPO-01","Matapalo-Murcielago-Puentes-Murcielago Pond-Puentes-Murcielago-Matapalo","U","2024-06-23 20:00:00","2024-06-23","2024-06-23 22:36:00",2.6,"2024-06-23",410
"2024-06-23","Night","8:00 PM","10:36 PM","Frog","Hylidae","yasuni","Osteocephalus","Varzea","Yasuni Spiny-backed Treefrog","FG51","TBS","MUPO-01","Matapalo-Murcielago-Puentes-Murcielago Pond-Puentes-Murcielago-Matapalo","U","2024-06-23 20:00:00","2024-06-23","2024-06-23 22:36:00",2.6,"2024-06-23",410
"2024-06-23","Night","8:00 PM","10:36 PM","Frog","Hylidae","lanciformis","Boana","Varzea","Basin Tree Frog","FG52","TBS","MUPO-01","Matapalo-Murcielago-Puentes-Murcielago Pond-Puentes-Murcielago-Matapalo","G","2024-06-23 20:00:00","2024-06-23","2024-06-23 22:36:00",2.6,"2024-06-23",410
"2024-06-23","Night","8:00 PM","10:36 PM","Frog","Craugastoridae","conspicillatus","Pristimantis","Varzea","Chirping Robber Frog","FG53","TBS","MUPO-01","Matapalo-Murcielago-Puentes-Murcielago Pond-Puentes-Murcielago-Matapalo","G","2024-06-23 20:00:00","2024-06-23","2024-06-23 22:36:00",2.6,"2024-06-23",410
"2024-06-23","Night","8:00 PM","10:36 PM","Frog","Hylidae","calcarata","Boana","Varzea","Convict Treefrog","FG54","TBS","MUPO-01","Matapalo-Murcielago-Puentes-Murcielago Pond-Puentes-Murcielago-Matapalo","U","2024-06-23 20:00:00","2024-06-23","2024-06-23 22:36:00",2.6,"2024-06-23",410
"2024-06-23","Night","8:00 PM","10:36 PM","Frog","Bufonidae","margaritifera","Rhinella","Varzea","South American Common Toad","FG55","TBS","MURC-01","Matapalo-Murcielago-Puentes-Murcielago Pond-Puentes-Murcielago-Matapalo","G","2024-06-23 20:00:00","2024-06-23","2024-06-23 22:36:00",2.6,"2024-06-23",156
"2024-06-23","Night","8:00 PM","10:36 PM","Frog","Bufonidae","guttatus","Rhaebo","Terrafirme","Smooth-sided Toad","FG56","TBS","MAPO-03","Matapalo-Murcielago-Puentes-Murcielago Pond-Puentes-Murcielago-Matapalo","G","2024-06-23 20:00:00","2024-06-23","2024-06-23 22:36:00",2.6,"2024-06-23",388
"2024-06-23","Night","8:00 PM","10:36 PM","Frog","Hylidae","geographicans","Boana","Terrafirme","Map Treefrog","FG57","TBS","MAPO-03","Matapalo-Murcielago-Puentes-Murcielago Pond-Puentes-Murcielago-Matapalo","U","2024-06-23 20:00:00","2024-06-23","2024-06-23 22:36:00",2.6,"2024-06-23",388
"2024-06-27","Night","8:07 PM","11:04 PM","Frog","Craugastoridae","altamazonicus","Pristimantis","Varzea","Amazon Rain Frog","FG58","YRS","NAPO-04","Chorongo-Kinkajou-Napo-Bariso-Tinamou-Botanico","G","2024-06-27 20:07:00","2024-06-27","2024-06-27 23:04:00",2.95,"2024-06-27",220
"2024-06-27","Night","8:07 PM","11:04 PM","Frog","Craugastoridae","quixensis","Oreobates","Varzea","Common Big-headed Frog","FG59","YRS","BARI-01","Chorongo-Kinkajou-Napo-Bariso-Tinamou-Botanico","G","2024-06-27 20:07:00","2024-06-27","2024-06-27 23:04:00",2.95,"2024-06-27",340
"2024-06-27","Night","8:07 PM","11:04 PM","Frog","Craugastoridae","kichwarum","Pristimantis","Varzea","Jatun Sacha Rain Frog","FG60","YRS","TINA-01","Chorongo-Kinkajou-Napo-Bariso-Tinamou-Botanico","G","2024-06-27 20:07:00","2024-06-27","2024-06-27 23:04:00",2.95,"2024-06-27",65
"2024-06-27","Night","8:07 PM","11:04 PM","Frog","Aromobatidae","femoralis","Allobates","Terrafirme","Spotted-thighed Poison Frog","FG61","YRS","BOTA-01","Chorongo-Kinkajou-Napo-Bariso-Tinamou-Botanico","G","2024-06-27 20:07:00","2024-06-27","2024-06-27 23:04:00",2.95,"2024-06-27",142
"2024-06-29","Night","8:04 PM","11:19 PM","Frog","Leptodactylidae","pentadactylus","Leptodactylus","Varzea","Smoky Jungle Frog","FG62","YRS","GAWA-01","Gawape-Chorongo-Kinkajou-Napo-Tucan-Garza","G","2024-06-29 20:04:00","2024-06-29","2024-06-29 23:19:00",3.25,"2024-06-29",272
"2024-06-29","Night","8:04 PM","11:19 PM","Frog","Hylidae","appendiculata","Boana","Varzea","Canelos Treefrog","FG63","YRS","GAWA-02","Gawape-Chorongo-Kinkajou-Napo-Tucan-Garza","U","2024-06-29 20:04:00","2024-06-29","2024-06-29 23:19:00",3.25,"2024-06-29",650
"2024-06-29","Night","8:04 PM","11:19 PM","Frog","Hylidae","","Osteocephalus","Varzea","Broad-headed Treefrogs","FG64","YRS","GAWA-02","Gawape-Chorongo-Kinkajou-Napo-Tucan-Garza","U","2024-06-29 20:04:00","2024-06-29","2024-06-29 23:19:00",3.25,"2024-06-29",650
"2024-06-29","Night","8:04 PM","11:19 PM","Frog","Hylidae","yasuni","Osteocephalus","Varzea","Yasuni Spiny-backed Treefrog","FG65","YRS","GAWA-02","Gawape-Chorongo-Kinkajou-Napo-Tucan-Garza","U","2024-06-29 20:04:00","2024-06-29","2024-06-29 23:19:00",3.25,"2024-06-29",650
"2024-06-29","Night","8:04 PM","11:19 PM","Frog","Hylidae","appendiculata","Boana","Varzea","Canelos Treefrog","FG66","YRS","GAWA-02","Gawape-Chorongo-Kinkajou-Napo-Tucan-Garza","U","2024-06-29 20:04:00","2024-06-29","2024-06-29 23:19:00",3.25,"2024-06-29",650
"2024-06-29","Night","8:04 PM","11:19 PM","Frog","Bufonidae","marina","Rhinella","Varzea","Cane Toad","FG67","YRS","GAWA-02","Gawape-Chorongo-Kinkajou-Napo-Tucan-Garza","G","2024-06-29 20:04:00","2024-06-29","2024-06-29 23:19:00",3.25,"2024-06-29",650
"2024-06-29","Night","8:04 PM","11:19 PM","Frog","Ranidae","palmipes","Lithobates","Varzea","Amazon River Frog","FG68","YRS","GAWA-02","Gawape-Chorongo-Kinkajou-Napo-Tucan-Garza","G","2024-06-29 20:04:00","2024-06-29","2024-06-29 23:19:00",3.25,"2024-06-29",650
"2024-06-29","Night","8:04 PM","11:19 PM","Frog","Leptodactylidae","pentadactylus","Leptodactylus","Varzea","Smoky Jungle Frog","FG69","YRS","GAWA-02","Gawape-Chorongo-Kinkajou-Napo-Tucan-Garza","G","2024-06-29 20:04:00","2024-06-29","2024-06-29 23:19:00",3.25,"2024-06-29",650
"2024-06-29","Night","8:04 PM","11:19 PM","Frog","Hylidae","","Osteocephalus","Varzea","Broad-headed Treefrogs","FG70","YRS","GAWA-02","Gawape-Chorongo-Kinkajou-Napo-Tucan-Garza","U","2024-06-29 20:04:00","2024-06-29","2024-06-29 23:19:00",3.25,"2024-06-29",650
"2024-06-29","Night","8:04 PM","11:19 PM","Frog","Bufonidae","margaritifera","Rhinella","Varzea","South American Common Toad","FG71","YRS","GAWA-02","Gawape-Chorongo-Kinkajou-Napo-Tucan-Garza","U","2024-06-29 20:04:00","2024-06-29","2024-06-29 23:19:00",3.25,"2024-06-29",650
"2024-06-29","Night","8:04 PM","11:19 PM","Frog","Ranidae","palmipes","Lithobates","Varzea","Amazon River Frog","FG72","YRS","GAWA-02","Gawape-Chorongo-Kinkajou-Napo-Tucan-Garza","G","2024-06-29 20:04:00","2024-06-29","2024-06-29 23:19:00",3.25,"2024-06-29",650
"2024-06-29","Night","8:04 PM","11:19 PM","Frog","Ranidae","palmipes","Lithobates","Varzea","Amazon River Frog","FG73","YRS","GAWA-02","Gawape-Chorongo-Kinkajou-Napo-Tucan-Garza","G","2024-06-29 20:04:00","2024-06-29","2024-06-29 23:19:00",3.25,"2024-06-29",650
"2024-06-29","Night","8:04 PM","11:19 PM","Frog","Craugastoridae","","Pristimantis","Varzea","Rain and Robber Frogs","FG74","YRS","GAWA-03","Gawape-Chorongo-Kinkajou-Napo-Tucan-Garza","G","2024-06-29 20:04:00","2024-06-29","2024-06-29 23:19:00",3.25,"2024-06-29",692
"2024-06-29","Night","8:04 PM","11:19 PM","Frog","Craugastoridae","diadematus","Pristimantis","Varzea","Diadem Rain Frog","FG75","YRS","GAWA-03","Gawape-Chorongo-Kinkajou-Napo-Tucan-Garza","G","2024-06-29 20:04:00","2024-06-29","2024-06-29 23:19:00",3.25,"2024-06-29",692
"2024-06-29","Night","8:04 PM","11:19 PM","Frog","Bufonidae","marina","Rhinella","Varzea","Cane Toad","FG76","YRS","GAWA-03","Gawape-Chorongo-Kinkajou-Napo-Tucan-Garza","G","2024-06-29 20:04:00","2024-06-29","2024-06-29 23:19:00",3.25,"2024-06-29",692
"2024-06-29","Night","8:04 PM","11:19 PM","Frog","Craugastoridae","diadematus","Pristimantis","Varzea","Diadem Rain Frog","FG77","YRS","GAWA-03","Gawape-Chorongo-Kinkajou-Napo-Tucan-Garza","G","2024-06-29 20:04:00","2024-06-29","2024-06-29 23:19:00",3.25,"2024-06-29",692
"2024-06-29","Night","8:04 PM","11:19 PM","Frog","Craugastoridae","quixensis","Oreobates","Varzea","Common Big-headed Frog","FG78","YRS","YCHO-02","Gawape-Chorongo-Kinkajou-Napo-Tucan-Garza","G","2024-06-29 20:04:00","2024-06-29","2024-06-29 23:19:00",3.25,"2024-06-29",691
"2024-06-29","Night","8:04 PM","11:19 PM","Frog","Hylidae","calcarata","Boana","Terrafirme","Convict Treefrog","FG79","YRS","YCHO-02","Gawape-Chorongo-Kinkajou-Napo-Tucan-Garza","U","2024-06-29 20:04:00","2024-06-29","2024-06-29 23:19:00",3.25,"2024-06-29",691
"2024-06-29","Night","8:04 PM","11:19 PM","Salamander","Plethodontidae","altamazonica","Bolitoglossa","Terrafirme","Amazon Climbing Salamander","SL02","YRS","YCHO-02","Gawape-Chorongo-Kinkajou-Napo-Tucan-Garza","U","2024-06-29 20:04:00","2024-06-29","2024-06-29 23:19:00",3.25,"2024-06-29",691
"2024-06-29","Night","8:04 PM","11:19 PM","Frog","Hylidae","vaillantii","Phyllomedusa","Terrafirme","White-lined Leaf Frog","FG80","YRS","YCHO-02","Gawape-Chorongo-Kinkajou-Napo-Tucan-Garza","G","2024-06-29 20:04:00","2024-06-29","2024-06-29 23:19:00",3.25,"2024-06-29",691
"2024-06-29","Night","8:04 PM","11:19 PM","Frog","Craugastoridae","quixensis","Oreobates","Terrafirme","Common Big-headed Frog","FG81","YRS","KINK-01","Gawape-Chorongo-Kinkajou-Napo-Tucan-Garza","G","2024-06-29 20:04:00","2024-06-29","2024-06-29 23:19:00",3.25,"2024-06-29",321
"2024-06-29","Night","8:04 PM","11:19 PM","Frog","Hylidae","","Boana","Terrafirme","Gladiator Treefrogs","FG82","YRS","TUCA-01","Gawape-Chorongo-Kinkajou-Napo-Tucan-Garza","U","2024-06-29 20:04:00","2024-06-29","2024-06-29 23:19:00",3.25,"2024-06-29",240
"2024-07-02","Night","8:00 PM","11:11 PM","Salamander","Plethodontidae","altamazonica","Bolitoglossa","Varzea","Amazon Climbing Salamander","SL03","YRS","FPPE-02","Forest Plot Perimeter","U","2024-07-02 20:00:00","2024-07-02","2024-07-02 23:11:00",3.18333333333333,"2024-07-02",2520
"2024-07-02","Night","8:00 PM","11:11 PM","Frog","Hylidae","appendiculata","Boana","Terrafirme","Canelos Treefrog","FG83","YRS","FPPE-02","Forest Plot Perimeter","U","2024-07-02 20:00:00","2024-07-02","2024-07-02 23:11:00",3.18333333333333,"2024-07-02",2520
"2024-07-03","Night","8:11 PM","11:07 PM","Frog","Craugastoridae","conspicillatus","Pristimantis","Varzea","Chirping Robber Frog","FG84","YRS","CEIB-01","Ceiba-Peru","G","2024-07-03 20:11:00","2024-07-03","2024-07-03 23:07:00",2.93333333333333,"2024-07-03",490
"2024-07-03","Night","8:11 PM","11:07 PM","Frog","Leptodactylidae","petersi","Engystomops","Terrafirme","Painted Forest Toadlet","FG85","YRS","CEIB-01","Ceiba-Peru","G","2024-07-03 20:11:00","2024-07-03","2024-07-03 23:07:00",2.93333333333333,"2024-07-03",490
"2024-07-03","Night","8:11 PM","11:07 PM","Frog","Hylidae","taurinus","Osteocephalus","Terrafirme","Manaus Spiny-backed Treefrog","FG86","YRS","PERU-01","Ceiba-Peru","C","2024-07-03 20:11:00","2024-07-03","2024-07-03 23:07:00",2.93333333333333,"2024-07-03",250
"2024-07-03","Night","8:11 PM","11:07 PM","Salamander","Plethodontidae","altamazonica","Bolitoglossa","Terrafirme","Amazon Climbing Salamander","SL04","YRS","PERU-01","Ceiba-Peru","U","2024-07-03 20:11:00","2024-07-03","2024-07-03 23:07:00",2.93333333333333,"2024-07-03",250
"2024-07-03","Night","8:11 PM","11:07 PM","Frog","Hylidae","","Boana","Terrafirme","Gladiator Treefrogs","FG87","YRS","PERU-01","Ceiba-Peru","U","2024-07-03 20:11:00","2024-07-03","2024-07-03 23:07:00",2.93333333333333,"2024-07-03",250
"2024-07-03","Night","8:11 PM","11:07 PM","Frog","Hylidae","appendiculata","Boana","Terrafirme","Canelos Treefrog","FG88","YRS","PERU-01","Ceiba-Peru","U","2024-07-03 20:11:00","2024-07-03","2024-07-03 23:07:00",2.93333333333333,"2024-07-03",250
"2024-07-03","Night","8:11 PM","11:07 PM","Frog","Bufonidae","margaritifera","Rhinella","Terrafirme","South American Common Toad","FG89","YRS","PERU-02","Ceiba-Peru","U","2024-07-03 20:11:00","2024-07-03","2024-07-03 23:07:00",2.93333333333333,"2024-07-03",738
"2024-07-03","Night","8:11 PM","11:07 PM","Frog","Craugastoridae","quixensis","Oreobates","Terrafirme","Common Big-headed Frog","FG90","YRS","PERU-02","Ceiba-Peru","G","2024-07-03 20:11:00","2024-07-03","2024-07-03 23:07:00",2.93333333333333,"2024-07-03",738
"2024-07-03","Night","8:11 PM","11:07 PM","Frog","Hylidae","taurinus","Osteocephalus","Terrafirme","Manaus Spiny-backed Treefrog","FG91","YRS","PERU-02","Ceiba-Peru","C","2024-07-03 20:11:00","2024-07-03","2024-07-03 23:07:00",2.93333333333333,"2024-07-03",738
"2024-07-03","Night","8:11 PM","11:07 PM","Salamander","Plethodontidae","altamazonica","Bolitoglossa","Terrafirme","Amazon Climbing Salamander","SL05","YRS","PERU-02","Ceiba-Peru","U","2024-07-03 20:11:00","2024-07-03","2024-07-03 23:07:00",2.93333333333333,"2024-07-03",738
"2024-07-03","Night","8:11 PM","11:07 PM","Frog","Bufonidae","margaritifera","Rhinella","Varzea","South American Common Toad","FG92","YRS","PERU-02","Ceiba-Peru","U","2024-07-03 20:11:00","2024-07-03","2024-07-03 23:07:00",2.93333333333333,"2024-07-03",738
"2024-07-03","Night","8:11 PM","11:07 PM","Frog","Craugastoridae","quixensis","Oreobates","Varzea","Common Big-headed Frog","FG93","YRS","PERU-02","Ceiba-Peru","G","2024-07-03 20:11:00","2024-07-03","2024-07-03 23:07:00",2.93333333333333,"2024-07-03",738
"2024-07-03","Night","8:11 PM","11:07 PM","Frog","Hylidae","geographicans","Boana","Varzea","Map Treefrog","FG94","YRS","PERU-02","Ceiba-Peru","G","2024-07-03 20:11:00","2024-07-03","2024-07-03 23:07:00",2.93333333333333,"2024-07-03",738
"2024-07-03","Night","8:11 PM","11:07 PM","Frog","Microhylidae","bassleri","Chiasmocleis","Varzea","Bassler's Humming Frog","FG95","YRS","PERU-02","Ceiba-Peru","G","2024-07-03 20:11:00","2024-07-03","2024-07-03 23:07:00",2.93333333333333,"2024-07-03",738
"2024-07-03","Night","8:11 PM","11:07 PM","Frog","Craugastoridae","","Pristimantis","Varzea","Rain and Robber Frogs","FG96","YRS","PERU-02","Ceiba-Peru","G","2024-07-03 20:11:00","2024-07-03","2024-07-03 23:07:00",2.93333333333333,"2024-07-03",738
"2024-07-03","Night","8:11 PM","11:07 PM","Frog","Hylidae","cannatellai","Osteocephalus","Varzea","Cannatella's Spiny-backed Frog","FG97","YRS","PERU-02","Ceiba-Peru","U","2024-07-03 20:11:00","2024-07-03","2024-07-03 23:07:00",2.93333333333333,"2024-07-03",738
"2024-07-03","Night","8:11 PM","11:07 PM","Frog","Hylidae","geographicans","Boana","Terrafirme","Map Treefrog","FG98","YRS","PERU-04","Ceiba-Peru","C","2024-07-03 20:11:00","2024-07-03","2024-07-03 23:07:00",2.93333333333333,"2024-07-03",259
"2024-07-03","Night","8:11 PM","11:07 PM","Frog","Hylidae","appendiculata","Boana","Terrafirme","Canelos Treefrog","FG99","YRS","PERU-05","Ceiba-Peru","U","2024-07-03 20:11:00","2024-07-03","2024-07-03 23:07:00",2.93333333333333,"2024-07-03",301
"2024-07-03","Night","8:11 PM","11:07 PM","Frog","Hylidae","geographicans","Boana","Terrafirme","Map Treefrog","FG100","YRS","PERU-05","Ceiba-Peru","U","2024-07-03 20:11:00","2024-07-03","2024-07-03 23:07:00",2.93333333333333,"2024-07-03",301
"2024-07-03","Night","8:11 PM","11:07 PM","Frog","Leptodactylidae","pentadactylus","Leptodactylus","Terrafirme","Smoky Jungle Frog","FG101","YRS","PERU-05","Ceiba-Peru","G","2024-07-03 20:11:00","2024-07-03","2024-07-03 23:07:00",2.93333333333333,"2024-07-03",301
"2024-07-03","Night","8:11 PM","11:07 PM","Frog","Hylidae","lanciformis","Boana","Varzea","Basin Tree Frog","FG102","YRS","PERU-05","Ceiba-Peru","U","2024-07-03 20:11:00","2024-07-03","2024-07-03 23:07:00",2.93333333333333,"2024-07-03",301
"2024-07-03","Night","8:11 PM","11:07 PM","Frog","Centrolenidae","midas","Teratohyla","Varzea","Santa Cecilia Glass Frog","FG103","YRS","PERU-05","Ceiba-Peru","G","2024-07-03 20:11:00","2024-07-03","2024-07-03 23:07:00",2.93333333333333,"2024-07-03",301
"2024-07-04","Night","8:12 PM","11:00 PM","Frog","Leptodactylidae","petersi","Engystomops","Terrafirme","Painted Forest Toadlet","FG104","YRS","YCHO-01","Chorongo-Kinkajou-Napo-Bariso-Tinamou-Botanico","G","2024-07-04 20:12:00","2024-07-04","2024-07-04 23:00:00",2.8,"2024-07-04",1230
"2024-07-04","Night","8:12 PM","11:00 PM","Frog","Leptodactylidae","petersi","Engystomops","Terrafirme","Painted Forest Toadlet","FG105","YRS","YCHO-01","Chorongo-Kinkajou-Napo-Bariso-Tinamou-Botanico","G","2024-07-04 20:12:00","2024-07-04","2024-07-04 23:00:00",2.8,"2024-07-04",1230
"2024-07-04","Night","8:12 PM","11:00 PM","Salamander","Plethodontidae","altamazonica","Bolitoglossa","Terrafirme","Amazon Climbing Salamander","SL06","YRS","YCHO-01","Chorongo-Kinkajou-Napo-Bariso-Tinamou-Botanico","U","2024-07-04 20:12:00","2024-07-04","2024-07-04 23:00:00",2.8,"2024-07-04",1230
"2024-07-04","Night","8:12 PM","11:00 PM","Frog","Leptodactylidae","petersi","Engystomops","Varzea","Painted Forest Toadlet","FG106","YRS","YCHO-01","Chorongo-Kinkajou-Napo-Bariso-Tinamou-Botanico","G","2024-07-04 20:12:00","2024-07-04","2024-07-04 23:00:00",2.8,"2024-07-04",1230
"2024-07-04","Night","8:12 PM","11:00 PM","Frog","Craugastoridae","quixensis","Oreobates","Terrafirme","Common Big-headed Frog","FG107","YRS","YCHO-01","Chorongo-Kinkajou-Napo-Bariso-Tinamou-Botanico","G","2024-07-04 20:12:00","2024-07-04","2024-07-04 23:00:00",2.8,"2024-07-04",1230
"2024-07-04","Night","8:12 PM","11:00 PM","Salamander","Plethodontidae","altamazonica","Bolitoglossa","Varzea","Amazon Climbing Salamander","SL07","YRS","YCHO-01","Chorongo-Kinkajou-Napo-Bariso-Tinamou-Botanico","U","2024-07-04 20:12:00","2024-07-04","2024-07-04 23:00:00",2.8,"2024-07-04",1230
"2024-07-04","Night","8:12 PM","11:00 PM","Frog","Craugastoridae","quixensis","Oreobates","Terrafirme","Common Big-headed Frog","FG108","YRS","NAPO-04","Chorongo-Kinkajou-Napo-Bariso-Tinamou-Botanico","G","2024-07-04 20:12:00","2024-07-04","2024-07-04 23:00:00",2.8,"2024-07-04",220
"2024-07-04","Night","8:12 PM","11:00 PM","Frog","Craugastoridae","quixensis","Oreobates","Varzea","Common Big-headed Frog","FG109","YRS","BARI-01","Chorongo-Kinkajou-Napo-Bariso-Tinamou-Botanico","G","2024-07-04 20:12:00","2024-07-04","2024-07-04 23:00:00",2.8,"2024-07-04",340
"2024-07-06","Night","8:29 PM","11:28 PM","Frog","Hylidae","calcarata","Boana","Terrafirme","Convict Treefrog","FG110","YRS","FPPE-04","Forest Plot Perimeter","U","2024-07-06 20:29:00","2024-07-06","2024-07-06 23:28:00",2.98333333333333,"2024-07-06",662
"2024-07-06","Night","8:29 PM","11:28 PM","Frog","Hylidae","tarsius","Phyllomedusa","Terrafirme","Tarsier Leaf Frog","FG111","YRS","FPPE-04","Forest Plot Perimeter","U","2024-07-06 20:29:00","2024-07-06","2024-07-06 23:28:00",2.98333333333333,"2024-07-06",662
"2024-07-06","Night","8:29 PM","11:28 PM","Frog","Hylidae","geographicans","Boana","Varzea","Map Treefrog","FG112","YRS","FPPE-04","Forest Plot Perimeter","U","2024-07-06 20:29:00","2024-07-06","2024-07-06 23:28:00",2.98333333333333,"2024-07-06",662
"2024-07-06","Night","8:29 PM","11:28 PM","Frog","Hylidae","","Boana","Terrafirme","Gladiator Treefrogs","FG113","YRS","FPPE-04","Forest Plot Perimeter","U","2024-07-06 20:29:00","2024-07-06","2024-07-06 23:28:00",2.98333333333333,"2024-07-06",662
"2024-07-06","Night","8:29 PM","11:28 PM","Frog","Hylidae","appendiculata","Boana","Varzea","Canelos Treefrog","FG114","YRS","FPPE-02","Forest Plot Perimeter","U","2024-07-06 20:29:00","2024-07-06","2024-07-06 23:28:00",2.98333333333333,"2024-07-06",2520
"2024-07-06","Night","8:29 PM","11:28 PM","Frog","Craugastoridae","conspicillatus","Pristimantis","Terrafirme","Chirping Robber Frog","FG115","YRS","FPPE-02","Forest Plot Perimeter","U","2024-07-06 20:29:00","2024-07-06","2024-07-06 23:28:00",2.98333333333333,"2024-07-06",2520
"2024-07-06","Night","8:29 PM","11:28 PM","Frog","Craugastoridae","altamazonicus","Pristimantis","Varzea","Amazon Rain Frog","FG116","YRS","FPPE-02","Forest Plot Perimeter","U","2024-07-06 20:29:00","2024-07-06","2024-07-06 23:28:00",2.98333333333333,"2024-07-06",2520
"2024-07-06","Night","8:29 PM","11:28 PM","Salamander","Plethodontidae","altamazonica","Bolitoglossa","Varzea","Amazon Climbing Salamander","SL08","YRS","FPPE-02","Forest Plot Perimeter","U","2024-07-06 20:29:00","2024-07-06","2024-07-06 23:28:00",2.98333333333333,"2024-07-06",2520
"2024-07-06","Night","8:29 PM","11:28 PM","Frog","Dendrobatidae","hahneli","Ameerega","Varzea","Pale-striped Poison Frog","FG117","YRS","FPPE-02","Forest Plot Perimeter","U","2024-07-06 20:29:00","2024-07-06","2024-07-06 23:28:00",2.98333333333333,"2024-07-06",2520
"2024-07-06","Night","8:29 PM","11:28 PM","Frog","Dendrobatidae","bilinguis","Ameerega","Varzea","Ecuador Poison Frog","FG118","YRS","FPPE-02","Forest Plot Perimeter","G","2024-07-06 20:29:00","2024-07-06","2024-07-06 23:28:00",2.98333333333333,"2024-07-06",2520
"2024-07-06","Night","8:29 PM","11:28 PM","Frog","Dendrobatidae","bilinguis","Ameerega","Terrafirme","Ecuador Poison Frog","FG119","YRS","FPPE-02","Forest Plot Perimeter","U","2024-07-06 20:29:00","2024-07-06","2024-07-06 23:28:00",2.98333333333333,"2024-07-06",2520
"2024-07-06","Night","8:29 PM","11:28 PM","Frog","Hylidae","appendiculata","Boana","Terrafirme","Canelos Treefrog","FG120","YRS","FPPE-02","Forest Plot Perimeter","U","2024-07-06 20:29:00","2024-07-06","2024-07-06 23:28:00",2.98333333333333,"2024-07-06",2520
"2024-07-08","Night","8:01 PM","10:53 PM","Frog","Bufonidae","guttatus","Rhaebo","Varzea","Smooth-sided Toad","FG121","TBS","MAPO-03","Matapalo-Murcielago-Puentes-Murcielago Pond-Matapalo-Chichico-Numa","G","2024-07-08 20:01:00","2024-07-08","2024-07-08 22:53:00",2.86666666666667,"2024-07-08",388
"2024-07-08","Night","8:01 PM","10:53 PM","Frog","Craugastoridae","quixensis","Oreobates","Terrafirme","Common Big-headed Frog","FG122","TBS","PUEN-01","Matapalo-Murcielago-Puentes-Murcielago Pond-Matapalo-Chichico-Numa","G","2024-07-08 20:01:00","2024-07-08","2024-07-08 22:53:00",2.86666666666667,"2024-07-08",144
"2024-07-08","Night","8:01 PM","10:53 PM","Frog","Leptodactylidae","petersi","Engystomops","Terrafirme","Painted Forest Toadlet","FG123","TBS","MAPO-06","Matapalo-Murcielago-Puentes-Murcielago Pond-Matapalo-Chichico-Numa","G","2024-07-08 20:01:00","2024-07-08","2024-07-08 22:53:00",2.86666666666667,"2024-07-08",359
"2024-07-08","Night","8:01 PM","10:53 PM","Frog","Craugastoridae","","Pristimantis","Varzea","Rain and Robber Frogs","FG124","TBS","NUMA-01","Matapalo-Murcielago-Puentes-Murcielago Pond-Matapalo-Chichico-Numa","G","2024-07-08 20:01:00","2024-07-08","2024-07-08 22:53:00",2.86666666666667,"2024-07-08",290
"2024-07-10","Night","8:07 PM","10:58 PM","Frog","Hylidae","yasuni","Osteocephalus","Varzea","Yasuni Spiny-backed Treefrog","FG125","TBS","GUAC-01","Guacamayo-Danta-Lago","U","2024-07-10 20:07:00","2024-07-10","2024-07-10 22:58:00",2.85,"2024-07-10",230
"2024-07-10","Night","8:07 PM","10:58 PM","Frog","Hylidae","","Boana","Terrafirme","Gladiator Treefrogs","FG126","TBS","GUAC-02","Guacamayo-Danta-Lago","U","2024-07-10 20:07:00","2024-07-10","2024-07-10 22:58:00",2.85,"2024-07-10",301
"2024-07-10","Night","8:07 PM","10:58 PM","Frog","Craugastoridae","conspicillatus","Pristimantis","Varzea","Chirping Robber Frog","FG127","TBS","DANT-01","Guacamayo-Danta-Lago","U","2024-07-10 20:07:00","2024-07-10","2024-07-10 22:58:00",2.85,"2024-07-10",591
"2024-07-10","Night","8:07 PM","10:58 PM","Frog","Hylidae","yasuni","Osteocephalus","Terrafirme","Yasuni Spiny-backed Treefrog","FG128","TBS","DANT-01","Guacamayo-Danta-Lago","C","2024-07-10 20:07:00","2024-07-10","2024-07-10 22:58:00",2.85,"2024-07-10",591
"2024-07-10","Night","8:07 PM","10:58 PM","Frog","Hylidae","taurinus","Osteocephalus","Varzea","Manaus Spiny-backed Treefrog","FG129","TBS","LAGO-01","Guacamayo-Danta-Lago","U","2024-07-10 20:07:00","2024-07-10","2024-07-10 22:58:00",2.85,"2024-07-10",719
"2024-07-10","Night","8:07 PM","10:58 PM","Frog","Leptodactylidae","knudseni","Leptodactylus","Varzea","Knudsen's Thin-toed Frog","FG130","TBS","LAGO-01","Guacamayo-Danta-Lago","G","2024-07-10 20:07:00","2024-07-10","2024-07-10 22:58:00",2.85,"2024-07-10",719
"2024-07-11","Night","8:08 PM","10:57 PM","Frog","Craugastoridae","kichwarum","Pristimantis","Terrafirme","Jatun Sacha Rain Frog","FG131","TBS","PUMA-01","Guacamayo-Puma-Harpia-Chorongo-Guacamayo","U","2024-07-11 20:08:00","2024-07-11","2024-07-11 22:57:00",2.81666666666667,"2024-07-11",750
"2024-07-11","Night","8:08 PM","10:57 PM","Frog","Hylidae","vaillantii","Phyllomedusa","Terrafirme","White-lined Leaf Frog","FG132","TBS","PUMA-02","Guacamayo-Puma-Harpia-Chorongo-Guacamayo","U","2024-07-11 20:08:00","2024-07-11","2024-07-11 22:57:00",2.81666666666667,"2024-07-11",388
"2024-07-11","Night","8:08 PM","10:57 PM","Salamander","Plethodontidae","peruviana","Bolitoglossa","Terrafirme","Peruvian Climbing Salamander","SL09","TBS","HARP-05","Guacamayo-Puma-Harpia-Chorongo-Guacamayo","U","2024-07-11 20:08:00","2024-07-11","2024-07-11 22:57:00",2.81666666666667,"2024-07-11",740
"2024-07-14","Night","8:51 PM","12:05 AM","Frog","Craugastoridae","lanthanites","Pristimantis","Terrafirme","Metallic Robber Frog","FG133","TBS","HAPL-01","Harpia Plot-Harpia","G","2024-07-14 20:51:00","2024-07-14","2024-07-15 00:05:00",3.23333333333333,"2024-07-14",2220
"2024-07-14","Night","8:51 PM","12:05 AM","Frog","Strabomantidae","","","Varzea","Terrestrial-breeding Frogs","FG134","TBS","HAPL-01","Harpia Plot-Harpia","G","2024-07-14 20:51:00","2024-07-14","2024-07-15 00:05:00",3.23333333333333,"2024-07-14",2220
"2024-07-14","Night","8:51 PM","12:05 AM","Frog","Hylidae","","Osteocephalus","Varzea","Broad-headed Treefrogs","FG135","TBS","HAPL-01","Harpia Plot-Harpia","U","2024-07-14 20:51:00","2024-07-14","2024-07-15 00:05:00",3.23333333333333,"2024-07-14",2220
"2024-07-14","Night","8:51 PM","12:05 AM","Frog","Craugastoridae","quixensis","Oreobates","Varzea","Common Big-headed Frog","FG136","TBS","HAPL-01","Harpia Plot-Harpia","G","2024-07-14 20:51:00","2024-07-14","2024-07-15 00:05:00",3.23333333333333,"2024-07-14",2220
"2024-07-14","Night","8:51 PM","12:05 AM","Frog","Strabomantidae","","","Varzea","Terrestrial-breeding Frogs","FG137","TBS","HAPL-01","Harpia Plot-Harpia","G","2024-07-14 20:51:00","2024-07-14","2024-07-15 00:05:00",3.23333333333333,"2024-07-14",2220
"2024-07-14","Night","8:51 PM","12:05 AM","Frog","Bufonidae","margaritifera","Rhinella","Varzea","South American Common Toad","FG138","TBS","HAPL-01","Harpia Plot-Harpia","U","2024-07-14 20:51:00","2024-07-14","2024-07-15 00:05:00",3.23333333333333,"2024-07-14",2220
"2024-07-14","Night","8:51 PM","12:05 AM","Frog","Craugastoridae","quixensis","Oreobates","Varzea","Common Big-headed Frog","FG139","TBS","HAPL-01","Harpia Plot-Harpia","G","2024-07-14 20:51:00","2024-07-14","2024-07-15 00:05:00",3.23333333333333,"2024-07-14",2220
"2024-07-14","Night","8:51 PM","12:05 AM","Frog","Craugastoridae","quixensis","Oreobates","Varzea","Common Big-headed Frog","FG140","TBS","HARP-01","Harpia Plot-Harpia","G","2024-07-14 20:51:00","2024-07-14","2024-07-15 00:05:00",3.23333333333333,"2024-07-14",483
"2024-07-14","Night","8:51 PM","12:05 AM","Frog","Craugastoridae","lanthanites","Pristimantis","Terrafirme","Metallic Robber Frog","FG141","TBS","HARP-01","Harpia Plot-Harpia","U","2024-07-14 20:51:00","2024-07-14","2024-07-15 00:05:00",3.23333333333333,"2024-07-14",483
"2024-07-15","Night","8:14 PM","11:42 PM","Frog","Craugastoridae","quixensis","Oreobates","Varzea","Common Big-headed Frog","FG142","TBS","ANAC-01","Anaconda-Lago","U","2024-07-15 20:14:00","2024-07-15","2024-07-15 23:42:00",3.46666666666667,"2024-07-15",388
"2024-07-15","Night","8:14 PM","11:42 PM","Frog","Hylidae","","","Varzea","Tree Frogs & Allies","FG143","TBS","ANAC-01","Anaconda-Lago","U","2024-07-15 20:14:00","2024-07-15","2024-07-15 23:42:00",3.46666666666667,"2024-07-15",388
"2024-07-15","Night","8:14 PM","11:42 PM","Frog","Bufonidae","margaritifera","Rhinella","Varzea","South American Common Toad","FG144","TBS","ANAC-01","Anaconda-Lago","U","2024-07-15 20:14:00","2024-07-15","2024-07-15 23:42:00",3.46666666666667,"2024-07-15",388
"2024-07-15","Night","8:14 PM","11:42 PM","Frog","Craugastoridae","kichwarum","Pristimantis","Varzea","Jatun Sacha Rain Frog","FG145","TBS","ANAC-01","Anaconda-Lago","U","2024-07-15 20:14:00","2024-07-15","2024-07-15 23:42:00",3.46666666666667,"2024-07-15",388
"2024-07-15","Night","8:14 PM","11:42 PM","Frog","Leptodactylidae","","Leptodactylus","Varzea","Neotropical Grass Frogs","FG146","TBS","ANAC-01","Anaconda-Lago","G","2024-07-15 20:14:00","2024-07-15","2024-07-15 23:42:00",3.46666666666667,"2024-07-15",388
"2024-07-15","Night","8:14 PM","11:42 PM","Frog","Craugastoridae","quixensis","Oreobates","Varzea","Common Big-headed Frog","FG147","TBS","ANAC-01","Anaconda-Lago","G","2024-07-15 20:14:00","2024-07-15","2024-07-15 23:42:00",3.46666666666667,"2024-07-15",388
"2024-07-15","Night","8:14 PM","11:42 PM","Frog","Craugastoridae","quixensis","Oreobates","Varzea","Common Big-headed Frog","FG148","TBS","LAGO-02","Anaconda-Lago","G","2024-07-15 20:14:00","2024-07-15","2024-07-15 23:42:00",3.46666666666667,"2024-07-15",1450
"2024-07-15","Night","8:14 PM","11:42 PM","Frog","Craugastoridae","quixensis","Oreobates","Varzea","Common Big-headed Frog","FG149","TBS","LAGO-02","Anaconda-Lago","G","2024-07-15 20:14:00","2024-07-15","2024-07-15 23:42:00",3.46666666666667,"2024-07-15",1450
"2024-07-15","Night","8:14 PM","11:42 PM","Frog","Bufonidae","margaritifera","Rhinella","Varzea","South American Common Toad","FG150","TBS","LAGO-02","Anaconda-Lago","U","2024-07-15 20:14:00","2024-07-15","2024-07-15 23:42:00",3.46666666666667,"2024-07-15",1450
"2024-07-15","Night","8:14 PM","11:42 PM","Frog","Craugastoridae","quixensis","Oreobates","Varzea","Common Big-headed Frog","FG151","TBS","LAGO-02","Anaconda-Lago","G","2024-07-15 20:14:00","2024-07-15","2024-07-15 23:42:00",3.46666666666667,"2024-07-15",1450
"2024-07-15","Night","8:14 PM","11:42 PM","Frog","Hylidae","taurinus","Osteocephalus","Varzea","Manaus Spiny-backed Treefrog","FG152","TBS","LAGO-02","Anaconda-Lago","U","2024-07-15 20:14:00","2024-07-15","2024-07-15 23:42:00",3.46666666666667,"2024-07-15",1450
"2024-07-15","Night","8:14 PM","11:42 PM","Frog","Hylidae","planiceps","Osteocephalus","Varzea","Flat-headed Spiny-backed Treefrog","FG153","TBS","LAGO-02","Anaconda-Lago","U","2024-07-15 20:14:00","2024-07-15","2024-07-15 23:42:00",3.46666666666667,"2024-07-15",1450
"2024-07-15","Night","8:14 PM","11:42 PM","Frog","Bufonidae","margaritifera","Rhinella","Varzea","South American Common Toad","FG154","TBS","LAGO-02","Anaconda-Lago","U","2024-07-15 20:14:00","2024-07-15","2024-07-15 23:42:00",3.46666666666667,"2024-07-15",1450
"2024-07-15","Night","8:14 PM","11:42 PM","Frog","Aromobatidae","femoralis","Allobates","Varzea","Spotted-thighed Poison Frog","FG155","TBS","LAGO-02","Anaconda-Lago","G","2024-07-15 20:14:00","2024-07-15","2024-07-15 23:42:00",3.46666666666667,"2024-07-15",1450
"2024-07-15","Night","8:14 PM","11:42 PM","Frog","Hylidae","yasuni","Osteocephalus","Varzea","Yasuni Spiny-backed Treefrog","FG156","TBS","LAGO-02","Anaconda-Lago","U","2024-07-15 20:14:00","2024-07-15","2024-07-15 23:42:00",3.46666666666667,"2024-07-15",1450
"2024-07-15","Night","8:14 PM","11:42 PM","Frog","Hylidae","","Boana","Varzea","Gladiator Treefrogs","FG157","TBS","LAGO-02","Anaconda-Lago","U","2024-07-15 20:14:00","2024-07-15","2024-07-15 23:42:00",3.46666666666667,"2024-07-15",1450
"2024-07-15","Night","8:14 PM","11:42 PM","Frog","Hylidae","calcarata","Boana","Varzea","Convict Treefrog","FG158","TBS","LAGO-02","Anaconda-Lago","U","2024-07-15 20:14:00","2024-07-15","2024-07-15 23:42:00",3.46666666666667,"2024-07-15",1450
"2024-07-15","Night","8:14 PM","11:42 PM","Frog","Craugastoridae","quixensis","Oreobates","Varzea","Common Big-headed Frog","FG159","TBS","LAGO-02","Anaconda-Lago","G","2024-07-15 20:14:00","2024-07-15","2024-07-15 23:42:00",3.46666666666667,"2024-07-15",1450
"2024-07-15","Night","8:14 PM","11:42 PM","Frog","Hylidae","","Osteocephalus","Varzea","Broad-headed Treefrogs","FG160","TBS","LAGO-02","Anaconda-Lago","U","2024-07-15 20:14:00","2024-07-15","2024-07-15 23:42:00",3.46666666666667,"2024-07-15",1450
"2024-07-15","Night","8:14 PM","11:42 PM","Frog","Hylidae","","","Varzea","Tree Frogs & Allies","FG161","TBS","LAGO-02","Anaconda-Lago","U","2024-07-15 20:14:00","2024-07-15","2024-07-15 23:42:00",3.46666666666667,"2024-07-15",1450
"2024-07-15","Night","8:14 PM","11:42 PM","Frog","Hylidae","yasuni","Osteocephalus","Varzea","Yasuni Spiny-backed Treefrog","FG162","TBS","LAGO-02","Anaconda-Lago","U","2024-07-15 20:14:00","2024-07-15","2024-07-15 23:42:00",3.46666666666667,"2024-07-15",1450
"2024-07-15","Night","8:14 PM","11:42 PM","Frog","Hylidae","calcarata","Boana","Varzea","Convict Treefrog","FG163","TBS","LAGO-02","Anaconda-Lago","U","2024-07-15 20:14:00","2024-07-15","2024-07-15 23:42:00",3.46666666666667,"2024-07-15",1450
"2024-07-15","Night","8:14 PM","11:42 PM","Frog","Hylidae","calcarata","Boana","Varzea","Convict Treefrog","FG164","TBS","LAGO-02","Anaconda-Lago","C","2024-07-15 20:14:00","2024-07-15","2024-07-15 23:42:00",3.46666666666667,"2024-07-15",1450
"2024-07-15","Night","8:14 PM","11:42 PM","Frog","Hylidae","taurinus","Osteocephalus","Varzea","Manaus Spiny-backed Treefrog","FG165","TBS","LAGO-02","Anaconda-Lago","U","2024-07-15 20:14:00","2024-07-15","2024-07-15 23:42:00",3.46666666666667,"2024-07-15",1450
"2024-07-17","Night","8:14 PM","11:22 PM","Frog","Craugastoridae","altamazonicus","Pristimantis","Terrafirme","Amazon Rain Frog","FG166","TBS","PUPL-01","Puma-Puma Plot","U","2024-07-17 20:14:00","2024-07-17","2024-07-17 23:22:00",3.13333333333333,"2024-07-17",270
"2024-07-17","Night","8:14 PM","11:22 PM","Frog","Craugastoridae","quixensis","Oreobates","Terrafirme","Common Big-headed Frog","FG167","TBS","PUPL-02","Puma-Puma Plot","G","2024-07-17 20:14:00","2024-07-17","2024-07-17 23:22:00",3.13333333333333,"2024-07-17",652
"2024-07-17","Night","8:14 PM","11:22 PM","Frog","Hylidae","planiceps","Osteocephalus","Terrafirme","Flat-headed Spiny-backed Treefrog","FG168","TBS","PUPL-02","Puma-Puma Plot","U","2024-07-17 20:14:00","2024-07-17","2024-07-17 23:22:00",3.13333333333333,"2024-07-17",652
"2024-07-17","Night","8:14 PM","11:22 PM","Frog","Hylidae","","Osteocephalus","Terrafirme","Broad-headed Treefrogs","FG169","TBS","PUPL-02","Puma-Puma Plot","U","2024-07-17 20:14:00","2024-07-17","2024-07-17 23:22:00",3.13333333333333,"2024-07-17",652
"2024-07-17","Night","8:14 PM","11:22 PM","Frog","Craugastoridae","kichwarum","Pristimantis","Varzea","Jatun Sacha Rain Frog","FG170","TBS","PUPL-04","Puma-Puma Plot","U","2024-07-17 20:14:00","2024-07-17","2024-07-17 23:22:00",3.13333333333333,"2024-07-17",411
"2024-07-17","Night","8:14 PM","11:22 PM","Frog","Hylidae","calcarata","Boana","Varzea","Convict Treefrog","FG171","TBS","PUPL-04","Puma-Puma Plot","U","2024-07-17 20:14:00","2024-07-17","2024-07-17 23:22:00",3.13333333333333,"2024-07-17",411
"2024-07-17","Night","8:14 PM","11:22 PM","Frog","Hylidae","taurinus","Osteocephalus","Varzea","Manaus Spiny-backed Treefrog","FG172","TBS","PUPL-04","Puma-Puma Plot","U","2024-07-17 20:14:00","2024-07-17","2024-07-17 23:22:00",3.13333333333333,"2024-07-17",411
"2024-07-17","Night","8:14 PM","11:22 PM","Frog","Craugastoridae","kichwarum","Pristimantis","Varzea","Jatun Sacha Rain Frog","FG173","TBS","PUPL-07","Puma-Puma Plot","G","2024-07-17 20:14:00","2024-07-17","2024-07-17 23:22:00",3.13333333333333,"2024-07-17",143
"2024-07-17","Night","8:14 PM","11:22 PM","Frog","Hylidae","calcarata","Boana","Varzea","Convict Treefrog","FG174","TBS","PUPL-06","Puma-Puma Plot","U","2024-07-17 20:14:00","2024-07-17","2024-07-17 23:22:00",3.13333333333333,"2024-07-17",139
"2024-07-18","Night","8:00 PM","10:50 PM","Frog","Hylidae","planiceps","Osteocephalus","Varzea","Flat-headed Spiny-backed Treefrog","FG175","TBS","HAPL-01","Harpia Plot-Harpia-Matapalo","U","2024-07-18 20:00:00","2024-07-18","2024-07-18 22:50:00",2.83333333333333,"2024-07-18",2220
"2024-07-18","Night","8:00 PM","10:50 PM","Frog","Craugastoridae","altamazonicus","Pristimantis","Varzea","Amazon Rain Frog","FG176","TBS","HAPL-01","Harpia Plot-Harpia-Matapalo","G","2024-07-18 20:00:00","2024-07-18","2024-07-18 22:50:00",2.83333333333333,"2024-07-18",2220
"2024-07-18","Night","8:00 PM","10:50 PM","Frog","Bufonidae","margaritifera","Rhinella","Terrafirme","South American Common Toad","FG177","TBS","HAPL-01","Harpia Plot-Harpia-Matapalo","U","2024-07-18 20:00:00","2024-07-18","2024-07-18 22:50:00",2.83333333333333,"2024-07-18",2220
"2024-07-18","Night","8:00 PM","10:50 PM","Frog","Hylidae","calcarata","Boana","Varzea","Convict Treefrog","FG178","TBS","HAPL-01","Harpia Plot-Harpia-Matapalo","U","2024-07-18 20:00:00","2024-07-18","2024-07-18 22:50:00",2.83333333333333,"2024-07-18",2220
"2024-07-18","Night","8:00 PM","10:50 PM","Frog","Craugastoridae","quixensis","Oreobates","Terrafirme","Common Big-headed Frog","FG179","TBS","HAPL-01","Harpia Plot-Harpia-Matapalo","G","2024-07-18 20:00:00","2024-07-18","2024-07-18 22:50:00",2.83333333333333,"2024-07-18",2220
"2024-07-18","Night","8:00 PM","10:50 PM","Frog","Bufonidae","margaritifera","Rhinella","Terrafirme","South American Common Toad","FG180","TBS","HARP-01","Harpia Plot-Harpia-Matapalo","U","2024-07-18 20:00:00","2024-07-18","2024-07-18 22:50:00",2.83333333333333,"2024-07-18",483
"2024-07-20","Night","8:06 PM","11:51 PM","Frog","Craugastoridae","kichwarum","Pristimantis","Terrafirme","Jatun Sacha Rain Frog","FG181","TBS","PUMA-01","Puma-Puma Plot","U","2024-07-20 20:06:00","2024-07-20","2024-07-20 23:51:00",3.75,"2024-07-20",750
"2024-07-20","Night","8:06 PM","11:51 PM","Frog","Hylidae","planiceps","Osteocephalus","Terrafirme","Flat-headed Spiny-backed Treefrog","FG182","TBS","PUPL-10","Puma-Puma Plot","U","2024-07-20 20:06:00","2024-07-20","2024-07-20 23:51:00",3.75,"2024-07-20",248
"2024-07-20","Night","8:06 PM","11:51 PM","Frog","Hylidae","","Osteocephalus","Terrafirme","Broad-headed Treefrogs","FG183","TBS","PUPL-02","Puma-Puma Plot","U","2024-07-20 20:06:00","2024-07-20","2024-07-20 23:51:00",3.75,"2024-07-20",652
"2024-07-20","Night","8:06 PM","11:51 PM","Frog","Hylidae","vaillantii","Phyllomedusa","Varzea","White-lined Leaf Frog","FG184","TBS","PUPL-04","Puma-Puma Plot","U","2024-07-20 20:06:00","2024-07-20","2024-07-20 23:51:00",3.75,"2024-07-20",411
"2024-07-20","Night","8:06 PM","11:51 PM","Frog","Craugastoridae","quixensis","Oreobates","Terrafirme","Common Big-headed Frog","FG185","TBS","PUPL-04","Puma-Puma Plot","G","2024-07-20 20:06:00","2024-07-20","2024-07-20 23:51:00",3.75,"2024-07-20",411
"2024-07-20","Night","8:06 PM","11:51 PM","Salamander","Plethodontidae","peruviana","Bolitoglossa","Varzea","Peruvian Climbing Salamander","SL10","TBS","PUPL-06","Puma-Puma Plot","U","2024-07-20 20:06:00","2024-07-20","2024-07-20 23:51:00",3.75,"2024-07-20",139
"2024-07-20","Night","8:06 PM","11:51 PM","Frog","Craugastoridae","altamazonicus","Pristimantis","Varzea","Amazon Rain Frog","FG186","TBS","PUPL-06","Puma-Puma Plot","G","2024-07-20 20:06:00","2024-07-20","2024-07-20 23:51:00",3.75,"2024-07-20",139
"2024-07-20","Night","8:06 PM","11:51 PM","Frog","Dendrobatidae","bilinguis","Ameerega","Terrafirme","Ecuador Poison Frog","FG187","TBS","PUPL-11","Puma-Puma Plot","G","2024-07-20 20:06:00","2024-07-20","2024-07-20 23:51:00",3.75,"2024-07-20",324
"2024-07-23","Night","8:09 PM","10:46 PM","Frog","Craugastoridae","","Pristimantis","Varzea","Rain and Robber Frogs","FG188","YRS","TINA-01","Tinamou-Napo-Pantano-Botanico-Gran Ficus","G","2024-07-23 20:09:00","2024-07-23","2024-07-23 22:46:00",2.61666666666667,"2024-07-23",NA
"2024-07-23","Night","8:09 PM","10:46 PM","Frog","Bufonidae","margaritifera","Rhinella","Varzea","South American Common Toad","FG189","YRS","TINA-02","Tinamou-Napo-Pantano-Botanico-Gran Ficus","U","2024-07-23 20:09:00","2024-07-23","2024-07-23 22:46:00",2.61666666666667,"2024-07-23",NA
"2024-07-23","Night","8:09 PM","10:46 PM","Frog","Hylidae","taurinus","Osteocephalus","Terrafirme","Manaus Spiny-backed Treefrog","FG190","YRS","TINA-02","Tinamou-Napo-Pantano-Botanico-Gran Ficus","U","2024-07-23 20:09:00","2024-07-23","2024-07-23 22:46:00",2.61666666666667,"2024-07-23",NA
"2024-07-23","Night","8:09 PM","10:46 PM","Frog","Microhylidae","bassleri","Chiasmocleis","Terrafirme","Bassler's Humming Frog","FG191","YRS","TINA-02","Tinamou-Napo-Pantano-Botanico-Gran Ficus","G","2024-07-23 20:09:00","2024-07-23","2024-07-23 22:46:00",2.61666666666667,"2024-07-23",NA
"2024-07-23","Night","8:09 PM","10:46 PM","Frog","Leptodactylidae","knudseni","Leptodactylus","Terrafirme","Knudsen's Thin-toed Frog","FG192","YRS","TINA-02","Tinamou-Napo-Pantano-Botanico-Gran Ficus","G","2024-07-23 20:09:00","2024-07-23","2024-07-23 22:46:00",2.61666666666667,"2024-07-23",NA
"2024-07-23","Night","8:09 PM","10:46 PM","Frog","Hylidae","yasuni","Osteocephalus","Terrafirme","Yasuni Spiny-backed Treefrog","FG193","YRS","TINA-02","Tinamou-Napo-Pantano-Botanico-Gran Ficus","U","2024-07-23 20:09:00","2024-07-23","2024-07-23 22:46:00",2.61666666666667,"2024-07-23",NA
"2024-07-23","Night","8:09 PM","10:46 PM","Salamander","Plethodontidae","altamazonica","Bolitoglossa","Terrafirme","Amazon Climbing Salamander","SL11","YRS","TINA-02","Tinamou-Napo-Pantano-Botanico-Gran Ficus","U","2024-07-23 20:09:00","2024-07-23","2024-07-23 22:46:00",2.61666666666667,"2024-07-23",NA
"2024-07-23","Night","8:09 PM","10:46 PM","Frog","Hylidae","","Osteocephalus","Varzea","Broad-headed Treefrogs","FG194","YRS","PANT-01","Tinamou-Napo-Pantano-Botanico-Gran Ficus","U","2024-07-23 20:09:00","2024-07-23","2024-07-23 22:46:00",2.61666666666667,"2024-07-23",NA
"2024-07-23","Night","8:09 PM","10:46 PM","Frog","Craugastoridae","altamazonicus","Pristimantis","Terrafirme","Amazon Rain Frog","FG195","YRS","BOTA-03","Tinamou-Napo-Pantano-Botanico-Gran Ficus","U","2024-07-23 20:09:00","2024-07-23","2024-07-23 22:46:00",2.61666666666667,"2024-07-23",NA
"2024-07-23","Night","8:09 PM","10:46 PM","Frog","Bufonidae","margaritifera","Rhinella","Terrafirme","South American Common Toad","FG196","YRS","GRFI-01","Tinamou-Napo-Pantano-Botanico-Gran Ficus","U","2024-07-23 20:09:00","2024-07-23","2024-07-23 22:46:00",2.61666666666667,"2024-07-23",NA
"2024-07-25","Night","8:19 PM","10:44 PM","Frog","Leptodactylidae","knudseni","Leptodactylus","Terrafirme","Knudsen's Thin-toed Frog","FG197","YRS","FPIN-01","Forest Plot North Edge-Forest Plot Interior-Forest Plot North Edge-Torre","G","2024-07-25 20:19:00","2024-07-25","2024-07-25 22:44:00",2.41666666666667,"2024-07-25",1053
"2024-07-25","Night","8:19 PM","10:44 PM","Frog","Leptodactylidae","pentadactylus","Leptodactylus","Terrafirme","Smoky Jungle Frog","FG198","YRS","FPIN-01","Forest Plot North Edge-Forest Plot Interior-Forest Plot North Edge-Torre","G","2024-07-25 20:19:00","2024-07-25","2024-07-25 22:44:00",2.41666666666667,"2024-07-25",1053
"2024-07-25","Night","8:19 PM","10:44 PM","Frog","Hylidae","appendiculata","Boana","Terrafirme","Canelos Treefrog","FG199","YRS","FPIN-01","Forest Plot North Edge-Forest Plot Interior-Forest Plot North Edge-Torre","U","2024-07-25 20:19:00","2024-07-25","2024-07-25 22:44:00",2.41666666666667,"2024-07-25",1053
"2024-07-25","Night","8:19 PM","10:44 PM","Salamander","Plethodontidae","altamazonica","Bolitoglossa","Terrafirme","Amazon Climbing Salamander","SL12","YRS","FPIN-01","Forest Plot North Edge-Forest Plot Interior-Forest Plot North Edge-Torre","U","2024-07-25 20:19:00","2024-07-25","2024-07-25 22:44:00",2.41666666666667,"2024-07-25",1053
"2024-07-25","Night","8:19 PM","10:44 PM","Frog","Craugastoridae","","Pristimantis","Terrafirme","Rain and Robber Frogs","FG200","YRS","FPIN-01","Forest Plot North Edge-Forest Plot Interior-Forest Plot North Edge-Torre","U","2024-07-25 20:19:00","2024-07-25","2024-07-25 22:44:00",2.41666666666667,"2024-07-25",1053
"2024-07-26","Night","8:02 PM","10:54 PM","Frog","Ranidae","palmipes","Lithobates","Varzea","Amazon River Frog","FG201","YRS","GAWA-01","Gawape-Garza-Tucan-Napo-Kinkajou-Chorongo-Tucan-Gawape","G","2024-07-26 20:02:00","2024-07-26","2024-07-26 22:54:00",2.86666666666667,"2024-07-26",272
"2024-07-26","Night","8:02 PM","10:54 PM","Frog","Craugastoridae","kichwarum","Pristimantis","Varzea","Jatun Sacha Rain Frog","FG202","YRS","GAWA-01","Gawape-Garza-Tucan-Napo-Kinkajou-Chorongo-Tucan-Gawape","G","2024-07-26 20:02:00","2024-07-26","2024-07-26 22:54:00",2.86666666666667,"2024-07-26",272
"2024-07-26","Night","8:02 PM","10:54 PM","Frog","Hylidae","taurinus","Osteocephalus","Terrafirme","Manaus Spiny-backed Treefrog","FG203","YRS","GARZ-01","Gawape-Garza-Tucan-Napo-Kinkajou-Chorongo-Tucan-Gawape","U","2024-07-26 20:02:00","2024-07-26","2024-07-26 22:54:00",2.86666666666667,"2024-07-26",223
"2024-07-26","Night","8:02 PM","10:54 PM","Frog","Dendrobatidae","bilinguis","Ameerega","Terrafirme","Ecuador Poison Frog","FG204","YRS","GARZ-01","Gawape-Garza-Tucan-Napo-Kinkajou-Chorongo-Tucan-Gawape","U","2024-07-26 20:02:00","2024-07-26","2024-07-26 22:54:00",2.86666666666667,"2024-07-26",223
"2024-07-26","Night","8:02 PM","10:54 PM","Frog","Hylidae","yasuni","Osteocephalus","Terrafirme","Yasuni Spiny-backed Treefrog","FG205","YRS","KINK-01","Gawape-Garza-Tucan-Napo-Kinkajou-Chorongo-Tucan-Gawape","U","2024-07-26 20:02:00","2024-07-26","2024-07-26 22:54:00",2.86666666666667,"2024-07-26",321
"2024-07-26","Night","8:02 PM","10:54 PM","Frog","Hylidae","yasuni","Osteocephalus","Terrafirme","Yasuni Spiny-backed Treefrog","FG206","YRS","YCHO-02","Gawape-Garza-Tucan-Napo-Kinkajou-Chorongo-Tucan-Gawape","U","2024-07-26 20:02:00","2024-07-26","2024-07-26 22:54:00",2.86666666666667,"2024-07-26",691
"2024-07-26","Night","8:02 PM","10:54 PM","Frog","Hylidae","taurinus","Osteocephalus","Varzea","Manaus Spiny-backed Treefrog","FG207","YRS","YCHO-02","Gawape-Garza-Tucan-Napo-Kinkajou-Chorongo-Tucan-Gawape","U","2024-07-26 20:02:00","2024-07-26","2024-07-26 22:54:00",2.86666666666667,"2024-07-26",691
"2024-07-26","Night","8:02 PM","10:54 PM","Frog","Bufonidae","margaritifera","Rhinella","Varzea","South American Common Toad","FG208","YRS","YCHO-02","Gawape-Garza-Tucan-Napo-Kinkajou-Chorongo-Tucan-Gawape","G","2024-07-26 20:02:00","2024-07-26","2024-07-26 22:54:00",2.86666666666667,"2024-07-26",691
"2024-07-26","Night","8:02 PM","10:54 PM","Frog","Hylidae","lanciformis","Boana","Varzea","Basin Tree Frog","FG209","YRS","GAWA-03","Gawape-Garza-Tucan-Napo-Kinkajou-Chorongo-Tucan-Gawape","U","2024-07-26 20:02:00","2024-07-26","2024-07-26 22:54:00",2.86666666666667,"2024-07-26",692
"2024-07-26","Night","8:02 PM","10:54 PM","Frog","Hylidae","marmoratus","Dendropsophus","Varzea","Marbled Tree Frog","FG210","YRS","GAWA-03","Gawape-Garza-Tucan-Napo-Kinkajou-Chorongo-Tucan-Gawape","U","2024-07-26 20:02:00","2024-07-26","2024-07-26 22:54:00",2.86666666666667,"2024-07-26",692
"2024-07-26","Night","8:02 PM","10:54 PM","Frog","Craugastoridae","quixensis","Oreobates","Varzea","Common Big-headed Frog","FG211","YRS","GAWA-03","Gawape-Garza-Tucan-Napo-Kinkajou-Chorongo-Tucan-Gawape","U","2024-07-26 20:02:00","2024-07-26","2024-07-26 22:54:00",2.86666666666667,"2024-07-26",692
"2024-07-26","Night","8:02 PM","10:54 PM","Frog","Ranidae","palmipes","Lithobates","Varzea","Amazon River Frog","FG212","YRS","GAWA-03","Gawape-Garza-Tucan-Napo-Kinkajou-Chorongo-Tucan-Gawape","G","2024-07-26 20:02:00","2024-07-26","2024-07-26 22:54:00",2.86666666666667,"2024-07-26",692
"2024-07-26","Night","8:02 PM","10:54 PM","Frog","Leptodactylidae","pentadactylus","Leptodactylus","Varzea","Smoky Jungle Frog","FG213","YRS","GAWA-02","Gawape-Garza-Tucan-Napo-Kinkajou-Chorongo-Tucan-Gawape","G","2024-07-26 20:02:00","2024-07-26","2024-07-26 22:54:00",2.86666666666667,"2024-07-26",650
"2024-07-26","Night","8:02 PM","10:54 PM","Frog","Craugastoridae","altamazonicus","Pristimantis","Varzea","Amazon Rain Frog","FG214","YRS","GAWA-02","Gawape-Garza-Tucan-Napo-Kinkajou-Chorongo-Tucan-Gawape","G","2024-07-26 20:02:00","2024-07-26","2024-07-26 22:54:00",2.86666666666667,"2024-07-26",650
"2024-07-26","Night","8:02 PM","10:54 PM","Frog","Hylidae","taurinus","Osteocephalus","Varzea","Manaus Spiny-backed Treefrog","FG215","YRS","GAWA-02","Gawape-Garza-Tucan-Napo-Kinkajou-Chorongo-Tucan-Gawape","G","2024-07-26 20:02:00","2024-07-26","2024-07-26 22:54:00",2.86666666666667,"2024-07-26",650
"2024-07-28","Night","8:27 PM","11:31 PM","Frog","Dendrobatidae","bilinguis","Ameerega","Varzea","Ecuador Poison Frog","FG216","YRS","PERU-05","Peru-Ceiba","U","2024-07-28 20:27:00","2024-07-28","2024-07-28 23:31:00",3.06666666666667,"2024-07-28",301
"2024-07-28","Night","8:27 PM","11:31 PM","Salamander","Plethodontidae","altamazonica","Bolitoglossa","Terrafirme","Amazon Climbing Salamander","SL13","YRS","PERU-05","Peru-Ceiba","U","2024-07-28 20:27:00","2024-07-28","2024-07-28 23:31:00",3.06666666666667,"2024-07-28",301
"2024-07-28","Night","8:27 PM","11:31 PM","Frog","Craugastoridae","conspicillatus","Pristimantis","Terrafirme","Chirping Robber Frog","FG217","YRS","PERU-05","Peru-Ceiba","U","2024-07-28 20:27:00","2024-07-28","2024-07-28 23:31:00",3.06666666666667,"2024-07-28",301
"2024-07-28","Night","8:27 PM","11:31 PM","Salamander","Plethodontidae","altamazonica","Bolitoglossa","Terrafirme","Amazon Climbing Salamander","SL14","YRS","PERU-05","Peru-Ceiba","U","2024-07-28 20:27:00","2024-07-28","2024-07-28 23:31:00",3.06666666666667,"2024-07-28",301
"2024-07-28","Night","8:27 PM","11:31 PM","Frog","Hylidae","yasuni","Osteocephalus","Terrafirme","Yasuni Spiny-backed Treefrog","FG218","YRS","PERU-03","Peru-Ceiba","U","2024-07-28 20:27:00","2024-07-28","2024-07-28 23:31:00",3.06666666666667,"2024-07-28",175
"2024-07-28","Night","8:27 PM","11:31 PM","Frog","Hylidae","","Osteocephalus","Terrafirme","Broad-headed Treefrogs","FG219","YRS","PERU-03","Peru-Ceiba","U","2024-07-28 20:27:00","2024-07-28","2024-07-28 23:31:00",3.06666666666667,"2024-07-28",175
"2024-07-28","Night","8:27 PM","11:31 PM","Frog","Hylidae","taurinus","Osteocephalus","Varzea","Manaus Spiny-backed Treefrog","FG220","YRS","PERU-02","Peru-Ceiba","U","2024-07-28 20:27:00","2024-07-28","2024-07-28 23:31:00",3.06666666666667,"2024-07-28",738
"2024-07-28","Night","8:27 PM","11:31 PM","Salamander","Plethodontidae","altamazonica","Bolitoglossa","Terrafirme","Amazon Climbing Salamander","SL15","YRS","PERU-02","Peru-Ceiba","U","2024-07-28 20:27:00","2024-07-28","2024-07-28 23:31:00",3.06666666666667,"2024-07-28",738
"2024-07-28","Night","8:27 PM","11:31 PM","Frog","Hylidae","taurinus","Osteocephalus","Terrafirme","Manaus Spiny-backed Treefrog","FG221","YRS","PERU-02","Peru-Ceiba","U","2024-07-28 20:27:00","2024-07-28","2024-07-28 23:31:00",3.06666666666667,"2024-07-28",738
"2024-07-28","Night","8:27 PM","11:31 PM","Salamander","Plethodontidae","altamazonica","Bolitoglossa","Terrafirme","Amazon Climbing Salamander","SL16","YRS","PERU-02","Peru-Ceiba","U","2024-07-28 20:27:00","2024-07-28","2024-07-28 23:31:00",3.06666666666667,"2024-07-28",738
"2024-07-28","Night","8:27 PM","11:31 PM","Frog","Bufonidae","margaritifera","Rhinella","Varzea","South American Common Toad","FG222","YRS","CEIB-01","Peru-Ceiba","U","2024-07-28 20:27:00","2024-07-28","2024-07-28 23:31:00",3.06666666666667,"2024-07-28",490
"2024-07-28","Night","8:27 PM","11:31 PM","Frog","Bufonidae","margaritifera","Rhinella","Terrafirme","South American Common Toad","FG223","YRS","CEIB-01","Peru-Ceiba","U","2024-07-28 20:27:00","2024-07-28","2024-07-28 23:31:00",3.06666666666667,"2024-07-28",490
"2024-07-28","Night","8:27 PM","11:31 PM","Frog","Hylidae","yasuni","Osteocephalus","Varzea","Yasuni Spiny-backed Treefrog","FG224","YRS","CEIB-01","Peru-Ceiba","U","2024-07-28 20:27:00","2024-07-28","2024-07-28 23:31:00",3.06666666666667,"2024-07-28",490
"2024-07-29","Night","8:20 PM","10:48 PM","Salamander","Plethodontidae","peruviana","Bolitoglossa","Terrafirme","Peruvian Climbing Salamander","SL17","YRS","YCHO-01","Chorongo-Kinkajou-Napo-Bariso-Tinamou-Botanico","U","2024-07-29 20:20:00","2024-07-29","2024-07-29 22:48:00",2.46666666666667,"2024-07-29",1230
"2024-07-29","Night","8:20 PM","10:48 PM","Salamander","Plethodontidae","altamazonica","Bolitoglossa","Varzea","Amazon Climbing Salamander","SL18","YRS","YCHO-01","Chorongo-Kinkajou-Napo-Bariso-Tinamou-Botanico","U","2024-07-29 20:20:00","2024-07-29","2024-07-29 22:48:00",2.46666666666667,"2024-07-29",1230
"2024-07-29","Night","8:20 PM","10:48 PM","Frog","Leptodactylidae","petersi","Engystomops","Terrafirme","Painted Forest Toadlet","FG225","YRS","YCHO-01","Chorongo-Kinkajou-Napo-Bariso-Tinamou-Botanico","G","2024-07-29 20:20:00","2024-07-29","2024-07-29 22:48:00",2.46666666666667,"2024-07-29",1230
"2024-07-29","Night","8:20 PM","10:48 PM","Frog","Bufonidae","margaritifera","Rhinella","Terrafirme","South American Common Toad","FG226","YRS","YCHO-01","Chorongo-Kinkajou-Napo-Bariso-Tinamou-Botanico","U","2024-07-29 20:20:00","2024-07-29","2024-07-29 22:48:00",2.46666666666667,"2024-07-29",1230
"2024-07-29","Night","8:20 PM","10:48 PM","Frog","Dendrobatidae","bilinguis","Ameerega","Varzea","Ecuador Poison Frog","FG227","YRS","KINK-01","Chorongo-Kinkajou-Napo-Bariso-Tinamou-Botanico","U","2024-07-29 20:20:00","2024-07-29","2024-07-29 22:48:00",2.46666666666667,"2024-07-29",321
"2024-07-29","Night","8:20 PM","10:48 PM","Frog","Craugastoridae","quixensis","Oreobates","Varzea","Common Big-headed Frog","FG228","YRS","KINK-01","Chorongo-Kinkajou-Napo-Bariso-Tinamou-Botanico","G","2024-07-29 20:20:00","2024-07-29","2024-07-29 22:48:00",2.46666666666667,"2024-07-29",321
"2024-07-29","Night","8:20 PM","10:48 PM","Frog","Craugastoridae","conspicillatus","Pristimantis","Varzea","Chirping Robber Frog","FG229","YRS","NAPO-04","Chorongo-Kinkajou-Napo-Bariso-Tinamou-Botanico","U","2024-07-29 20:20:00","2024-07-29","2024-07-29 22:48:00",2.46666666666667,"2024-07-29",220
"2024-07-29","Night","8:20 PM","10:48 PM","Frog","Craugastoridae","kichwarum","Pristimantis","Terrafirme","Jatun Sacha Rain Frog","FG230","YRS","BARI-01","Chorongo-Kinkajou-Napo-Bariso-Tinamou-Botanico","G","2024-07-29 20:20:00","2024-07-29","2024-07-29 22:48:00",2.46666666666667,"2024-07-29",340
"2024-07-29","Night","8:20 PM","10:48 PM","Frog","Hylidae","","Osteocephalus","Varzea","Broad-headed Treefrogs","FG231","YRS","TINA-01","Chorongo-Kinkajou-Napo-Bariso-Tinamou-Botanico","U","2024-07-29 20:20:00","2024-07-29","2024-07-29 22:48:00",2.46666666666667,"2024-07-29",65
"2024-07-31","Night","8:38 PM","11:53 PM","Frog","Craugastoridae","quixensis","Oreobates","Varzea","Common Big-headed Frog","FG232","YRS","TORR-01","Torre-Forest Plot North Edge-Forest Plot Interior","G","2024-07-31 20:38:00","2024-07-31","2024-07-31 23:53:00",3.25,"2024-07-31",900
"2024-07-31","Night","8:38 PM","11:53 PM","Frog","Hylidae","geographicans","Boana","Varzea","Map Treefrog","FG233","YRS","TORR-01","Torre-Forest Plot North Edge-Forest Plot Interior","U","2024-07-31 20:38:00","2024-07-31","2024-07-31 23:53:00",3.25,"2024-07-31",900
"2024-07-31","Night","8:38 PM","11:53 PM","Frog","Dendrobatidae","bilinguis","Ameerega","Terrafirme","Ecuador Poison Frog","FG234","YRS","TORR-01","Torre-Forest Plot North Edge-Forest Plot Interior","U","2024-07-31 20:38:00","2024-07-31","2024-07-31 23:53:00",3.25,"2024-07-31",900
"2024-07-31","Night","8:38 PM","11:53 PM","Frog","Dendrobatidae","ventrimaculata","Ranitomeya","Terrafirme","Reticulated Poison Frog","FG235","YRS","TORR-01","Torre-Forest Plot North Edge-Forest Plot Interior","U","2024-07-31 20:38:00","2024-07-31","2024-07-31 23:53:00",3.25,"2024-07-31",900
"2024-07-31","Night","8:38 PM","11:53 PM","Frog","Dendrobatidae","ventrimaculata","Ranitomeya","Terrafirme","Reticulated Poison Frog","FG236","YRS","TORR-01","Torre-Forest Plot North Edge-Forest Plot Interior","U","2024-07-31 20:38:00","2024-07-31","2024-07-31 23:53:00",3.25,"2024-07-31",900
"2024-07-31","Night","8:38 PM","11:53 PM","Frog","Hylidae","vaillantii","Phyllomedusa","Terrafirme","White-lined Leaf Frog","FG237","YRS","TORR-01","Torre-Forest Plot North Edge-Forest Plot Interior","U","2024-07-31 20:38:00","2024-07-31","2024-07-31 23:53:00",3.25,"2024-07-31",900
"2024-07-31","Night","8:38 PM","11:53 PM","Salamander","Plethodontidae","peruviana","Bolitoglossa","Terrafirme","Peruvian Climbing Salamander","SL19","YRS","FPIN-01","Torre-Forest Plot North Edge-Forest Plot Interior","U","2024-07-31 20:38:00","2024-07-31","2024-07-31 23:53:00",3.25,"2024-07-31",1053
"2024-07-31","Night","8:38 PM","11:53 PM","Frog","Leptodactylidae","","Leptodactylus","Terrafirme","Neotropical Grass Frogs","FG238","YRS","FPIN-01","Torre-Forest Plot North Edge-Forest Plot Interior","G","2024-07-31 20:38:00","2024-07-31","2024-07-31 23:53:00",3.25,"2024-07-31",1053
"2024-07-31","Night","8:38 PM","11:53 PM","Salamander","Plethodontidae","altamazonica","Bolitoglossa","Terrafirme","Amazon Climbing Salamander","SL20","YRS","FPIN-01","Torre-Forest Plot North Edge-Forest Plot Interior","U","2024-07-31 20:38:00","2024-07-31","2024-07-31 23:53:00",3.25,"2024-07-31",1053
"2024-08-01","Night","8:07 PM","10:19 PM","Frog","Dendrobatidae","ventrimaculata","Ranitomeya","Terrafirme","Reticulated Poison Frog","FG239","YRS","TINA-02","Tinamou-Napo-Pantano-Botanico-Gran Ficus","U","2024-08-01 20:07:00","2024-08-01","2024-08-01 22:19:00",2.2,"2024-08-01",509
"2024-08-01","Night","8:07 PM","10:19 PM","Salamander","Plethodontidae","altamazonica","Bolitoglossa","Terrafirme","Amazon Climbing Salamander","SL21","YRS","TINA-02","Tinamou-Napo-Pantano-Botanico-Gran Ficus","U","2024-08-01 20:07:00","2024-08-01","2024-08-01 22:19:00",2.2,"2024-08-01",509
"2024-08-01","Night","8:07 PM","10:19 PM","Frog","Hylidae","taurinus","Osteocephalus","Terrafirme","Manaus Spiny-backed Treefrog","FG240","YRS","TINA-02","Tinamou-Napo-Pantano-Botanico-Gran Ficus","U","2024-08-01 20:07:00","2024-08-01","2024-08-01 22:19:00",2.2,"2024-08-01",509
"2024-08-01","Night","8:07 PM","10:19 PM","Frog","Hylidae","yasuni","Osteocephalus","Terrafirme","Yasuni Spiny-backed Treefrog","FG241","YRS","NAPO-02","Tinamou-Napo-Pantano-Botanico-Gran Ficus","U","2024-08-01 20:07:00","2024-08-01","2024-08-01 22:19:00",2.2,"2024-08-01",419
"2024-08-01","Night","8:07 PM","10:19 PM","Salamander","Plethodontidae","altamazonica","Bolitoglossa","Varzea","Amazon Climbing Salamander","SL22","YRS","BOTA-03","Tinamou-Napo-Pantano-Botanico-Gran Ficus","U","2024-08-01 20:07:00","2024-08-01","2024-08-01 22:19:00",2.2,"2024-08-01",250
"2024-08-01","Night","8:07 PM","10:19 PM","Frog","Hylidae","lanciformis","Boana","Varzea","Basin Tree Frog","FG242","YRS","BOTA-03","Tinamou-Napo-Pantano-Botanico-Gran Ficus","U","2024-08-01 20:07:00","2024-08-01","2024-08-01 22:19:00",2.2,"2024-08-01",250
"2024-06-19","Night","7:58 PM","10:50 PM","Lizard","Anolidae","scypheus","Anolis","Terrafirme","Yellow-tongued Anole","LZ01","TBS","PUMA-02","Guacamayo-Puma-Harpia-Chorongo-Guacamayo","U","2024-06-19 19:58:00","2024-06-19","2024-06-19 22:50:00",2.86666666666667,"2024-06-19",388
"2024-06-19","Night","7:58 PM","10:50 PM","Lizard","Phyllodactylidae","solimoensis","Thecadactylus","Terrafirme","Turniptail Gecko","LZ02","TBS","PUMA-02","Guacamayo-Puma-Harpia-Chorongo-Guacamayo","U","2024-06-19 19:58:00","2024-06-19","2024-06-19 22:50:00",2.86666666666667,"2024-06-19",388
"2024-06-19","Night","7:58 PM","10:50 PM","Lizard","Anolidae","fuscoauratus","Anolis","Terrafirme","Brown-eared Anole","LZ03","TBS","PUMA-02","Guacamayo-Puma-Harpia-Chorongo-Guacamayo","U","2024-06-19 19:58:00","2024-06-19","2024-06-19 22:50:00",2.86666666666667,"2024-06-19",388
"2024-06-19","Night","7:58 PM","10:50 PM","Lizard","Anolidae","punctatus","Anolis","Terrafirme","Amazon Green Anole","LZ04","TBS","GUAC-01","Guacamayo-Puma-Harpia-Chorongo-Guacamayo","U","2024-06-19 19:58:00","2024-06-19","2024-06-19 22:50:00",2.86666666666667,"2024-06-19",230
"2024-06-21","Night","8:11 PM","9:36 PM","Lizard","Anolidae","scypheus","Anolis","Terrafirme","Yellow-tongued Anole","LZ05","TBS","HARP-01","Matapalo-Harpia","U","2024-06-21 20:11:00","2024-06-21","2024-06-21 21:36:00",1.41666666666667,"2024-06-21",483
"2024-06-22","Night","8:06 PM","10:29 PM","Lizard","Hoplocercidae","laticeps","Enyalioides","Varzea","Broad-headed Wood Lizard","LZ06","TBS","ANAC-01","Anaconda-Lago","U","2024-06-22 20:06:00","2024-06-22","2024-06-22 22:29:00",2.38333333333333,"2024-06-22",388
"2024-06-22","Night","8:06 PM","10:29 PM","Lizard","Anolidae","trachyderma","Anolis","Varzea","Common Forest Anole","LZ07","TBS","ANAC-01","Anaconda-Lago","U","2024-06-22 20:06:00","2024-06-22","2024-06-22 22:29:00",2.38333333333333,"2024-06-22",388
"2024-06-22","Night","8:06 PM","10:29 PM","Lizard","Hoplocercidae","laticeps","Enyalioides","Varzea","Broad-headed Wood Lizard","LZ08","TBS","LAGO-02","Anaconda-Lago","U","2024-06-22 20:06:00","2024-06-22","2024-06-22 22:29:00",2.38333333333333,"2024-06-22",1450
"2024-06-22","Night","8:06 PM","10:29 PM","Lizard","Anolidae","scypheus","Anolis","Varzea","Yellow-tongued Anole","LZ09","TBS","LAGO-02","Anaconda-Lago","U","2024-06-22 20:06:00","2024-06-22","2024-06-22 22:29:00",2.38333333333333,"2024-06-22",1450
"2024-06-23","Night","8:00 PM","10:36 PM","Lizard","Hoplocercidae","laticeps","Enyalioides","Terrafirme","Broad-headed Wood Lizard","LZ10","TBS","MAPO-03","Matapalo-Murcielago-Puentes-Murcielago Pond-Puentes-Murcielago-Matapalo","U","2024-06-23 20:00:00","2024-06-23","2024-06-23 22:36:00",2.6,"2024-06-23",388
"2024-06-23","Night","8:00 PM","10:36 PM","Lizard","Hoplocercidae","laticeps","Enyalioides","Terrafirme","Broad-headed Wood Lizard","LZ11","TBS","MAPO-03","Matapalo-Murcielago-Puentes-Murcielago Pond-Puentes-Murcielago-Matapalo","G","2024-06-23 20:00:00","2024-06-23","2024-06-23 22:36:00",2.6,"2024-06-23",388
"2024-06-27","Night","8:07 PM","11:04 PM","Lizard","Anolidae","scypheus","Anolis","Terrafirme","Yellow-tongued Anole","LZ12","YRS","YCHO-01","Chorongo-Kinkajou-Napo-Bariso-Tinamou-Botanico","U","2024-06-27 20:07:00","2024-06-27","2024-06-27 23:04:00",2.95,"2024-06-27",1230
"2024-06-29","Night","8:04 PM","11:19 PM","Lizard","Anolidae","fuscoauratus","Anolis","Terrafirme","Brown-eared Anole","LZ13","YRS","GAWA-02","Gawape-Chorongo-Kinkajou-Napo-Tucan-Garza","U","2024-06-29 20:04:00","2024-06-29","2024-06-29 23:19:00",3.25,"2024-06-29",650
"2024-06-29","Night","8:04 PM","11:19 PM","Lizard","Anolidae","transversalis","Anolis","Varzea","Banded Tree Anole","LZ14","YRS","GAWA-03","Gawape-Chorongo-Kinkajou-Napo-Tucan-Garza","U","2024-06-29 20:04:00","2024-06-29","2024-06-29 23:19:00",3.25,"2024-06-29",692
"2024-07-02","Night","8:00 PM","11:11 PM","Lizard","Anolidae","scypheus","Anolis","Terrafirme","Yellow-tongued Anole","LZ15","YRS","FPPE-03","Forest Plot Perimeter","U","2024-07-02 20:00:00","2024-07-02","2024-07-02 23:11:00",3.18333333333333,"2024-07-02",88
"2024-07-03","Night","8:11 PM","11:07 PM","Lizard","Hoplocercidae","laticeps","Enyalioides","Varzea","Broad-headed Wood Lizard","LZ16","YRS","CEIB-01","Ceiba-Peru","U","2024-07-03 20:11:00","2024-07-03","2024-07-03 23:07:00",2.93333333333333,"2024-07-03",490
"2024-07-06","Night","8:29 PM","11:28 PM","Lizard","Anolidae","trachyderma","Anolis","Varzea","Common Forest Anole","LZ17","YRS","FPPE-02","Forest Plot Perimeter","U","2024-07-06 20:29:00","2024-07-06","2024-07-06 23:28:00",2.98333333333333,"2024-07-06",2520
"2024-07-06","Night","8:29 PM","11:28 PM","Lizard","Alopoglossidae","atriventris","Alopoglossus","Varzea","Keel-bellied Shade Lizard","LZ18","YRS","FPPE-02","Forest Plot Perimeter","G","2024-07-06 20:29:00","2024-07-06","2024-07-06 23:28:00",2.98333333333333,"2024-07-06",2520
"2024-07-10","Night","8:07 PM","10:58 PM","Lizard","Anolidae","scypheus","Anolis","Terrafirme","Yellow-tongued Anole","LZ19","TBS","DANT-01","Guacamayo-Danta-Lago","U","2024-07-10 20:07:00","2024-07-10","2024-07-10 22:58:00",2.85,"2024-07-10",591
"2024-07-10","Night","8:07 PM","10:58 PM","Lizard","Anolidae","transversalis","Anolis","Terrafirme","Banded Tree Anole","LZ20","TBS","DANT-01","Guacamayo-Danta-Lago","U","2024-07-10 20:07:00","2024-07-10","2024-07-10 22:58:00",2.85,"2024-07-10",591
"2024-07-10","Night","8:07 PM","10:58 PM","Lizard","Anolidae","scypheus","Anolis","Terrafirme","Yellow-tongued Anole","LZ21","TBS","LAGO-01","Guacamayo-Danta-Lago","G","2024-07-10 20:07:00","2024-07-10","2024-07-10 22:58:00",2.85,"2024-07-10",719
"2024-07-11","Night","8:08 PM","10:57 PM","Lizard","Anolidae","scypheus","Anolis","Varzea","Yellow-tongued Anole","LZ22","TBS","GUAC-03","Guacamayo-Puma-Harpia-Chorongo-Guacamayo","U","2024-07-11 20:08:00","2024-07-11","2024-07-11 22:57:00",2.81666666666667,"2024-07-11",279
"2024-07-11","Night","8:08 PM","10:57 PM","Lizard","Anolidae","scypheus","Anolis","Terrafirme","Yellow-tongued Anole","LZ23","TBS","PUMA-02","Guacamayo-Puma-Harpia-Chorongo-Guacamayo","U","2024-07-11 20:08:00","2024-07-11","2024-07-11 22:57:00",2.81666666666667,"2024-07-11",388
"2024-07-11","Night","8:08 PM","10:57 PM","Lizard","Anolidae","scypheus","Anolis","Terrafirme","Yellow-tongued Anole","LZ24","TBS","TCHO-01","Guacamayo-Puma-Harpia-Chorongo-Guacamayo","U","2024-07-11 20:08:00","2024-07-11","2024-07-11 22:57:00",2.81666666666667,"2024-07-11",481
"2024-07-14","Night","8:51 PM","12:05 AM","Lizard","Anolidae","scypheus","Anolis","Terrafirme","Yellow-tongued Anole","LZ25","TBS","HAPL-01","Harpia Plot-Harpia","U","2024-07-14 20:51:00","2024-07-14","2024-07-15 00:05:00",3.23333333333333,"2024-07-14",2220
"2024-07-15","Night","8:14 PM","11:42 PM","Lizard","Anolidae","scypheus","Anolis","Varzea","Yellow-tongued Anole","LZ26","TBS","LAGO-02","Anaconda-Lago","U","2024-07-15 20:14:00","2024-07-15","2024-07-15 23:42:00",3.46666666666667,"2024-07-15",1450
"2024-07-17","Night","8:14 PM","11:22 PM","Lizard","Phyllodactylidae","solimoensis","Thecadactylus","Terrafirme","Turniptail Gecko","LZ27","TBS","PUMA-01","Puma-Puma Plot","U","2024-07-17 20:14:00","2024-07-17","2024-07-17 23:22:00",3.13333333333333,"2024-07-17",750
"2024-07-17","Night","8:14 PM","11:22 PM","Lizard","Anolidae","scypheus","Anolis","Terrafirme","Yellow-tongued Anole","LZ28","TBS","PUPL-02","Puma-Puma Plot","U","2024-07-17 20:14:00","2024-07-17","2024-07-17 23:22:00",3.13333333333333,"2024-07-17",652
"2024-07-17","Night","8:14 PM","11:22 PM","Lizard","Anolidae","scypheus","Anolis","Varzea","Yellow-tongued Anole","LZ29","TBS","PUPL-08","Puma-Puma Plot","U","2024-07-17 20:14:00","2024-07-17","2024-07-17 23:22:00",3.13333333333333,"2024-07-17",139
"2024-07-18","Night","8:00 PM","10:50 PM","Lizard","Gymnophthalmidae","argulus","Cercosaura","Terrafirme","Elegant Eyed Lizard","LZ30","TBS","HARP-01","Harpia Plot-Harpia-Matapalo","U","2024-07-18 20:00:00","2024-07-18","2024-07-18 22:50:00",2.83333333333333,"2024-07-18",483
"2024-07-20","Night","8:06 PM","11:51 PM","Lizard","Hoplocercidae","laticeps","Enyalioides","Varzea","Broad-headed Wood Lizard","LZ31","TBS","PUPL-04","Puma-Puma Plot","U","2024-07-20 20:06:00","2024-07-20","2024-07-20 23:51:00",3.75,"2024-07-20",411
"2024-07-23","Night","8:09 PM","10:46 PM","Lizard","Gymnophthalmidae","parietalis","Loxopholis","Terrafirme","Common Root Teju","LZ32","YRS","NAPO-02","Tinamou-Napo-Pantano-Botanico-Gran Ficus","G","2024-07-23 20:09:00","2024-07-23","2024-07-23 22:46:00",2.61666666666667,"2024-07-23",NA
"2024-07-23","Night","8:09 PM","10:46 PM","Lizard","Hoplocercidae","laticeps","Enyalioides","Terrafirme","Broad-headed Wood Lizard","LZ33","YRS","NAPO-02","Tinamou-Napo-Pantano-Botanico-Gran Ficus","U","2024-07-23 20:09:00","2024-07-23","2024-07-23 22:46:00",2.61666666666667,"2024-07-23",NA
"2024-07-25","Night","8:19 PM","10:44 PM","Lizard","Hoplocercidae","laticeps","Enyalioides","Terrafirme","Broad-headed Wood Lizard","LZ34","YRS","FPPE-05","Forest Plot North Edge-Forest Plot Interior-Forest Plot North Edge-Torre","U","2024-07-25 20:19:00","2024-07-25","2024-07-25 22:44:00",2.41666666666667,"2024-07-25",291
"2024-07-25","Night","8:19 PM","10:44 PM","Lizard","Hoplocercidae","laticeps","Enyalioides","Terrafirme","Broad-headed Wood Lizard","LZ35","YRS","TORR-01","Forest Plot North Edge-Forest Plot Interior-Forest Plot North Edge-Torre","U","2024-07-25 20:19:00","2024-07-25","2024-07-25 22:44:00",2.41666666666667,"2024-07-25",900
"2024-07-28","Night","8:27 PM","11:31 PM","Lizard","Anolidae","scypheus","Anolis","Terrafirme","Yellow-tongued Anole","LZ36","YRS","PERU-02","Peru-Ceiba","U","2024-07-28 20:27:00","2024-07-28","2024-07-28 23:31:00",3.06666666666667,"2024-07-28",738
"2024-07-28","Night","8:27 PM","11:31 PM","Lizard","Anolidae","scypheus","Anolis","Terrafirme","Yellow-tongued Anole","LZ37","YRS","PERU-01","Peru-Ceiba","U","2024-07-28 20:27:00","2024-07-28","2024-07-28 23:31:00",3.06666666666667,"2024-07-28",250
"2024-07-28","Night","8:27 PM","11:31 PM","Lizard","Hoplocercidae","laticeps","Enyalioides","Terrafirme","Broad-headed Wood Lizard","LZ38","YRS","CEIB-01","Peru-Ceiba","U","2024-07-28 20:27:00","2024-07-28","2024-07-28 23:31:00",3.06666666666667,"2024-07-28",490
"2024-07-31","Night","8:38 PM","11:53 PM","Lizard","Anolidae","trachyderma","Anolis","Terrafirme","Common Forest Anole","LZ39","YRS","TORR-01","Torre-Forest Plot North Edge-Forest Plot Interior","U","2024-07-31 20:38:00","2024-07-31","2024-07-31 23:53:00",3.25,"2024-07-31",900
"2024-07-31","Night","8:38 PM","11:53 PM","Lizard","Hoplocercidae","laticeps","Enyalioides","Terrafirme","Broad-headed Wood Lizard","LZ40","YRS","TORR-01","Torre-Forest Plot North Edge-Forest Plot Interior","U","2024-07-31 20:38:00","2024-07-31","2024-07-31 23:53:00",3.25,"2024-07-31",900
"2024-08-01","Night","8:07 PM","10:19 PM","Lizard","Hoplocercidae","laticeps","Enyalioides","Terrafirme","Broad-headed Wood Lizard","LZ41","YRS","TINA-02","Tinamou-Napo-Pantano-Botanico-Gran Ficus","U","2024-08-01 20:07:00","2024-08-01","2024-08-01 22:19:00",2.2,"2024-08-01",509
"2024-08-01","Night","8:07 PM","10:19 PM","Lizard","Gymnophthalmidae","parietalis","Loxopholis","Terrafirme","Common Root Teju","LZ42","YRS","TINA-02","Tinamou-Napo-Pantano-Botanico-Gran Ficus","U","2024-08-01 20:07:00","2024-08-01","2024-08-01 22:19:00",2.2,"2024-08-01",509
"2024-08-01","Night","8:07 PM","10:19 PM","Lizard","Gymnophthalmidae","parietalis","Loxopholis","Terrafirme","Common Root Teju","LZ43","YRS","TINA-02","Tinamou-Napo-Pantano-Botanico-Gran Ficus","G","2024-08-01 20:07:00","2024-08-01","2024-08-01 22:19:00",2.2,"2024-08-01",509
"2024-08-01","Night","8:07 PM","10:19 PM","Lizard","Anolidae","trachyderma","Anolis","Terrafirme","Common Forest Anole","LZ44","YRS","GRFI-01","Tinamou-Napo-Pantano-Botanico-Gran Ficus","U","2024-08-01 20:07:00","2024-08-01","2024-08-01 22:19:00",2.2,"2024-08-01",96
